:020000040800F2
:10000000000003205D0600080D2400080F240008EE
:100010001124000813240008152400080000000023
:10002000000000000000000000000000017A00084D
:100030001724000800000000917A000821730008CE
:10004000AD060008AD060008AD060008AD060008C4
:10005000AD060008AD060008AD060008AD060008B4
:10006000AD060008AD060008AD060008AD060008A4
:10007000AD060008AD060008AD060008AD06000894
:10008000AD060008AD06000819240008AD060008FA
:10009000AD060008AD060008AD060008AD06000874
:1000A000AD060008AD060008AD060008AD06000864
:1000B000AD060008AD060008AD060008AD06000854
:1000C000AD060008AD060008AD060008AD06000844
:1000D000AD060008AD060008AD060008AD06000834
:1000E000AD060008AD060008AD060008AD06000824
:1000F000AD060008AD060008AD060008AD06000814
:10010000AD060008AD060008AD060008AD06000803
:10011000AD060008AD06000835240008AD0600084D
:10012000AD060008AD060008AD060008AD060008E3
:10013000AD060008AD060008AD060008AD060008D3
:10014000AD060008AD060008AD060008AD060008C3
:10015000AD060008AD060008AD060008AD060008B3
:10016000AD060008AD060008AD060008AD060008A3
:10017000AD060008AD060008AD060008000000004E
:10018000AD060008AD060008AD060008AD06000883
:10019000AD060008AD060008AD060008AD06000873
:0C01A00041240008AD0600084D240008B2
:1001B00010B5054C237833B9044B13B10448AFF3A1
:1001C00000800123237010BD800300200000000088
:1001D0006C3E020808B5034B1BB103490348AFF35B
:1001E000008008BD00000000840300206C3E02086F
:1001F00001F0FF01102A2BDB10F0070F08D010F8D8
:10020000013B013A8B422DD010F0070F42B3F6D1DB
:10021000F0B441EA012141EA014122F007047FF0F4
:1002200000070023F0E80256083C85EA010586EA4B
:10023000010685FA47F5A3FA87F586FA47F6A5FA87
:1002400087F68EB9EED1F0BC01F0FF0102F0070293
:1002500032B110F8013B013A83EA010313B1F8D13E
:100260000020704701387047002D06BF354603381F
:10027000073815F0010F07D1013015F4807F02BF58
:10028000013015F4C03F0130F0BC0138704700BFA9
:100290007BB972B90029BEBF00204FF0004106E0D3
:1002A00008BF00281CBF6FF000414FF0FF3000F086
:1002B000D3B9ADF1080C6DE904CE002909DB002BA0
:1002C0001ADB00F04DF8DDF804E0DDE9022304B0AC
:1002D0007047404261EB4101002B1BDB00F040F80E
:1002E000DDF804E0DDE9022304B0404261EB4101A6
:1002F000524263EB43037047524263EB430300F007
:100300002FF8DDF804E0DDE9022304B0404261EBA0
:1003100041017047524263EB430300F021F8DDF8DE
:1003200004E0DDE9022304B0524263EB430370476B
:1003300053B94AB9002908BF00281CBF4FF0FF314C
:100340004FF0FF3000F088B9ADF1080C6DE904CE34
:1003500000F006F8DDF804E0DDE9022304B07047A0
:100360002DE9F047089D8E4604468846002B4AD169
:100370008A42174662D9B2FA82F64EB1C6F120031C
:1003800001FA06F820FA03F3B74043EA0808B4403C
:100390004FEA174E1FFA87FCB8FBFEF1230C0EFB49
:1003A000118843EA084301FB0CF29A4209D9FB1871
:1003B00001F1FF3080F0EA809A4240F2E780023992
:1003C0003B449A1AA3B2B2FBFEF00EFB102243EAA2
:1003D000024300FB0CFC9C4509D9FB1800F1FF32DD
:1003E00080F0D6809C4540F2D3803B44023840EAFE
:1003F0000140A3EB0C0300211DB1F3400022C5E92D
:100400000032BDE8F0878B4205D90DB1C5E9000186
:1004100000210846F5E7B3FA83F1002946D1734578
:1004200002D3824200F20581841A6EEB030201209E
:100430009046002DE5D0C5E90048E2E7002A00F02B
:100440009080B2FA82F6002E40F0A4808A1A030C43
:100450004FEA174E80B2BCB20121B2FBFEFC0EFB8C
:100460001C2243EA024304FB0CF29A4207D9FB1810
:100470000CF1FF3802D29A4200F2E080C4469B1A87
:10048000B3FBFEF20EFB123340EA034302FB04F41B
:100490009C4207D9FB1802F1FF3002D29C4200F2C5
:1004A000CA8002461B1B42EA0C40A5E7C1F12006A8
:1004B0008B4022FA06F71F430EFA01F420FA06F3E6
:1004C0002EFA06FE4FEA1749234300FA01F81FFAF5
:1004D00087FCBEFBF9F01C0C09FB10EE44EA0E444D
:1004E00000FB0CFEA64502FA01F209D93C1900F105
:1004F000FF3A80F09C80A64540F2998002383C4447
:10050000A4EB0E041FFA83FEB4FBF9F309FB1344BA
:100510004EEA044403FB0CFCA44508D93C1903F142
:10052000FF3E80F08280A4457FD9023B3C4443EAF1
:100530000040A4EB0C04A0FB02EC64457346E146CA
:1005400062D35FD05DB1B8EB030264EB090404FA37
:1005500006F622FA01F31E43CC40C5E900640021EF
:100560004FE7B1FBF2FC010C41EA0E4180B240EAD8
:1005700001423B4638463C46B846BE462026B1FBC3
:10058000F7F1A2EB080241EA0C4166E7014618E7E1
:1005900010462CE7C6F120022EFA02F3B740B14014
:1005A00020FA02F24FEA174E0A43B3FBFEF8BCB240
:1005B0000EFB1833110C41EA034108FB04F9B0406B
:1005C00089454FEA104380B23ED9791808F1FF3CC3
:1005D00001D289451FD8A1EB0901B1FBFEF909FB46
:1005E00004F80EFB191192B242EA0142424529D2A7
:1005F000BA1809F1FF31C4D24245C2D2A9F10201B1
:100600003A44BEE7F0459DD2BEEB02036CEB070C0B
:100610000138E14696E7A7EB09094944A8F1020C25
:10062000B1FBFEF909FB04F8DBE773467FE75046B0
:1006300066E70846FDE63B44023A33E7ACF1020CBC
:100640003B441CE749469CE7A1EB0901C446B1FBCA
:10065000FEF909FB04F8C4E7704700BFDFF834D0A7
:10066000002103E00C4B5B58435004310B480C4B0A
:1006700042189A42F6D30B4A02E0002342F8043BA8
:10068000094B9A42F9D304F0F5F922F081FE01F00A
:10069000AFF87047000003206CE60208000000205D
:1006A00080010020800300208C420120FEE770477B
:1006B00008B500F0BBFDBDE8084000F03FBD00F00C
:1006C000B7BD704710B50421044621F074FC2046E4
:1006D00010BD000038B50C4B0C4C18800C4B822020
:1006E00019806368984740F6110398420AD1094D72
:1006F00023682C60822098472B688220DB6898470B
:10070000002038BD0120FCE7A6030020680000207F
:10071000A4030020A80300204FF4A071F020FFF7ED
:10072000D9BF0000F7B5394D2B6804461B698220FC
:100730009847208000284ED02B680DF106025B6997
:1007400001A982209847324B1B78002B4BD0BDF873
:10075000062040F674639A423FD9ADF80630BDF8E2
:1007600006209B1A9BB20A2B42D90B22B3FBF2F351
:10077000284A1288934201D9013A93B2BDF8042065
:10078000254840F6B8318A4234D8C2F571620E323B
:10079000016892B20F25B2FBF5F2204D2D88AA42D6
:1007A00084BF05F1FF35AAB28A4215468EB22AD916
:1007B000921B91B21A4E3768BB42BAB28CBF9A1ADA
:1007C000D21A92B211440529C4BF05603360036890
:1007D00063803368A38003B0F0BDB32A9CBFB4220A
:1007E000ADF80620BBE7BDF80630A3F5B473B9E752
:1007F0000023C3E7C2F56D62083292B20E2A016887
:10080000C8D800252A46891A89B2D3E7A803002050
:10081000E8220020A4030020A0030020A60300205B
:100820009C03002037B568460D461446FFF77AFF53
:10083000BDF8000030B1BDF802302B60BDF80430C7
:100840002360012003B030BD032821D8DFE800F089
:10085000020B12190F4B1A68B2FA82F252090421E4
:100860000D4804F073BD0B4B5A68B2FA82F252097C
:100870000821F5E7074B9A68B2FA82F25209102173
:10088000EEE7044BDA68B2FA82F252092021E7E778
:10089000704700BFAC03002000100240032821D89D
:1008A000DFE800F0020B12190F4B1A68003A18BF6C
:1008B000012204210D4804F049BD0B4B5A68003A4F
:1008C00018BF01220821F5E7074B9A68003A18BFC4
:1008D00001221021EEE7044BDA68003A18BF01222A
:1008E0002021E7E7704700BFAC0300200010024062
:1008F00003280DD8DFE800F00206080A04210548A5
:1009000004F029BD0821FAE71021F8E72021F6E7D5
:10091000704700BF0010024008B5032811D8DFE877
:1009200000F0020A0C0E0421074804F009FD431EE2
:100930005842584108BD0821F6E71021F4E720216C
:10094000F2E70020F3E700BF0010024070B5084D49
:1009500000240126E0B2FFF7DFFF18B12B68012B5E
:1009600018BF2E600134052C05F10405F2D170BDCD
:10097000AC030020012380F8781080F879307047AC
:100980007047002070470000034B4164003918BFD6
:1009900001211970704700BF4B35012070470020BE
:1009A0007047836B0BB10846184770474FF6FF70CE
:1009B0007047406803689B691847704770477047E5
:1009C0007047704710B5044600F048FD236803499E
:1009D000D3F890302046BDE810401847000000D002
:1009E00008B503680446D3F8843098472368204646
:1009F000DB6F984700F0ECF8236820465B6F984760
:100A0000292001F0C3F900F0E3F8236820465B6F6A
:100A10009847F8E710B5044609F0E8FD236820463A
:100A2000D3F8BC30BDE81040184700F0FBBC00F024
:100A3000FFBC00F031BD00F0D1BC00F041BD00F0C2
:100A400049BD00F0D5BC08F0FFBF10B584210446B5
:100A500021F0B1FA204610BD10B590F8341090F88E
:100A600078400C4B8C421A7809D03AB90A4A0B49A3
:100A70001488088810800C8001221A7010BD002A8A
:100A8000FCD0054A05491488088810800C80002293
:100A9000F3E700BF443501204035012042350120F5
:100AA00070B50D46194635B9094B0A4A0A4840F255
:100AB000FF2122F0BDF9C0E90F52084B003A18BFE0
:100AC00001221A700368BDE87040D3F890301847CF
:100AD000DC3E0208143F0208623F02084A3501204A
:100AE00008B5094B1B888B4203D8084B1B889342DF
:100AF00005D9074B074A0848A32122F099F9074B6B
:100B00001980074B1A8008BD40350120423501206D
:100B1000A73F02080A400208623F0208463501204A
:100B200048350120034690F87A0018B158680368E8
:100B30001B68184770470000012108B500220846CD
:100B400006F078FC0A4B186028B90A4B0A4A28219B
:100B50000A4822F06DF900220421012006F009FD67
:100B6000074B186018B9074B034A2C21F0E708BD62
:100B7000C00300204D40020896400208C54002080C
:100B8000BC03002018410208024B4FF0FF311868E7
:100B900006F09ABCC0030020014B186806F0C0BCE8
:100BA000C0030020024B0021186806F08DBC00BF76
:100BB000C0030020FFF7F0BF03480449006800238A
:100BC0001A4606F011BD00BFBC030020040000203F
:100BD00013B5084C00231A4601A9206806F035FD1C
:100BE00020684FF0FF33002201A906F02EFD02B06D
:100BF00010BD00BFBC03002003685B6C18470120D8
:100C0000704703689B6A1847FEE740F2EF30704771
:100C1000054B0360054B4FF08062C3F88820BFF39B
:100C20004F8FBFF36F8F7047184B020800E100E051
:100C300010B504464FF45A61FFF7EAFF204621F051
:100C4000BAF9204610BD000082B0002301930E4B7C
:100C50001A6B42F400021A631A6B02F4000201924A
:100C6000019A1A6942F400021A611A6922F4000218
:100C70001A61064B064A1A61064A5A61064B4FF042
:100C800080629A6002B07047003802407C240020E5
:100C9000E90E0008090C000800E100E008B50A2888
:100CA00009D8DFE800F006100E0808080810101038
:100CB0001000022008BD054B054A0648902122F08D
:100CC000B7F80020F6E70120F4E700BF5A41020818
:100CD00075410208C041020838B50C46887FFFF70D
:100CE000DDFFA58AE28A164B2169586342EA054274
:100CF0005A64628BD963521B1A642568082D0ED181
:100D00009A611A615862207F0E4A42EA0062DA61F3
:100D1000E2681A620C4A5961D9601A6038BD002233
:100D2000D8611A61E1680A0A480902F4784200F4BD
:100D3000FC600243C1F3C4010A439A63034AECE72F
:100D400000B002400900010001230200012303005A
:100D500008B50B280BD8DFE800F00612100A0A0AC3
:100D60000A0808080808022008BD0520FCE7054B12
:100D7000054A06486F2122F05BF80020F4E70120C5
:100D8000F2E700BF5A41020811420208C0410208BE
:100D90002DE9F04191F81D800C464046FFF7D8FF41
:100DA000A77F05463846FFF7D3FF06463846FFF7CC
:100DB00075FFA18A628B444B521A1A649A61228B86
:100DC000521A1A61E28A586342EA01425A6421695E
:100DD0006268D963DA602068802828D0227F0FD823
:100DE000202867D0402865D004281AD0364B45EA21
:100DF000026545F40035B845DD6161D0334A44E011
:100E0000B0F5807F04D0B0F5007FEFD1304800E02E
:100E1000304840EA0262DA61E2681A625E62596151
:100E200032E045EA026242F40032DA61F6E7A06895
:100E3000021DDA62227F45EA026545F40035DD6174
:100E40005E625961017841B1012921D0224B234AC8
:100E500023484FF48D7121F0EBFFDA69418822F4C9
:100E60007F42013922F0100242EA0122DA610121B7
:100E7000154BDA6942F02002DA61DA699206FCD495
:100E800010229A600029B9D0164A1A60BDE8F08194
:100E9000B2F1FF01DA69408822F47F4200F1FF30AD
:100EA00022F0100242EA002242F0100218BF012193
:100EB000DA61DDE745EA0262034B42F40032B4E74F
:100EC00042F20132E1E700BF00B00240012301001D
:100ED000090002000A0002005B4202087542020893
:100EE000C041020801230200024B1B6858680368D6
:100EF0005B6918474C35012070B5044625460A4BFE
:100F00000C30002660602672667245F8203B602235
:100F1000294609F0C1FC04F55A63EE6024359D4270
:100F2000FBD1204670BD00BF184B0208034B1A6866
:100F3000D207FCD423229A60704700BF00B0024061
:100F40007047000030B50F4C2568ED07FCD4232511
:100F50000904A56041F001010225FF2B656361646E
:100F6000E0630AD00849656241EA0363E361074B25
:100F700022626061E060236030BDE561039BA36392
:100F8000034BF8E700B00240090001000100020035
:100F90000100030030B50E4C2568ED07FCD4232575
:100FA0001204A56042F001020225FF2B6563626412
:100FB000E063E16008D01B0643F00213E361054BD8
:100FC00065626061236030BD034BE3610123F9E793
:100FD00000B0024001000200020002FF30B50B4CDD
:100FE0002568ED07FCD4232512041B06A56043F4F5
:100FF0000033022542F0010265636264E063E16050
:10100000E361034B65626061236030BD00B0024064
:1010100001000200012070470C2070470C2303FBE5
:101020000100083070470C2303FB010008307047B3
:10103000012070474FF45D6070474FF45D6303FB20
:101040000100083070474FF45D6303FB0100083076
:101050007047012070471020704700EB01100830E6
:10106000704700EB011008307047084602F054BA90
:1010700010B5034B0360044608F03DFA204610BD4E
:10108000D04B020810B50446FFF7F2FF20461421AA
:1010900020F091FF204610BD10B5034B03600446BD
:1010A00008F029FA204610BD9C4B020810B50446F2
:1010B000FFF7F2FF204640F6D85120F07CFF204693
:1010C00010BD000010B5034B0360044608F013FA8E
:1010D000204610BD684B020810B50446FFF7F2FF2A
:1010E0002046182120F067FF204610BD10B5084BA0
:1010F0000360044600F60460FFF7BAFF04F12C0019
:10110000FFF7CAFF04F11400FFF7DCFF204610BD13
:10111000044C020808B50248FFF7E8FF08BD00BF0D
:101120009C12002010B50446FFF7E0FF204640F671
:10113000787120F040FF204610BD00002DE9F341FA
:1011400001F0F8F9054601F0F9F9002401462346BB
:1011500028462246009411F09BFE274B274A1A602E
:10116000204602F095FE264D264B274A27489A60D6
:1011700011F0F6FD2B68BFF35B8FDB0735D42846F3
:1011800020F01BFF88B3224C224B236004F61C6620
:1011900004F1140004F12C0804F604676060C4F83C
:1011A0000880E760266108F0A7F91B4B63614046A1
:1011B00008F0A2F9194BE362384608F09DF9184B84
:1011C000C4F8043E04F6186003F0E6F8224604F67C
:1011D0001861304603F098F8304602F09DF9114846
:1011E00021F044FE284620F0F4FE0F4802B0BDE88E
:1011F000F041FFF7E7BB00BFB035012048040020F5
:1012000098120020680400204C04002008000020F0
:101210009C120020044C0208684B02089C4B0208F8
:10122000D04B020815110008C403002070470000CD
:101230000148FFF7D5BB00BFC403002070B5264EA0
:10124000264C274D274B23603046FFF755FE284696
:1012500016F024FF24480FF02BFB244B2448DC60BD
:1012600000224FF48071C3E9121222491A86C3E9A1
:101270001A12214983F85820C3E91E011F49C3F8F7
:1012800080101F491F480B60F021C3E90422C3E905
:101290000622C3E90822C3E90A22C3E90E22C3E9F0
:1012A0001022C3E91422C3E917225A6683F870207A
:1012B0005A67C3E9016501801348018013484FF460
:1012C000A07101801248018012490A70012283F83E
:1012D0003420114A1A6070BDF404002094120020DA
:1012E00068040020CC3E02084C040020C403002007
:1012F0000000010101000001000450001A00140068
:101300004C35012040350120463501204235012071
:1013100048350120443501202C4A02080148FFF7D6
:1013200077BC00BFF4040020002070478180704724
:10133000C180704701817047418170477047704795
:1013400070477047704710B4C4880368121B8488C4
:101350005B6D091B12B25DF8044B09B218474FF6DA
:10136000FF7383814FF0FF3303621368C361106022
:101370007047002070478B8883800120704770473A
:1013800080F82610704790F82600704710B50022AC
:10139000B1F90840B1F90A10028042808480C1800E
:1013A00010BD0022028042808280C2807047017797
:1013B000704780ED080A704780F82410704780F865
:1013C0002510704701207047983070478C30704767
:1013D000843070477047704770470000034B90227D
:1013E00083F85A2383F85823704700BF00E100E0D8
:1013F000094A0A49D3680A48C3F30A03013B9BB26E
:101400000B801169C1F30A01013901801364536B28
:1014100043F0010353637047006801401622002027
:1014200014220020014BD3F8AC0070470068014043
:10143000024B0122C3F8AC105A62704700680140A9
:1014400010B52C21044620F0B6FD204610BD10B585
:10145000BC21044620F0AFFD204610BD70B5044607
:1014600008F047FB23689D6E0DF0BAFF0146204649
:10147000A8472368054AD3F88C502046AC46002381
:10148000BDE87040A2F51631604700BF00B004D03F
:1014900008F016BB08F020BB08F0DCBA08F04BBC23
:1014A00090F8252012B103685B691847704790F8DF
:1014B00025201AB190F8242002B11860704700006E
:1014C000034B4FF080629A604FF080729A607047D1
:1014D00000E100E0084B4FF08062C3F88820BFF3C2
:1014E0004F8FBFF36F8F4FF08072C3F88820BFF328
:1014F0004F8FBFF36F8F704700E100E070B500239E
:10150000124E8380124B0360336893F858200546CF
:101510000AB1D86C00B998680368DB6A98473368E9
:10152000B0FA80F4D86C640930B10368DB6A98477C
:10153000002808BF44F001042CB9064B064A0748AE
:101540002C2121F075FC284670BD00BF4C350120D0
:10155000184C0208B3420208114302084A43020829
:1015600070B5254E3568BFF35B8F15F0010540D18E
:10157000304620F022FD00283BD0204C204B256136
:1015800004F13400C4E90035C4E90255E584A562DC
:10159000A5850FF072FC04F158000AF031FE194BDA
:1015A000A3652046184B40F8843BFFF7A7FF174B75
:1015B000C4F884302433C4F88C304FF4C803C4E931
:1015C00028350023C4F8AC30C4F8B030C4F8B430C7
:1015D000C4F8B8300E480F4BC4F89050C4F89C5073
:1015E000C4F8A850C4F8983021F040FC304620F0F0
:1015F000F0FC024870BD00BF182200201C22002011
:1016000034550208384C0208B04C0208E85402086D
:10161000D9130008C854020838B5184C23685BB3C6
:10162000174B184A1B6C11888B4216D1164B198820
:1016300004F094FC236893F86A200025013283F8B3
:101640006A2083F87C50FFF7B7FA206808F0CEFFD5
:101650002846BDE83840FFF7F7B804F07FFC24685F
:10166000236820461B6A9847012384F87C300020B9
:10167000BDE83840FFF712B938BD00BF4C35012036
:1016800000680140162200201422002007B5064BF6
:10169000ADF806001B68054801220DF1060105F0B2
:1016A000FDF903B05DF804FB0C00002028230020A6
:1016B00008B5642005F0B2FEFBE70000204A904226
:1016C00013B5204C2ED103F0C9FA1F4B18802368A4
:1016D000013323602368022B22D11B4A1388A3F510
:1016E00000631BB2B3F5967F24DC13F5967F23DBF2
:1016F0005388A3F500631BB2B3F5967F1EDC13F588
:10170000967FB4BF0223042310488DF807300023CE
:101710001A4600680DF1070105F066FF00232360FB
:1017200002B010BD0A4A9042D4D103F097FA064B9A
:101730005880CCE70423E7E70323E5E70123E3E749
:101740000C250020D8220020E4220020E0220020E6
:10175000C424002030B595B0102200210AA821F041
:101760006EFD1422002103A821F069FD00241E4B08
:1017700001941A6C42F080521A641B6C03F080537F
:101780000193019B194B02941A6842F440421A607B
:101790001B6803F4404302930122029B4FF4803301
:1017A000CDE9082302254FF480030821CDE90E532B
:1017B0004FF4B473CDE9101308A8042313931295C2
:1017C00004F024FC04F0E8FB0F23CDE903354FF4CB
:1017D000A0504FF48053CDE90603052103A80594DA
:1017E00004F0F0FD15B030BD00380240007000403C
:1017F0002DE980489BB003F04BF9FFF7ABFF1422B3
:1018000000210DA821F01BFD0024C84B00941A6B89
:10181000C748C84D42F010021A631A6B02F010025A
:101820000092009A01941A6B42F020021A631A6B1C
:1018300002F020020192019A02941A6B42F0800297
:101840001A631A6B02F080020292029A03941A6BD6
:1018500042F004021A631A6B02F004020392039A24
:1018600004941A6B42F001021A631A6B02F001022F
:101870000492049A05941A6B42F002021A631A6BDE
:1018800002F002020592059A06941A6B42F0400299
:101890001A631A6B02F040020692069A07941A6BBA
:1018A00042F008021A631B6B03F0080322460793F9
:1018B0003C21079B03F04AFD9F480122022103F0CF
:1018C00045FD22469C48042103F040FD22469B48EA
:1018D0004FF4405103F03AFD01263C23CDE90D368B
:1018E00093480F9403230DA90227109303F044FC9F
:1018F00091480DA9CDE90D76CDE90F4403F03CFCEC
:1019000004238D480DA9CDE90D36CDE90F4703F02D
:1019100033FC0DA94FF440538848CDE90D36CDE98D
:101920000F4703F029FC8648864B036003F01AFB3F
:101930008548864B2C62C5E900034FF48043284656
:10194000C5E90434C5E90244C5E9064403F00CFFC7
:101950001021284604F050F92146284604F06BF97E
:101960007B4DDFF80CC2AC624FF48273C5E900C353
:101970004FF4007E1823C5E906E328460A23C5E98B
:101980000244C5E90444C5E90844EB6205F02AF8BD
:101990008F232246394668488DF824308DF834402C
:1019A00003F0D4FC32464FF47A7309A9284605F0B7
:1019B00075F84FF47A7332460DA9284605F01AFAE5
:1019C000324639465C48634D03F0C0FC9DF8343024
:1019D000D32B04BF604B1E70604B0126C5E9003657
:1019E0004FF0100840230024C5E904834FF4C0736E
:1019F000C5E906344FF40063C5E908344FF40053D9
:101A00004FF0020A04274FF0030BAB620DA9072326
:101A10002846CDE90DA3CDE90F734FF00809CDE9B4
:101A200011BAC5E90247CDF84CA004F0BFFE4FF64D
:101A3000FF7209A92846CDE90A96089409960C94E4
:101A400004F0D4FE304603F04FF84FF6FF7209A9B8
:101A50002846CDE909A9CDE90B6404F0C7FE4FF68D
:101A6000FF7209A92846CDE909B9CDE90B7404F044
:101A7000BDFE4FF40C730893089B0C934FF6FF7256
:101A800009A92846CDE909790B9604F0AFFE40F28A
:101A90006A51284604F0C8FE342221460DEB0200AC
:101AA00021F0CDFB2E4D2F4B2C61C5E900340923CD
:101AB000C5E905361D23C5E9073B40F20D1240F28A
:101AC0004313C5E9092340F2171140F24713284692
:101AD000C5E90B13C5E90244AC8685F8364004F02D
:101AE00045F9FF21F022CDE912144FF005094FF41A
:101AF00080614FF4A073CDE90E24CDE91419CDE92E
:101B000016420DA922462846CDE9103A164D1893E3
:101B10000D94ADF864408DF8664004F0F2F9134B73
:101B20002B601B6898472B6824E000BF00380240F8
:101B3000001002402824002000080240000C02404F
:101B4000BC24002000300240005C0040A086010060
:101B500028230020F4220020E8220020400100A0D9
:101B60008023002000680140DC220020300000209B
:101B7000005001403A4DDB6898473A4B2846C5E98A
:101B80000034C5E902A4C5E90A4AC5E90C4403F0DA
:101B9000F9F93146284603F0ABFA334DDFF8F8A0E7
:101BA000424621460DA821F04AFB304BAC604FF471
:101BB000803B2846C5E9003B2C612C7685F8204007
:101BC000EC62C5F828A0EC60EE6185F830406E61EB
:101BD00002F09EFF0D230DA92846CDE90D36244DB8
:101BE0000F9403F0CFF8424621460DA821F027FBC1
:101BF000204BAC602846C5E9003BC5E90AA42C612E
:101C00002C7685F82040EC60EE6185F830406E61FE
:101C100002F07EFF0DA92846CDE90D960F9403F042
:101C2000B1F8FEF745FDFEF742FD05F087FB124ACD
:101C30003146384605F09DFC104B114A186021468C
:101C4000104805F0A7FB104B104A186021461048B9
:101C500005F0A0FB0F4B186005F082FBFEE700BF0C
:101C60007C24002000B002400C2500200020014010
:101C7000C42400200021014014000020E0220020A4
:101C8000184D0208B1160008F0220020F44C02089A
:101C9000BF060008EC2200200100000F70477047CB
:101CA0007FB5094B8DF817201B6802930DF11702C1
:101CB0000123009201930A460146044803F0FCFD0B
:101CC00007B05DF804FB00BF1000002028240020AE
:101CD0007FB500238DF81730084B1B6802930A4626
:101CE00001230DF11701009101930146044803F00F
:101CF00073FE9DF8170007B05DF804FB100000208C
:101D0000282400201FB5084C24680092CDE9013436
:101D10000A4601230146054803F05EFE003818BF5D
:101D2000012004B010BD00BF1000002028240020B6
:101D300002F0DABE10B5064C00222046042103F062
:101D400005FB20460122BDE81040042103F0FEBA45
:101D50000008024038B50B4D044601220A484FF4F2
:101D6000005103F0F3FA00220421284603F0EEFAB2
:101D70002046FFF78BFC28460122BDE838400421AD
:101D800003F0E4BA00080240000C024038B50B4DE5
:101D9000044600220A484FF4005103F0D7FA00220B
:101DA0000421284603F0D2FA2046FFF76FFC2846AC
:101DB0000122BDE83840042103F0C8BA00080240FF
:101DC000000C0240F7B5144E144F05460C46304641
:101DD0000022042103F0BAFA00224FF400513846E1
:101DE00003F0B4FA2846FFF751FC0D4B0D481B6871
:101DF000224601A904F0FEFF384601224FF40051AB
:101E0000019C03F0A3FA30460122042103F09EFA5C
:101E1000204603B0F0BD00BF00080240000C0240A5
:101E20000C0000202823002002F05EBE0268034B55
:101E30009A4201D102F046BE704700BF0010004038
:101E40007047000082B00E4B00220092596C41F4A2
:101E500080415964596C01F48041009100990192CC
:101E6000196C41F0805119641B6C03F0805301938D
:101E7000019B0F216FF0010002B003F033B800BFE7
:101E80000038024010B514228AB0044600210DEB40
:101E9000020021F0D4F92368254A934227D1254B2B
:101EA0002548002401945A6C42F480725A645A6C9A
:101EB00002F480720192019A02941A6B42F00402B9
:101EC0001A631B6B03F0040302930821029B032394
:101ED000CDE9051305A903F04FF91220224605218B
:101EE00003F000F8122003F02FF80AB010BD134AD7
:101EF0009342FAD10F4B1248002403945A6C42F4D7
:101F000000725A645A6C02F400720392039A0494A9
:101F10001A6B42F001021A631B6B03F00103049376
:101F2000049B20220323CDE9052305A9D3E700BFA5
:101F3000002001400038024000080240002101401A
:101F4000000002400268094B9A4282B00BD1002384
:101F50000193074B1A6B42F480521A631B6B03F414
:101F600080530193019B02B0704700BF00300240D4
:101F70000038024007B50F4B02689A4216D1002282
:101F8000A3F5F0430192196B41F4000119631B6B37
:101F900003F40003019305215A20019B02F0A2FFE4
:101FA0005A2003B05DF804EB02F0CEBF03B05DF839
:101FB00004FB00BF00B002402DE9F043044689B0A5
:101FC0001422002103A821F03AF92268244B9A42F6
:101FD00043D1244C244800250095236B43F004038F
:101FE0002363236B03F004030093009B0195236B91
:101FF00043F001032363236B03F001030193019B6F
:102000004FF012094FF400734FF001080327042624
:1020100003A9CDE90339CDE90587079603F0ACF8AC
:102020004FF480731148079603A9CDE90339CDE930
:10203000058703F0A1F80295236C43F400032364A1
:10204000236C03F400030293029B236A43F400030E
:102050002362236A23F40003236209B0BDE8F083FE
:10206000005C0040003802400008024000000240CE
:10207000F0B599B004461422002107A821F0DFF83A
:1020800030220DEB0200002121F0D9F822685E4BCE
:102090009A4240F0B78008230C93C0231093042386
:1020A00012930CA84FF40033159304F053FA08B1BF
:1020B000FFF7C6FE554B5648002400945A6C42F078
:1020C00080625A645A6C02F080620092009A019415
:1020D0001A6B42F020021A631A6B02F0200201927E
:1020E000019A02941A6B42F001021A631A6B02F011
:1020F00001020292029A03941A6B42F002021A63DE
:102100001A6B02F002020392039A04941A6B42F0D3
:1021100040021A631A6B02F040020492049A05947A
:102120001A6B42F004021A631A6B02F00402059261
:10213000059A06941A6B42F008021A631B6B03F0AF
:102140000803069302250E26069B0B964FF4806328
:1021500007A9CDE90735CDE9094503F00DF841F6AA
:1021600058032C480B9607A9CDE907350927CDE977
:10217000094503F001F8032327480B9707A9CDE988
:102180000735CDE9094502F0F7FF4FF470632248A7
:102190000B9607A9CDE90735CDE9094502F0ECFF1B
:1021A0004FF40C631D480B9607A9CDE90735CDE91F
:1021B000094502F0E1FFC02319480B9607A9CDE9B4
:1021C0000735CDE9094502F0D7FF082315480B96DE
:1021D00007A9CDE90735CDE9094502F0CDFF4FF458
:1021E000A0530E480B9707A9CDE90735CDE909455E
:1021F00002F0C2FF58202246052102F073FE58204B
:1022000002F0A2FE19B0F0BD0068014000380240A3
:102210000014024000000240000402400018024086
:1022200000080240000C024010B5044688B0142299
:10223000002103A821F003F82268144B9A4223D10D
:1022400003F56843002101915A6C114842F4801251
:102250005A645A6C02F480120192019A02911A6B2C
:1022600042F020021A631B6B03F020030293029BCF
:102270004FF4607202230321CDE903230523CDE946
:10228000061303A902F078FF08B010BD005001400A
:10229000001402402DE9F04186B0002303932B4B3C
:1022A0001C68002C4FD14FF00108C3F80080284B68
:1022B00000949A6B274842EA08029A639B6B03EAF0
:1022C00008030093022703260C25009B01A94FF663
:1022D0003F03CDE90137CDE9046502F04DFF1E480B
:1022E000059501A9CDE90187CDE9034602F044FF38
:1022F00048F233131948059501A9CDE90137CDE915
:10230000034602F039FF4FF683731548059501A97E
:10231000CDE90137CDE9034602F02EFF4CF20373FD
:102320001048059501A9CDE90137CDE9034602F032
:1023300023FF60230C48059501A9CDE90137CDE9BC
:10234000034602F019FF06B0BDE8F08154250020D5
:102350000038024000140240000802400018024009
:1023600000100240000C02400004024070B588B02A
:1023700000230293204B1A6C42F010021A641B6C6B
:1023800003F010030293054601A903A8029B04F081
:10239000C3F8069B4BBB04F0AFF8184E184B3360E4
:1023A00040F2E733F360174BB0FBF3F3013B73608C
:1023B000304600233361B360B36104F0EBFE0446A2
:1023C00080B9304604F0BCFD044658B9362002F00E
:1023D000BBFD0F2D0DD822462946362002F082FD86
:1023E000094B1D60204608B070BD04F085F8400020
:1023F000D3E70124F6E700BF00380240582500204B
:102400000010004040420F00980000207047FEE797
:10241000FEE7FEE7FEE7704708B5044802F023FC3C
:10242000BDE80840024802F01EBC00BF0C25002099
:10243000C4240020014804F0C1BD00BF582500207D
:10244000014803F001BD00BF80230020014802F0D5
:10245000C5BD00BF7C2400200120704708B520F0D6
:1024600091FF162303604FF0FF3008BD08B520F040
:1024700089FF16230360FEE770B50D4614460E462D
:10248000731B9C4201DC204670BDAFF3008006F850
:10249000010BF5E770B50D4614460E46731B9C42C2
:1024A00001DC204670BD16F8010BAFF30080F5E7A4
:1024B0004FF0FF3070474FF400534B6000207047DF
:1024C00001207047002070470A4A116808B503468A
:1024D00009B9094911601068694603448B4206D95D
:1024E00020F050FF0C2303604FF0FF3008BD136055
:1024F000FCE700BFA025002090420120704710B5E6
:10250000042104461FF057FD204610BD012908B5DF
:1025100006D0022908D059B901F006FD006808BDAF
:1025200001F002FD4068FAE701F0FEFC8068F6E782
:102530000020F4E700487047504D02080220704721
:10254000806A7047704730B5036885B06D46018179
:10255000D3F88430014604462846984795E807009A
:102560003C3484E8070005B030BD30B5036885B061
:102570006D464181D3F88430014604462846984789
:1025800095E807003C3484E8070005B030BD002220
:10259000028042808280C280704780F83610704787
:1025A00070B5036804461B6B154698472368294697
:1025B00020465B6EBDE87040184700207047806C75
:1025C000704770477047704710B5082104461FF0E8
:1025D000F2FC204610BD10B54C2104461FF0EBFC68
:1025E000204610BD10B540F6EC2104461FF0E3FC78
:1025F000204610BD08B5FEF753FF08BD036870B54F
:102600005E6B124B1B6804468DB22BB9104B114AFE
:102610006C21114820F00CFC1049828D09889142F0
:1026200003D80F4B0B4A6D21F3E713F812200D4B23
:102630001B6853F8220003681B6B9847291A33461E
:10264000204609B2BDE87040184700BFA4350120FC
:10265000D0430208124402084D440208A835012064
:1026600094440208AC350120074A02600022C0E908
:102670000122C0E90322C0E90522C0E907224FF484
:1026800080728284704700BF285802082DE9F0410B
:102690001D460368BDF918701B6B04461646984723
:1026A0002368314620465B6B9847236829462046BD
:1026B0009B6B9847236839462046DB6BBDE8F041A9
:1026C0001847000010B50446FFF7CEFF024B236009
:1026D0000023A362204610BD0854020810B526222C
:1026E0000446002120F0ABFD2046FFF7BDFFFF238D
:1026F000044A84F826300023A3622260E362238622
:10270000204610BDF056020800224FF0FF31C0E90C
:1027100000218260704710B50446FFF7F5FF2046A0
:1027200010BD000038B526220446002120F087FDA8
:102730002046FFF799FF0B4B23600B4BA3624FF62C
:10274000FF730025A3854FF47F03C4E90C5325874D
:1027500004F13C00FFF7D8FF044B2360A56420463A
:1027600038BD00BFF8550208804D0208904D0208A0
:102770002DE9F04F0446BBB0FFF7A4FF2246D74B2C
:1027800042F82C3B04F1580610460392FFF79AFFDB
:102790003046FFF7A3FF04F18C0318460493FFF7BC
:1027A000C1FF04F1D80318460593FFF78BFF04F52A
:1027B000827318462393FFF791FF04F59C73184624
:1027C0000693FFF7AFFF04F5C27318460793FFF7B0
:1027D00079FF04F5D87318462493FFF77FFF04F5BB
:1027E000F27318460893FFF79DFF04F50C73184623
:1027F0000993FFF767FF04F5177318462593FFF752
:102800006DFF04F5247318460A93FFF78BFF04F558
:10281000377318460B93FFF755FF04F542731846BC
:102820002693FFF75BFF04F54F7318460C93FFF7F1
:1028300079FF04F5627318460D93FFF743FF04F523
:102840006D7318462793FFF749FF04F57A7318460E
:102850000E93FFF767FF04F2344318460F93FFF718
:1028600031FF04F58C6318462893FFF737FF04F215
:10287000944318461993FFF755FF04F59C631846D7
:102880001093FFF71FFF04F20C5318462993FFF72C
:1028900025FF04F5A86318461A93FFF743FF04F2D7
:1028A0008C5318461193FFF70DFF04F5B7631846D4
:1028B0002A93FFF713FF04F2EC5318461B93FFF71C
:1028C00031FF04F5C76318461293FFF7FBFE04F2CD
:1028D000646318462B93FFF701FF04F5D363184692
:1028E0001C93FFF71FFF04F2E46318461393FFF7EE
:1028F000E9FE04F5E26318462C93FFF7EFFE04F2BD
:10290000447318461D93FFF70DFF04F5F263184654
:102910001493FFF7D7FE04F2BC7318462D93FFF70C
:10292000DDFE04F5FE6318461E93FFF7FBFE04F67A
:102930003C0318461593FFF7C5FE04F668031846D6
:102940002E93FFF7CBFE04F69C0318461F93FFF768
:10295000E9FE04F6E80318461693FFF7B3FE04F603
:10296000141318462F93FFF7B9FE04F648131846C0
:102970002093FFF7D7FE04F6941318461793FFF73A
:10298000A1FE04F51C6318463093FFF7A7FE04F67A
:10299000F41318462193FFF7C5FE04F52463184687
:1029A0001893FFF78FFE04F66C2318463193FFF758
:1029B00095FE04F52A6318463C252293FFF7B2FEE4
:1029C00000224FF0F013A360039800952B461146A8
:1029D000FFF75CFE00222B46114630460095FFF7BC
:1029E00055FE3F4B3F4A0398DFF8FCB04FF0050817
:1029F0004FF00F09C4E920323146A4F8888006F070
:102A00008DFD0498CDF800902B4617220021FFF78A
:102A10003DFED4F88C300499D3F8843000264FF072
:102A20007F4A32A8C4F8BCA0A4F8C060984732A975
:102A300007C937AF04F1C80383E8070012230498DD
:102A4000ADF8E0303946CDF8DCB009F071FFDDE9D2
:102A5000030106F063FD0399204606F05FFD05982B
:102A600000952B4632462946FFF710FE2398009525
:102A70002B4632463146FFF709FE194B194A239976
:102A80000598A4F83481C4E94B3206F047FD069856
:102A9000CDF800902B4617223146FFF7F7FDD4F80A
:102AA00038310699D3F88430C4F868A132A8A4F864
:102AB0006C61984732A907C904F5BA7383E8070027
:102AC0000698CDF8DCB03946ADF8E09009F030FF5B
:102AD000DDE9050106F022FD08E000BF204E0208F6
:102AE00098CCEDFFDAE0E6FF804D0208059920461C
:102AF00006F014FD079800952B4632467821FFF723
:102B0000C5FD249800952B4632463146FFF7BEFDA1
:102B1000CE4BCF4A24990798A4F8E081C4E97632D5
:102B200006F0FCFC0898CDF800902B4617223146A1
:102B3000FFF7ACFDD4F8E4310899D3F88430C4F839
:102B400014A232A8A4F81862984732A907C904F55C
:102B5000087383E807000E230898ADF8E030394683
:102B6000CDF8DCB009F0E4FEDDE9070106F0D6FCA3
:102B70000799204606F0D2FC099800952B4632466C
:102B8000B421FFF783FD259800952B463246314648
:102B9000FFF77CFDAD4BAE4A25990998A4F88C82CD
:102BA000C4E9A13206F0BAFC0A98CDF800902B4691
:102BB00017223146FFF76AFDD4F890320A99D3F80C
:102BC0008430C4F8C0A232A8A4F8C462984732A9DD
:102BD00007C904F5337383E807000D230A98ADF89D
:102BE000E0303946CDF8DCB009F0A2FEDDE909019C
:102BF00006F094FC0999204606F090FC0B9800958D
:102C00002B462A463146FFF741FD269800952B4674
:102C100032463146FFF73AFD8C4B8D4A26990B9888
:102C2000A4F83883C4E9CC3206F078FC0C98CDF8CF
:102C300000902B4617223146FFF728FDD4F83C338D
:102C40000C99D3F88430C4F86CA332A8A4F870634C
:102C5000984732A907C904F55E7383E807000C237F
:102C60000C98ADF8E0303946CDF8DCB009F060FEE4
:102C7000DDE90B0106F052FC0B99204606F04EFCF4
:102C80000D9800952B462A462946FFF7FFFC27980A
:102C900000952B4632463146FFF7F8FC6B4B6C4AE9
:102CA00027990D98A4F8E483C4E9F73206F036FCBE
:102CB0000E98CDF800902B4617223146FFF7E6FC20
:102CC000D4F8E8330E99D3F88430C4F818A432A8A5
:102CD000A4F81C64984732A907C904F2244383E886
:102CE00007000B230E98ADF8E0303946CDF8DCB084
:102CF00009F01EFEDDE90D0106F010FC0D992046DD
:102D000006F00CFC0F9800952B462A467821FFF719
:102D1000BDFC289800952B4632463146FFF7B6FC9D
:102D20004A4B4B4A28990F98C4F88834C4F88C242D
:102D3000A4F8908406F0F2FB2B4631461998CDF8A2
:102D400000901722FFF7A2FCC4F8C4A4A4F8C8643A
:102D50003846FFF7D9FC97E8070004F59A6383E843
:102D600007000A231998ADF8E0303946CDF8DCB0F9
:102D700009F0DEFD19990F9806F0D0FB0F99204657
:102D800006F0CCFB109800952B462A46B421FFF79D
:102D90007DFC299800952B4632463146FFF776FC9C
:102DA0002A4B2B4A29991098C4F83435C4F8382591
:102DB000A4F83C8506F0B2FB2B4631461A98CDF8B4
:102DC00000901722FFF762FCC4F870A5A4F87465A0
:102DD0003846FFF799FC97E8070004F27C5383E834
:102DE000070009231A98ADF8E0303946CDF8DCB079
:102DF00009F09EFD1A99109806F090FB1099204654
:102E000006F08CFB119800952B4631467822FFF78F
:102E10003DFC2A9800952B4632463146FFF736FC9A
:102E20000A4B0B4A2A991198C4F8E035C4F8E425F6
:102E3000A4F8E88506F072FB2B4631461B98CDF8C6
:102E400000901722FFF722FC04E000BF98CCEDFFB2
:102E5000DAE0E6FFC4F81CA6A4F820663846FFF7BF
:102E600053FC97E8070004F5C56383E807000823CF
:102E70001B98ADF8E0303946CDF8DCB009F058FDCC
:102E80001B99119806F04AFB1199204606F046FB63
:102E9000129800952B4629467822FFF7F7FB2B98CE
:102EA00000952B4632463146FFF7F0FBD34BD44A10
:102EB0002B991298C4F88C36C4F89026A4F89486FE
:102EC00006F02CFB2B4631461C98CDF800901722BB
:102ED000FFF7DCFBC4F8C8A6A4F8CC663846FFF7B9
:102EE00013FC97E8070004F2D46383E80700072384
:102EF0001C98ADF8E0303946CDF8DCB009F018FD8B
:102F00001C99129806F00AFB1299204606F006FB5F
:102F10007822139800952B461146FFF7B7FB2C98A3
:102F200000952B4632463146FFF7B0FBB34BB44A0F
:102F30002C991398C4F83837C4F83C27A4F8408774
:102F400006F0ECFA2B4631461D98CDF8009017227A
:102F5000FFF79CFBC4F874A7A4F878673846FFF71E
:102F6000D3FB97E8070004F5F06383E80700062326
:102F70001D98ADF8E0303946CDF8DCB009F0D8FC4A
:102F80001D99139806F0CAFA1399204606F0C6FA5E
:102F9000149800952B467822B421FFF777FB2D98E3
:102FA00000952B4632463146FFF770FB934B944A0F
:102FB0002D991498C4F8E437C4F8E827A4F8EC87EE
:102FC00006F0ACFA2B4631461E98CDF80090172239
:102FD000FFF75CFBC4F820A8A4F824683846FFF784
:102FE00093FB97E8070004F62C0383E807001E987C
:102FF000CDF8DCB03946ADF8E08009F099FC1E99B7
:10300000149806F08BFA1499204606F087FA159862
:1030100000952B463146B422FFF738FB2E980095D9
:103020002B4632463146FFF731FB744B744A2E99DA
:103030001598C4F89038C4F89428A4F8988806F035
:103040006DFA2B4631461F98CDF800901722FFF7F6
:103050001DFBC4F8CCA8A4F8D0683846FFF754FB91
:1030600097E8070004F6D80383E8070004231F98B5
:10307000ADF8E0303946CDF8DCB009F059FC1F99C5
:10308000159806F04BFA1599204606F047FA16985F
:1030900000952B462946B422FFF7F8FA2F980095A1
:1030A0002B4632463146FFF7F1FA544B544A2F99DA
:1030B0001698C4F83C39C4F84029A4F8448906F0AD
:1030C0002DFA2B4631462098CDF800901722FFF7B5
:1030D000DDFAC4F878A9A4F87C693846FFF714FB38
:1030E00097E8070004F6841383E807000323209879
:1030F000ADF8E0303946CDF8DCB009F019FC209984
:10310000169806F00BFA1699204606F007FA17985B
:1031100000952B46B4227821FFF7B8FA3098009535
:103120002B4632463146FFF7B1FA344B344A3099D8
:103130001798C4F8E839C4F8EC29A4F8F08906F027
:10314000EDF92B4631462198CDF800901722FFF774
:103150009DFAC4F824AAA4F8286A3846FFF7D4FADE
:1031600097E8070004F5236383E80700022321980A
:10317000ADF8E0303946CDF8DCB009F0D9FB219943
:10318000179806F0CBF91799204606F0C7F9B42234
:10319000189800952B461146FFF778FA319800955C
:1031A0002B4632463146FFF771FA144B144A3199D7
:1031B0001898C4F8943AC4F8982AA4F89C8A06F09F
:1031C000ADF92B4631462298CDF800901722FFF733
:1031D0005DFAC4F8D0AAA4F8D46A3846FFF794FA86
:1031E00097E8070004F6DC2383E807000123229810
:1031F000ADF8E0303946CDF8DCB003E098CCEDFF17
:10320000DAE0E6FF09F094FB2299189806F086F9B7
:103210002046189906F082F920463BB0BDE8F08FB1
:1032200013B5002451B1036801948DF8034001AA3D
:103230009C680DF10303A04702B010BD0846FBE7F0
:10324000C0897047008A7047C0887047808870477F
:10325000807A00F07F007047807AC00970470020B4
:10326000704700009FED010A704700BF000000009A
:103270007047704700F598730868496803C3704742
:10328000704770474160704770477047064BC0F801
:103290004C310023C0F8503100F5A273C0F848014A
:1032A000C0F84031704700BF4D330008012303725E
:1032B0007047704710B4C26841685410034601EB70
:1032C0006200D20748BF0A599B685DF8044B48BFAB
:1032D000D35818470346406830B19A681AB9D8687D
:1032E00000F0010070470120704710B50C21044622
:1032F0001EF061FE204610BD10B5102104461EF0E0
:103300005AFE204610BD10B54FF4AE7104461EF0B3
:1033100052FE204610BD10B50CF062F80368BDE8FF
:103320001040DB6B184710B50446D0F8400158B187
:103330000368DB68984738B1D4F8400103689B689C
:1033400098470023C4F8403110BD00002DE9F14F2B
:10335000D0E9556A0746B06803681B6A9847B0F51C
:103360005D6F05D2444B454AA32145481FF060FDDF
:10337000706803681B6A98470F2803D8414B3F4A7F
:10338000A421F2E7F06803681B6A98470B2803D86A
:103390003D4B3A4AA521E8E70CF022F8DFF8F0901F
:1033A00004300CF042F8D9F8000010B10368DB6873
:1033B0009847D9F8000010B103681B689847DFF8F8
:1033C000D480D8F8000010B103685B699847D7F83B
:1033D0003C0110B103685B689847D8F8000010B151
:1033E00003681B689847D7F83C0110B103689B68D5
:1033F0009847F068036800215B6A98474FF0000B1C
:10340000224BC0F804B0044680F808B00360B068EE
:10341000036859465B6A9847054600F0F1FF7068FB
:10342000036859465B6A98472946064600F0C6FF7E
:10343000331DC7F83C61C9F80040C8F80050CAF80D
:1034400000302B68C6F808A02846DB68EE63984772
:10345000336830461B689847214628460EF070F9BD
:10346000236820461B69984723685B69204601B0A2
:10347000BDE8F04F184700BFD2440208604502087B
:1034800032460208794602081C470208204F02080B
:103490009435012090350120044B1B6893F8582087
:1034A0000AB1D86C00B99868704700BF4C3501204C
:1034B000F8B5174604460E460CF054F8124B1C6043
:1034C000124B2360124B0025C4E95135114BC4E95E
:1034D00053551868036801219B68C4E94F55C4E936
:1034E00055769847284600F0D3FCFFF7D5FF16F035
:1034F0007EFCFFF7D1FF16F0F5FCFFF7CDFF16F0CD
:10350000FDFC2046F8BD00BFA0350120CC4E0208CE
:10351000B44E02084C350120064BC0F84C31002354
:10352000C0F8503100F5A273C0F84801C0F840312E
:10353000704700BF4D330008406A7047806A70478B
:1035400070478A880B8810B5D20A4C88C1699BB233
:1035500051F8220043EA0443184410BD10B5044654
:10356000BAB1107B68B1537BD27A1B0203F4E063DB
:103570001A43236A03EB82031A888A4202D193F921
:10358000020010BD05D8013880B204330028F3D101
:10359000F7E70020F5E710B52C2104461EF00BFDDF
:1035A000204610BD30B58BB00446BDF8605008957C
:1035B000BDF85C5007959DF8505006959DF84C500D
:1035C00005959DF8485004959DF8445003959DF845
:1035D000405002959DF83C500195BDF8385000953B
:1035E0000DF008FD064B2360159BE361169B2362DB
:1035F000199B63621A9BA36220460BB030BD00BFCB
:10360000444F0208704770477047704770477047D3
:1036100030B4C26844685510034604EB6200D20718
:1036200048BF62599B6830BC48BFD358184703460F
:10363000406830B19A681AB9D86800F00100704744
:103640000120704790F82D3080F89A3080F85C3077
:10365000704790F82D3080F85C30704710B56421C9
:1036600004461EF0A8FC204610BD10B5B421044647
:103670001EF0A1FC204610BD10B5102104461EF01E
:103680009AFC204610BD10B54FF41D7104461EF083
:1036900092FC204610BD0146343091F82C3013B115
:1036A000623109F0A1BA6031FBE708B590F82C301F
:1036B0003BB100F1B0031B68C0F89430FFF7EBFF9B
:1036C00008BD00F1AC03F6E710B50446006B50B13D
:1036D0000368DB68984730B1206B036821469B681C
:1036E000BDE81040184710BD00F1B0028A4203D176
:1036F0000368D3F88C30184770470B7970B590F891
:103700002C6004460D460BB916B170BD002EFCD0DE
:10371000B3FA83F35B0984F82C3023682046D3F88E
:103720008C309847236820465B699847002EECD080
:103730002B79012BE9D123682046D3F88830BDE8E6
:103740007040184770B5036804461B6B15469847D0
:103750002368294620465B6BBDE87040184770B56A
:10376000036804469B6B1546984723682946204604
:10377000DB6BBDE8704018470B8870B5A0F860306F
:103780000546138825F8623F044628460FF094FB4F
:10379000064628460FF0C4FB314602462046FFF796
:1037A000DEFF23682046D3F88C30BDE87040184710
:1037B00010B52622044600211FF041FD2046FEF7E9
:1037C00053FF044B2360FF2384F826300023A362B9
:1037D000204610BD8856020810B526220446002156
:1037E0001FF02DFD2046FEF73FFF0A4B23600A4BDA
:1037F000A3624FF6FF73A3854FF47F020023C4E951
:103800000C3223874FF0FF32C4E91023E3632046D4
:1038100010BD00BFF8550208804D020838B50446B7
:1038200000F16405284609F083F8B4F90A20B4F9D8
:1038300008102846FFF793FF38BD0000F7B504468F
:10384000FEF712FF4FF47F432546A3850123002690
:1038500084F82430164BA662266345F8343B4FF6B5
:10386000FF77262231462846ADF804701FF0E7FCAA
:103870002846FEF7F9FE0F4B6363BDF80430A4F849
:103880005A3001A9284684F85C7009F0ADF9324637
:1038900031462846A4F86070A4F86270FFF752FF22
:1038A0002046294605F03AFE204603B0F0BD00BF91
:1038B000AC4F02085857020838B504462546FFF7B2
:1038C000BDFF074B45F8643B2846FFF785FF002303
:1038D0002046C4E92B33294605F020FE204638BD9A
:1038E0004C5002082DE9F04F04468DB0A04600254B
:1038F000FEF7BAFE7E4BA56248F82C3B04F1580A4D
:103900004046FFF755FF04F18409504604F1B00723
:10391000FFF74EFF484604F5B276FFF749FF3846F9
:10392000FFF7CAFF3046FFF7C7FF04F506731846D6
:103930000393FFF751FF6F4BC4F818326E4BDFF85B
:10394000CCB1C4F86052C4E999346C4BC4E99B35DE
:103950006B4BA3604FF4A0732A4600932946F023D3
:103960004046FEF793FEC4F854B04146204605F0A9
:10397000D5FD322300934FF4877229465046F02339
:10398000FEF784FE5F4BC4F880305146204605F0B8
:10399000C5FD142300930222F02329464846FEF772
:1039A00075FEC4F8ACB04946204605F0B7FD4FF0AF
:1039B000010B0AAA09A93846ADF82450ADF828B081
:1039C000FFF7DAFE2A46294604F1E400FFF7BAFEC3
:1039D0004FF02408DFF83891CDF828904FF011030C
:1039E0000AA93846ADF82C30FFF718FF29460A22FD
:1039F00004F58A70CDF800806423FEF747FE424B41
:103A00004FF07F4AC4E9573A3846FFF74EFE04F5B7
:103A10001973C4F8E03040F2151264233846CDF82B
:103A200000808221FEF732FE3946204605F076FD01
:103A30000AAA0DEB08013046ADF82450ADF828B0C5
:103A4000FFF79AFE2A46294604F5CC70FFF77AFE66
:103A500010230AA93046ADF82C30CDF82890FFF796
:103A6000DDFE29460A2204F5E470CDF800806423C7
:103A7000FEF70CFE244B3046C4E9843AFFF715FEEE
:103A8000642340F215123046CDF800800B21FEF77A
:103A9000FDFD3146204605F041FD112303980093BA
:103AA000052268234421FEF7F1FDD4F8183203996A
:103AB000D3F88430C4F848A204AE3046A4F84C527F
:103AC000984796E8070004F5157383E80700039804
:103AD000CDF828900AA9ADF82C5008F029FF20460F
:103AE000039905F01BFD20460DB0BDE8F08F00BF27
:103AF00004510208904D0208EC500208E936000813
:103B0000F000400170630BFF393947FFDAE0E6FF50
:103B1000804D020870477047704770477047704784
:103B20000368DB6A184710B504466C3000F032FCBD
:103B300004F53970BDE8104000F0C8BB094B10B562
:103B40000360094BC0F8E432044600F53970FEF713
:103B500039FD2046054B40F86C3FFFF757FD2046E6
:103B600010BD00BF9C510208D4510208BC5202088B
:103B700010B50446FFF7E2FF20464FF45D611EF0EA
:103B80001AFA204610BD00002DE9F84304460DF056
:103B90002BFC264B2360264B0025C4E910354FF43F
:103BA000807304F16C09A4F86430FF2384F8663054
:103BB00004F53978C4E91255C4E91455C4E9165519
:103BC000E5632566A566484600F0C4FB04F140069F
:103BD000404600F0D9F92A4629463046FFF7B2FDA3
:103BE0003046F021FDF7A6FB30464FF4A071FDF7FB
:103BF000A3FB271D4FF07F43A3663146384605F0EF
:103C00008DFC2A4629464846FFF79CFD4946384622
:103C100005F084FC162229464046FFF793FD3846FE
:103C2000414605F07BFC2046BDE8F8839C51020824
:103C3000885602087047000030B5164D2C6814F005
:103C400001048FB0BFF35B8F21D128461EF0B5F978
:103C5000E8B13F230993104B0893104B10491148CA
:103C60000A94CDE9064301220423CDE903320A2355
:103C700000930B22CDE90B44CDE901440594FFF7F5
:103C800091FC09481FF0F2F828461EF0A2F90548F9
:103C90000FB030BDA42500200C750208187502086D
:103CA00058720208A8250020353C00087047000023
:103CB00030B5174D2C6814F001048FB0BFF35B8F43
:103CC00022D128461EF079F9F0B13F230993114B18
:103CD0000893114B07930123CDE905430493042373
:103CE000CDE902430C230D4900931B220F23CDE99C
:103CF0000B440B480A940194FFF754FC09481FF049
:103D0000B5F828461EF065F905480FB030BD00BF74
:103D1000D4250020107502081C750208F4720208F0
:103D2000D8250020AD3C00087047000030B5174D85
:103D30002C6814F001048FB0BFF35B8F22D12846AA
:103D40001EF03BF9F0B13F230993114B0893114B3F
:103D5000114912480A94CDE9064301220423CDE912
:103D60000332282300930B222923CDE90B44CDE90C
:103D700001440594FFF716FC09481FF077F8284620
:103D80001EF027F905480FB030BD00BF0426002003
:103D900014750208207502087074020808260020B5
:103DA000293D000800207047002070470EB403B57D
:103DB00003AB002153F8042B01930CF099FB02B0E4
:103DC0005DF804EB03B070470CB407B504AB53F8CF
:103DD000042B01930CF08CFB03B05DF804EB02B0F4
:103DE00070470000436C10B5044673B3038F2BB9C2
:103DF000184B194AC52119481FF01AF8C38E00EB59
:103E000043035B8C0BB30EF0F4F9238F012B03D823
:103E1000134B144ACB21EEE7E28E531C9BB2092BC5
:103E2000194688BFA3F10A0104EB410140F63F1097
:103E3000498C814209D10A2B04EB420228BF00239E
:103E400004EB4303508C588451842046BDE8104055
:103E50000EF0D2B8BF470208C847020873480208EC
:103E6000BD480208CB4802080EF08DB810B586B0E8
:103E700002AC84E806001A460AAB05930193099B3D
:103E800000932146089B0AF049FE06B010BD0000D1
:103E900038B518BB124B13481C681349B4B12268DB
:103EA00022440260626822440A60A26814440F4BF4
:103EB00000221A8000F038F8054600F033F80C4B69
:103EC0001C600C4B1D600C4B188007E00B4B036013
:103ED0000B4B0B600B4B1C68002CE8D138BD00BFAE
:103EE0004026002038260020342600203C260020D2
:103EF000A4350120AC350120A835012070750208D9
:103F0000247502089C750208044B1B6853F82100B5
:103F1000034B1B6803EB4000704700BF34260020B2
:103F200038260020132070470048704744260020A0
:103F300010B5FFF7BDFE044C2060FFF7F7FE606090
:103F4000FFF77AFEA06010BD4426002010B50024C3
:103F500004600C6014601C6010BD000010B5034BC1
:103F600003600446FEF72EFB204610BDD451020824
:103F700010B50446FFF7F2FF204640F6EC211EF094
:103F80001AF8204610BD000010B50446FEF7F0FBFD
:103F9000034B2360034B0222DA605A60204610BDB7
:103FA000D451020890270020054B06491A6843F2B5
:103FB000390001FB02001860C0F30E40704700BFDB
:103FC0002C0000206D4EC641024B02EB810253F8DB
:103FD00022007047902700202DE9F0411E4A00245E
:103FE000A0B00646254617461146002351F8040B9B
:103FF00038B920A800EB8500013540F8804C40F826
:10400000403C0133042BF1D10134042C02F11002A5
:10401000EAD1002D1CDD3046FFF7C6FF20AAB0FB19
:10402000F5F303FB150302EB8303304653F8808C52
:1040300053F8405CFFF7B8FF0A23B0FBF3F202FB32
:104040001300002805EB880518BF022447F8254017
:1040500020B0BDE8F08100BF902700202D4A2DE957
:10406000F0410024154620461646A046AE461035BF
:104070002F46032357F8041D013B61B919465EF82A
:1040800021C0BCF1000F3ED001EB8401C7F800C095
:1040900046F821800120002BECD10134042CE5D11D
:1040A0001F4602F10C0C9E460CEB07040321256809
:1040B00054F8048D454504D11DB16D00C4E900E5F7
:1040C00001200139F3D11037402FEDD10C4696462F
:1040D00010321746032557F8041D013D61B92946E2
:1040E0005EF821C0BCF1000F10D001EB8301C7F8CE
:1040F00000C046F821400120002DECD10133042BF3
:10410000E5D1BDE8F0810139B9D2C4E70139E7D280
:10411000F2E700BF9027002030B50C4900220B4683
:10412000042053F8044B7CB1032A02D0DD68AC4272
:104130000AD0013805D10132042A01F11001EED173
:1041400030BD1D68AC42ECD10120F9E7902700207A
:104150000022084B104619680844596808449968B9
:1041600001320844D968042A084403F11003F2D14B
:10417000704700BF9027002002EB81020F2A37D83A
:10418000DFE802F0080A0C0F1215181B1E21242765
:104190002A2D30332C307047D830704700F5C2706C
:1041A000704700F50C70704700F53770704700F5E8
:1041B0006270704700F23440704700F59C607047B1
:1041C00000F28C50704700F5C760704700F2E46061
:1041D000704700F5F260704700F63C00704700F64B
:1041E000E800704700F69410704700F524607047AF
:1041F0000020704702EB81020F2A38D8DFE802F076
:10420000080A0D101316191C1F2225282B2E3134D5
:104210008C30704700F59C70704700F5F270704765
:1042200000F52470704700F54F70704700F57A7004
:10423000704700F29440704700F5A860704700F2A4
:10424000EC50704700F5D360704700F2447070473F
:1042500000F5FE60704700F69C00704700F64810BD
:10426000704700F6F410704700F52A607047002090
:10427000704700002DE9F041054614461E46FFF741
:104280007BFF07461EB980F82560BDE8F081224615
:104290002846FFF7AFFF0B4A012387F8253004EBD0
:1042A00081041423054603FB042420463346064AB2
:1042B0000A210EF047FD2B68AC6428465B69BDE817
:1042C000F0411847502600209D49020808B5FEF726
:1042D0007AF900F003FC014B186008BD2C000020A7
:1042E000704710B54FF4AE7104461DF064FE2046D1
:1042F00010BD10B50446D0F8580100F050F8204623
:10430000BDE810400BF0EEB810B50446FFF7D0F84A
:10431000014B2360204610BD68520208D0F8743269
:1043200003B118477047000010B5034B0360044603
:10433000FFF76CF9204610BDBC52020810B50446C8
:10434000FFF7F2FF20464FF41E711DF034FE2046A9
:1043500010BD000010B50446FFF7C4FA014B2360FE
:10436000204610BDBC52020838B5084D084A044624
:104370000B46284606210EF0E5FCC4F8605204F511
:104380000670BDE838400CF0DDB900BFD027002032
:104390009D490208FFF73BB9002202607047704751
:1043A000704704387047704710B5102104461DF05F
:1043B00002FE204610BDA0F10400F5E70022826055
:1043C000024A026018324260C160704754530208CA
:1043D0007047000010B5034B03600446FFF7AEFBC7
:1043E000204610BD7C53020810B50446FFF7F2FFCB
:1043F00020464FF45D611DF0DEFD204610BD00003B
:1044000010B50446FFF7C0FB024B2360024B204669
:104410001C6010BD7C530208E0270020F8B500F5B1
:10442000397407462046FFF719FEE8B12046FFF72A
:10443000D3FD002600252A4631462046FFF7C4FD5D
:104440002A460346314620460135FFF713FF042D67
:10445000F1D10136042EEDD12046FFF779FE014659
:1044600007F16C00FFF780FF2046BDE8F840FFF73A
:1044700053BE000038B5074D2B680322013393FB70
:10448000F2F202EB42029C1A2B6002D1FFF7C6FF48
:104490002C6038BDDC270020F8B50446FFF743FB4D
:1044A000002604F5397700252A4631463846FFF7BD
:1044B0008BFD2A460346314638460135FFF7DAFEC2
:1044C000042DF1D10136042EEDD1002104F16C0050
:1044D000FFF74AFF014BC4F8E032F8BD2145000860
:1044E00070B504464FF400616C3004F53974FFF781
:1044F0003BFF2046FFF7EAFE002600252A4631460C
:104500002046FFF761FD2A46034631462046013525
:10451000FFF7B0FE042DF1D10136042EEDD170BDB0
:10452000024B186808B1FFF7DBBF7047E027002097
:10453000FFF7F6BAF02070474FF4A07070472920BB
:10454000FDF724BC2820FDF721BC08B5FDF7F2FBE0
:10455000CA20FDF71BFCC320FDF7FCFB0820FDF77C
:10456000F9FB5020FDF7F6FBCF20FDF70FFC0020F4
:10457000FDF7F0FBC120FDF7EDFB3020FDF7EAFB76
:10458000ED20FDF703FC6420FDF7E4FB0320FDF7BD
:10459000E1FB1220FDF7DEFB8120FDF7DBFBE820CD
:1045A000FDF7F4FB8520FDF7D5FB0020FDF7D2FBDE
:1045B0007820FDF7CFFBCB20FDF7E8FB3920FDF796
:1045C000C9FB2C20FDF7C6FB0020FDF7C3FB342000
:1045D000FDF7C0FB0220FDF7BDFBF720FDF7D6FB82
:1045E0002020FDF7B7FBEA20FDF7D0FB0020FDF708
:1045F000B1FB0020FDF7AEFBB120FDF7C7FB0020AB
:10460000FDF7A8FB1B20FDF7A5FBB620FDF7BEFBC1
:104610000A20FDF79FFBA220FDF79CFBC020FDF7C1
:10462000B5FB1020FDF796FBC120FDF7AFFB102076
:10463000FDF790FBC520FDF7A9FB4520FDF78AFBA0
:104640001520FDF787FBC720FDF7A0FB9020FDF7A5
:1046500081FB3620FDF79AFBC820FDF77BFBF2209B
:10466000FDF794FB0020FDF775FBB020FDF78EFBF6
:10467000C220FDF76FFBB620FDF788FB0A20FDF78F
:1046800069FBA720FDF766FB2720FDF763FB0420ED
:10469000FDF760FB2A20FDF779FB0020FDF75AFBB0
:1046A0000020FDF757FB0020FDF754FBEF20FDF73E
:1046B00051FB2B20FDF76AFB0020FDF74BFB002090
:1046C000FDF748FB0120FDF745FB3F20FDF742FBCE
:1046D000F620FDF75BFB0120FDF73CFB0020FDF71A
:1046E00039FB0620FDF736FB2C20FDF74FFBC820D9
:1046F000FDF79AFB2620FDF749FB0120FDF72AFB79
:10470000E020FDF743FB0F20FDF724FB2920FDF7F8
:1047100021FB2420FDF71EFB0C20FDF71BFB0E20C8
:10472000FDF718FB0920FDF715FB4E20FDF712FBE6
:104730007820FDF70FFB3C20FDF70CFB0920FDF76F
:1047400009FB1320FDF706FB0520FDF703FB1720EF
:10475000FDF700FB1120FDF7FDFA0020FDF7FAFA46
:10476000E120FDF713FB0020FDF7F4FA1620FDF71A
:10477000F1FA1B20FDF7EEFA0420FDF7EBFA112009
:10478000FDF7E8FA0720FDF7E5FA3120FDF7E2FA38
:104790003320FDF7DFFA4220FDF7DCFA0520FDF7B4
:1047A000D9FA0C20FDF7D6FA0A20FDF7D3FA282013
:1047B000FDF7D0FA2F20FDF7CDFA0F20FDF7CAFA4A
:1047C0001120FDF7E3FAC820FDF72EFB2920FDF7A5
:1047D000DDFABDE808402C20FDF7D8BA08B5FDF792
:1047E000A9FA0321D320FDF7EDFA80B208BD10B578
:1047F000C4B2022203212046FDF752FA0A20FDF737
:1048000097FA204600220321FDF74AFABDE810403E
:104810000220FDF78DBA38B50446E4B2FDF73EFA42
:1048200000212046FDF754FA012105462046FDF7F8
:104830004FFA40EA052080B238BD10B5C4B240211D
:104840002046FDF745FA030607D54C212046FDF723
:104850003FFA003818BF012010BD01224B2120462D
:10486000FDF71EFA204600224B21FDF719FA002021
:10487000F2E773B50423C4B20E461546D7210DEBFB
:1048800003022046FDF73EFA019B1BBA1A0DC3F343
:104890000B23328020462B8001224B21FDF700FAAA
:1048A00000224B212046FDF7FBF902B070BD00004D
:1048B00010B50A4A1378984204460DD051788842C0
:1048C0000AD00BB141B90123D454FDF7E7F92046D2
:1048D000BDE81040FFF78BBF10BD00BFE4270020EC
:1048E00010B5C4B209212046FDF7F2F940F00102EB
:1048F000D2B220460921BDE81040FDF7D1B910B56C
:10490000C4B209212046FDF7E3F9092100F0FE02B7
:104910002046BDE81040FDF7C3B938B5C4B20D4616
:1049200020460A21FDF7D4F940EA0502D2B220461A
:104930000A21BDE83840FDF7B3B910B50446FDF7CC
:10494000AEF920461F21FFF7E8FF2046BDE81040E2
:10495000FFF7C6BF38B5C4B20D4620460A21FDF7A1
:10496000B7F920EA0502D2B220460A21BDE8384054
:10497000FDF796B910B50446FFF7C1FF20461F2189
:10498000BDE81040FFF7E6BF10B5C0B20C460B21E2
:10499000FDF79EF9204010BD1F21FFF7F5BF0A4625
:1049A000C0B20B21FDF77CB91F21FFF7F8BF38B566
:1049B000C4B20D4620461721FDF78AF920EA050208
:1049C000D2B220461721BDE83840FDF769B970B56D
:1049D000C4B2064604212046FDF77AF9042100F00E
:1049E000FB0205462046FDF75BF93046F021FFF754
:1049F000DEFF05F0F80220460421FDF751F94922B7
:104A000020212046FDF74CF90220FDF791F92046C0
:104A100001222121FDF744F920469A224121FDF788
:104A20003FF9204601224A21FDF73AF920460122AA
:104A30004B21FDF735F9204600224B21FDF730F9D7
:104A4000204601225621FDF72BF92046012258214C
:104A5000FDF726F9204601224021FDF721F92046E5
:104A6000FF220B21FDF71CF9BDE870400220FDF785
:104A70005FB90000054BD3F8882042F47002C3F8F8
:104A800088204FF000629A60704700BF00ED00E0A0
:104A900008B50B4B1A6842F400721A601A6842F4A7
:104AA00080621A601A6842F480721A60032000F073
:104AB00007FA0020FDF75AFCFDF7C4F9002008BDF5
:104AC000003C0240034A044B11681B780B441360FE
:104AD000704700BFE827002094000020014B1868B1
:104AE000704700BFE827002038B50446FFF7F6FFFF
:104AF000631C1CBF054B1B78054618BFE418FFF765
:104B0000EDFF431BA342FAD338BD00BF9400002041
:104B100038B50446002800F09B80056C25B9FDF7E8
:104B2000B1F9656484F83C50236CDB0600F18E809B
:104B3000236C23F4885323F0020343F0020323641D
:104B4000444B5A6822F440325A605A6861680A43FA
:104B50005A60236821695A6822F480725A605A6840
:104B600042EA01225A605A68A16822F040725A60F3
:104B70005A680A435A609A68E16822F400629A60AF
:104B80009A680A439A603449A26A8A4252D0996864
:104B900021F07061996099680A439A609A68E16AA5
:104BA00022F040529A609A680A439A609A6822F00A
:104BB00002029A609A68217E42EA41029A6094F861
:104BC0002020002A3ED05A68616A42F400625A608E
:104BD0005A6822F460425A605A68013942EA413206
:104BE0005A60DA6AE16922F47002DA62DA6A01393B
:104BF00042EA0152DA629A6822F400729A609A6874
:104C000094F8301042EA41229A609A68616922F46D
:104C100080629A609A68002042EA81229A60606409
:104C2000236C23F0030343F001032364002384F87F
:104C30003C3038BD9A6822F070629A609A6822F01F
:104C40004052B2E75A6822F40062C9E70120EDE75A
:104C50000120EEE7002301400100000F0368D86C3B
:104C6000704770477047036870B51E685D68B2078B
:104C700004462BD5A80629D5226CD1065EBF226C2E
:104C800042F4007222649A6812F0405F17D1227ECB
:104C9000AAB9DA6A12F4700F02D09A6852050ED4DB
:104CA0005A6822F020025A60236C23F48073236434
:104CB000236CD8045EBF236C43F0010323642046B9
:104CC000FCF7FCFC23686FF012021A60710733D501
:104CD0002A0631D5236CDB065EBF236C43F40053F8
:104CE000236423689A6812F4401F1ED19A6B12F451
:104CF000401F02D09A68500517D45A68510514D441
:104D00009A6812F0405F10D1227E72B95A6822F080
:104D100080025A60236C23F480532364236CDA05E9
:104D20005EBF236C43F001032364204600F0C6F805
:104D300023686FF00C021A60F30710D568060ED5D1
:104D400023681B68D9070AD5236C43F48033236496
:104D50002046FFF786FF23686FF001021A60B20653
:104D60000ED56B010CD5636C43F0020363642368BA
:104D70006FF020051D602046FFF774FF23681D605B
:104D800070BD0000F7B50023019390F83C30012B73
:104D9000054600F08680012380F83C3008682B68C7
:104DA0008E68092884B233D904EB4402DF681E3AC6
:104DB0004FF0070C0CFA02FC27EA0C07DF60DF68F3
:104DC00006FA02F23A43DA604968062901EB8102E9
:104DD0002DD8596B053A1F26964021EA06015963E2
:104DE000596B04FA02F20A435A632F4A93420AD1DA
:104DF000122837D12D4B5A6822F400025A605A68A3
:104E000042F480025A60002085F83C0003B0F0BDF7
:104E10001A6900EB400C072707FA0CF722EA070291
:104E20001A611A6906FA0CF616431E61CCE70C29C2
:104E30004FF01F010BD81E6B233A914026EA010167
:104E40001963196B04FA02F20A431A63CDE7DE6AAA
:104E5000413A914026EA0101D962D96A94400C4353
:104E6000DC62C2E7124B984201D01128CBD10F4B24
:104E70005A6822F480025A605A6842F400025A606A
:104E80000B4B9842BFD10B4B0B4A1B68B3FBF2F3A1
:104E90000A2253430193019B002BB4D0019B013B99
:104EA000F8E70220B2E700BF0020014000230140E4
:104EB000120000109000002040420F0070470000D8
:104EC0000749CA6822F4E0620302120403F4E063B3
:104ED000120C134343F0BF6343F40033CB607047BD
:104EE00000ED00E0164B30B5DC68C4F30224C4F1D9
:104EF0000703251D042B28BF0423062D4FF0FF3583
:104F00008CBF033C002405FA03F321EA0303A54008
:104F100022EA0502A340002843EA0203ACBF00F1E5
:104F20006040084A4FEA0313B8BF00F00F00DBB23D
:104F3000AABF00F56140135480F8003330BD00BFB4
:104F400000ED00E014ED00E0002807DB044A410911
:104F5000012300F01F00834042F82130704700BF5A
:104F600000E100E010B5044650B1437903F0FF02C0
:104F700013B90271FCF7E6FF01236371002010BD35
:104F80000120FCE710B5044620B390F8393003F057
:104F9000FF021BB980F83820FCF7ECFF022384F8ED
:104FA0003930236861681A6822F440320A431A6073
:104FB0005A6BA16822F007020A435A631A6CE1682F
:104FC0006FF30D020A431A6400200123E06384F8A2
:104FD000393010BD0120FCE770477047036870B599
:104FE0005E681D68F207044614D5E90512D51A68F3
:104FF00022F480721A60C26B42F00102C263012285
:105000009A60042380F83930002380F838304369EF
:1050100003B19847B20616D5AB0414D523681A68B5
:1050200022F400521A6020229A60E36B43F00203DC
:10503000E363042384F83930002384F8383063694B
:105040000BB120469847300716D5290514D523689B
:105050001A6822F400621A6008229A60E36B43F037
:105060000403E363042384F83930002384F83830E0
:1050700063690BB12046984772070BD56B0509D5BC
:1050800023681A6822F480621A6004229A6020461B
:10509000FFF7A2FFB00714D5A90512D523681A6837
:1050A00022F400721A6002229A60E36BE363012328
:1050B00084F83930002384F8383023690BB1204656
:1050C0009847F20613D5EB0411D523681A6822F429
:1050D00080521A6010229A60E36BE363012384F824
:1050E0003930002384F838302046FFF776FF70BD52
:1050F000F0B590F83820012A03464FF002002BD07B
:10510000012283F8382083F8390003EB0112D2E939
:105110000740556A174F44EA0040093C012C9CBFE8
:1051200005F07F4210434FEA01161A6888BF40EA33
:10513000056091B9516A394001435162012C996966
:10514000916103D8596A21F07F41916201220020C8
:1051500083F8392083F83800F0BDD1693940014324
:10516000D1619919012C896911619CBF25F07F4596
:105170001562EBE7F0FFFC002DE9F74FDFF8BC917B
:105180006C4A00230D6801249C4004EA0506AC43E8
:1051900040F0B7804D68032705F003044FEA430849
:1051A00007FA08FC671E012F6FEA0C0C34D88768D9
:1051B00007EA0C0ECF6807FA08F747EA0E07876080
:1051C000476827EA060EC5F300179F4047EA0E0717
:1051D0004760C76807EA0C0E8F6807FA08F747EAC6
:1051E0000E07022CC76019D14FEAD30A00EB8A0AD6
:1051F00003F0070BDAF820704FEA8B0B4FF00F0E1D
:105200000EFA0BFE27EA0E0E0F6907FA0BF747EAB4
:105210000E07CAF8207001E0032CDAD1076804FAFF
:1052200008F407EA0C073C4315F4403F046068D0DB
:1052300000240194D9F8444044F48044C9F844401F
:10524000D9F8444023F0030707F1804704F4804471
:1052500007F59C37019403F0030C019CD7F808E094
:105260004FEA8C0C0F2404FA0CF42EEA040E324C94
:10527000A0424DD004F58064A0424BD004F5806478
:10528000A04249D004F58064A04247D004F5806470
:10529000A04245D004F58064A04243D004F5806468
:1052A000A04241D004F58064A0423FD004F5806460
:1052B000A0423DD004F58064A04214BF0A24092412
:1052C00004FA0CF444EA0E04BC609468F74315F445
:1052D000801F0CBF3C4034439460D46815F4001F19
:1052E0000CBF3C403443D460546815F4003F0CBFFD
:1052F0003C40344354601468ED0354BF3C40344395
:1053000014600133102B7FF43DAF03B0BDE8F08F84
:105310000024D5E70124D3E70224D1E70324CFE713
:105320000424CDE70524CBE70624C9E70724C7E713
:105330000824C5E7003C014000000240003802405C
:105340000369194214BF0120002070470AB181612E
:1053500070470904FBE7436901EA030221EA0301FC
:1053600041EA02418161704701684B6913F480632F
:105370004FF0000210D06FF480634B612023026372
:1053800080F83D3080F83E20036C80F83C2043F0EC
:105390000403036401207047184670472DE9F8465E
:1053A00006460F4691461D464FEA114A3368BAF148
:1053B000010F0CBF5C699C6927EA0404A4B2B4FA2B
:1053C00084F46409A14501D0002025E06A1CEED0D8
:1053D000FFF784FB089BC01AA84201D8002DE5D135
:1053E0003368BAF1010F0CBF5B699B6927EA0303BD
:1053F0009BB2B3FA83F35B099945D7D100232022EE
:10540000336386F83D2086F83E30326C86F83C30B7
:1054100042F0200232640120BDE8F8862DE9F04117
:1054200004460F46164698462568686927EA000034
:1054300080B2C0B16B695A0517D52B6843F400736D
:105440002B606FF480636B6120220023236384F858
:105450003D2084F83E30236C43F004032364002392
:1054600084F83C300120BDE8F081731CDDD0FFF7EB
:1054700035FBA0EB0800B04201D8002ED4D1236840
:105480005A6927EA020292B2002ACDD000232022D4
:10549000236384F83D2084F83E30236C1343DDE71A
:1054A00070B504460D46164623685B691B0601D598
:1054B00000201EE02046FFF757FFC8B96A1CF3D052
:1054C000FFF70CFB801BA84201D8002DECD123680C
:1054D0005B6913F08003E7D12022236384F83D2029
:1054E00084F83E30226C84F83C3042F02002226482
:1054F000012070BD2DE9F0431546026885B0DDE955
:105500000C789946136843F4807313600E463B464B
:10551000CDF8008000224FF001110446FFF73EFF56
:10552000236838B11B68DB0502D54FF40073236490
:10553000032620E006F0FE061E611A4943463A465D
:105540002046FFF76BFFA8B9236803905A690392BE
:105550009B690393424639462046039BFFF7A0FF11
:10556000064660B1236C042B01BF2268136843F424
:10557000007313600126304605B0BDE8F083B9F131
:10558000010F236802D1EDB21D61F4E72A0A1A6106
:10559000394642462046FFF783FF0028E2D12368C0
:1055A000F1E700BF020001002DE9FF479A460368BA
:1055B00015461A6842F480621A601A68DDE90C78B0
:1055C00042F480721A600E463B46CDF800800022FD
:1055D0004FF001110446FFF7E1FE236838B11B6864
:1055E000DB0544BF4FF400732364032021E05FFA1E
:1055F00086F906F0FE061E612B4943463A462046D0
:10560000FFF70CFFA0B9236803905A6903929B69C6
:105610000393424639462046039BFFF741FF58B1AA
:10562000236C042B01BF2268136843F400731360DA
:10563000012004B0BDE8F087BAF1010F23681AD148
:10564000EDB242461D6139462046FFF729FF02466A
:105650000028E5D121680B6843F480730B60204675
:10566000CDF800803B464FF00111FFF797FE22680E
:1056700060B11368B4E72A0A1A61394642462046E7
:10568000FFF70EFF0028CBD12368D9E749F00103CB
:105690001361054943463A462046FFF7BFFE0038EE
:1056A00018BF0120C5E700BF0200010070B5044625
:1056B0000D46164623685B695B0701D500201EE096
:1056C0002046FFF751FEC8B96A1CF3D0FFF706FA6F
:1056D000801BA84201D8002DECD123685B6913F030
:1056E0000403E7D12022236384F83D2084F83E3070
:1056F000226C84F83C3042F020022264012070BD0C
:1057000070B504460D46164621684B6913F04003F8
:1057100001D0002011E04A69D2060FD56FF01002C7
:105720004A612022236384F83D2084F83E30236CB4
:105730002364002384F83C30012070BDFFF7CEF9CC
:10574000801BA84201D8002DDED123685B6913F0CD
:105750004003D9D12022236384F83D2084F83E30D1
:10576000236C1343E4E7000070B5044608B9012038
:1057700070BD90F83D3003F0FF021BB980F83C206B
:10578000FCF71AFC242384F83D3023681A6822F0C1
:1057900001021A601A6842F400421A601A6822F480
:1057A00000421A6000F0A8FE3F4B65689D4294BF1E
:1057B0003E4B3F4B98428CBF00230123002BD6D198
:1057C0002268394E51683B4BB0FBF3F321F03F01A7
:1057D0001943B542516088BF4FF49676116A88BF6D
:1057E000734321F03F0184BF4FF47A76B3FBF6F3A5
:1057F00001330B431362D169431E2B4821F44F41FF
:10580000854221F0FF0132D86D0040F6FC70B3FBF9
:10581000F5F30133034242D0C3F30B031943D161C3
:10582000D4E907301168034321F0C0010B43136032
:105830009168D4E9030321F40341034321F0FF01FC
:105840000B439360D4E90530D168034321F0FF0195
:105850000B43D360136843F001031360002020233F
:10586000206484F83D30206384F83E0080E7A0681F
:1058700050B905EB4505B3FBF5F30133C3F30B0357
:105880007BB143F40043C9E719206843B3FBF0F34D
:105890000133C3F30B0323B143F44043BEE70423B6
:1058A000BCE70123BAE700BFA08601007F841E0089
:1058B000FF083D0040420F002DE9F743044699469A
:1058C0000C9E0F469046FFF709F994F83D30202BC7
:1058D000054603D0022003B0BDE8F08300903C49A8
:1058E000192301222046FFF759FD0028F2D194F830
:1058F0003C30012BEED02068012384F83C30036853
:10590000D9075EBF036843F001030360036823F413
:1059100000630360212384F83D30402384F83E3047
:10592000002323640A9B6362BDF82C306385638D7A
:105930002385284BE3624246CDE900654B46394654
:105940002046FFF7D7FD00282AD00120C3E7FFF744
:10595000A7FD40B1236C042B01BF2268136843F4F8
:1059600000731360F1E7636A27681A4612F8011B97
:1059700039616262628D218D013A92B262857A69E3
:10598000481E80B2520720850AD548B15A783A613C
:1059900002336362638D013B02399BB221856385CB
:1059A000238D2A4631462046002BD0D1FFF77EFEBC
:1059B0000028CFD12268136843F4007313602023BA
:1059C00084F83D3084F83C0084F83E0083E700BF53
:1059D000020010000000FFFF2DE9F043044687B0ED
:1059E0009946109F0D469046FFF778F894F83D30A1
:1059F000202B064604D00225284607B0BDE8F083D8
:105A000000907A49192301222046FFF7C7FC00289D
:105A1000F1D194F83C30012BEDD02068012384F8BB
:105A20003C300368DB075EBF036843F0010303609B
:105A3000036823F400630360222384F83D3040238D
:105A400084F83E30002323640E9B6362BDF83C3033
:105A50006385638D2385664BE3622946CDE9007635
:105A60004B4642462046FFF79FFD054608B10125FB
:105A7000C2E7228D2368B2B902905A6902929A69EC
:105A80000292029A1A6842F400721A60DFF8648186
:105A9000238D002B2CD1202284F83D2084F83C302B
:105AA00084F83E30A8E7012A0AD11A6822F48062FD
:105AB0001A6003905A6903929A690392039AE1E784
:105AC000022A0ED11A6822F480621A601A6842F41F
:105AD00000621A6004905A6904929B690493049BC3
:105AE000D4E705905A6905929B690593059BCDE71C
:105AF000032B56D8012B15D1324639462046FFF7E5
:105B0000FFFD0028B3D123681A69636A1A70636ABB
:105B100001336362238D013B2385638D013B9BB27F
:105B20006385B5E7022B00963B464FF000024146E5
:105B3000204619D1FFF732FC002898D123681A6853
:105B400042F400721A601A69636A1A70626A531C1E
:105B50006362238D013B2385638D013B9BB263858B
:105B600023681B695370D2E7FFF718FC0246002830
:105B70007FF47DAF2368196821F480611960196989
:105B8000636A1970636A01336362238D013B238565
:105B9000638D013B9BB26385414600963B462046A0
:105BA000C8E7324639462046FFF7AAFD00287FF4B1
:105BB0005EAF23681A69636A1A70628D616A013A7E
:105BC00092B24B1C628522686362238D5069013B4F
:105BD0009BB2400723857FF55BAF032B02BF1368A1
:105BE00023F48063136013694B7090E70200100088
:105BF0000000FFFF0400010010B590F83D30202B9D
:105C0000DCB216D1242380F83D3003681A6822F0F4
:105C100001021A605A6A22F010025A625A6A11434B
:105C200059621A6842F001021A6080F83D40002073
:105C300010BD0220FCE730B590F83D30202BDCB2DF
:105C400016D10268242380F83D30136823F0010345
:105C50001360556A4FF6F0732B400B439BB25362AF
:105C6000136843F00103136080F83D40002030BD0D
:105C70000220FCE70068D1F800C0D201843283180A
:105C80002DE9F043C6685D684C68D1F8189005F4BA
:105C900070455D60C5680CF10107C5F30B45C6F39F
:105CA0000B4626443D4445EA06455D60C668CD681E
:105CB000C6F30A062E449D6805F470459D60C768CA
:105CC0008D68C7F30A0701353D4445EA06459D60E6
:105CD0001D690E6925F007051D614FF0000E1E615C
:105CE00091F832709D6991F83180C3F818E091F80D
:105CF000305045EA096545EA082545EA07459D61B2
:105D00005D6925F0FF055D614D695D61DD6925F423
:105D1000E06525F00705DD61D1E907573D43DD6109
:105D20009D6A4D6AC3F828E0072E9D629CBF0E4D08
:105D3000AE5DDD6A05F0E025DD6288BF01268D6A73
:105D4000C96AA4EB0C0474437543033444EA054464
:105D5000DC621C6B6FF30A041C631963835843F005
:105D600001038350BDE8F083C453020838B50446EC
:105D7000002863D090F8A13003F0FF021BB980F82F
:105D8000A020FCF775F9022384F8A13023689A69F2
:105D900022F070429A61D4E901200243E0689969D7
:105DA0000243206902430A439A619A682449606960
:105DB0000A409A609A6842EA0042A06902439A60E7
:105DC000DA68E0690A40DA60DA6842EA0042206A8A
:105DD0000243DA601A69606A0A401A611A6942EA83
:105DE0000042A06A02431A615A690A405A615A691C
:105DF000E16A42EA0142216B0A435A61DA6A94F885
:105E0000350094F8361002F07F42DA62DD6A94F8C9
:105E100034202A4342EA002242EA0142DA625A6B03
:105E200042F006025A639A6942F001029A61002028
:105E30000123C4F8A40084F8A13038BD0120FCE798
:105E400000F800F070477047036870B59E6B5D6B9B
:105E50007207044614D5690712D55A6B22F0040262
:105E60005A630422DA63D0F8A43043F00103C0F887
:105E7000A430002380F8A12080F8A030FFF7E2FFD3
:105E8000B20716D5AB0714D523685A6B22F002026D
:105E90005A630222DA63D4F8A4301343C4F8A4305E
:105EA000042384F8A130002384F8A0302046FFF7B3
:105EB000C9FFF00710D5E9070ED523685A6B22F009
:105EC00001025A630122DA63002384F8A12084F8D6
:105ED000A0302046FBF7A0FB320711D52B070FD5CA
:105EE00023685A6B22F008025A630822DA630123FE
:105EF00084F8A130002384F8A0302046FFF7A3FFE8
:105F000070BD2DE9F04190F8A030012B06460F46F8
:105F100094464FF002001FD04FF0010886F8A08091
:105F200086F8A10034240D4604FB02640FCD3834FA
:105F30000FC40FCD0FC40FCD0FC42B6823603046A4
:105F400062463946FFF796FE33680020C3F8248086
:105F500086F8A18086F8A000BDE8F08190F8A02026
:105F6000012A03464FF0020012D01A6883F8A100FC
:105F7000506B20F00100506306480164516B41F002
:105F8000010151630020012283F8A12083F8A000C1
:105F9000704700BF0068014037B500230193184BDC
:105FA000184D1A6C42F080521A641B6C03F0805337
:105FB0000193019B144B01221A64FEF78FFD0446E6
:105FC0006B68DA030BD5104B0E4D01225A64FEF7B5
:105FD00085FD04466B689B030AD5002006E0FEF7AA
:105FE0007DFD001BB0F57A7FEAD9032003B030BDF8
:105FF000FEF774FD001BB0F57A7FEBD9F5E700BF23
:10600000003802400070004000000E422DE9F341CC
:10601000044640B30368DE0710D423689D075BD4B1
:106020002368190700F19D8023685A0700F1BD809D
:10603000A369002B40F0248100202CE08D4B9A684E
:1060400002F00C02042A07D09A6802F00C02082A17
:106050000BD15B68590208D5864B1B689A03DCD5C7
:106060006368002BD9D1012015E06368814DB3F539
:10607000803F13D12B6843F480332B60FEF72EFD55
:106080007C4E054633689B03C7D4FEF727FD401BB3
:106090006428F7D9032002B0BDE8F081B3F5A02F42
:1060A00004D12B6843F480232B60E3E72A6822F4B1
:1060B00080322A602A6822F480222A60002BDDD1F7
:1060C000FEF70CFD06462B689F03A6D5FEF706FDDE
:1060D000801B6428F7D9DDE7664B9A6812F00C0F35
:1060E00007D09A6802F00C02082A11D15B685D02A1
:1060F0000ED4604A1368990702D5E368012BB2D128
:106100001368216923F0F80343EAC103136087E7AA
:10611000E268594BB2B101221A60FEF7DFFC554D1F
:1061200006462B689B0707D52B68226923F0F803E6
:1061300043EAC2032B6073E7FEF7D0FC801B022802
:10614000EFD9A7E71A60FEF7C9FC4A4E0546336847
:106150009F077FF565AFFEF7C1FC401B0228F6D90B
:1061600098E76269444B82B10122C3F8802EFEF7A2
:10617000B5FC404E0546736F9B073FF555AFFEF7E4
:10618000ADFC401B0228F6D984E7C3F8802EFEF749
:10619000A5FC384E0546736F9F077FF545AFFEF7A8
:1061A0009DFC401B0228F6D974E7324B1A6C12F0A2
:1061B000805228D101921A6C42F080521A641B6CF2
:1061C00003F080530193019B01272C4D2B68D805C8
:1061D0001BD5A368274D012B27D12B6F43F001035B
:1061E0002B67FEF77BFC234E054641F28838336F60
:1061F0009A0739D5002F3FF41BAF1E4A136C23F0CA
:106200008053136414E70027DFE72B6843F480739F
:106210002B60FEF763FC06462B68D905D9D4FEF740
:106220005DFC801B0228F7D934E7052B04D12B6FC6
:1062300043F004032B67D0E72A6F22F001022A679C
:106240002A6F22F004022A67002BCAD1FEF746FC0F
:1062500041F2883806462B6F9B07CBD5FEF73EFCF4
:10626000801B4045F7D915E7FEF738FC401B404539
:10627000BDD90FE7003802400000474200700040DF
:10628000374DAA6802F00C02082A3ED0022B354B8B
:106290004FF000021A662BD1FEF720FC06462B6851
:1062A00099011FD4D4E907321343626A43EA821387
:1062B000E26A43EA0263A26A5208013A43EA0243ED
:1062C0006B60284B264D01221A66FEF707FC044638
:1062D0002B689A013FF5B0AEFEF700FC001B0228C8
:1062E000F6D9D7E6FEF7FAFB801B0228D7D9D1E60C
:1062F000FEF7F4FB04462B689B017FF59DAEFEF78D
:10630000EDFB001B0228F6D9C4E6012B3FF4ABAE2F
:106310006B68E26903F4800191427FF4A4AE216AC4
:1063200003F03F028A427FF49EAE616A47F6C07274
:106330001A40B2EB811F7FF496AEA26A520803F4B2
:106340004031013AB1EB024F7FF48DAEE26A03F0C7
:106350007063B3EB026F14BF012000209BE600BF07
:106360000038024000004742134908B58B6803F02B
:106370000C03042B1CD0082B1CD14A684B684968BD
:1063800013F4800314BF0D480D48C1F3881118BFE2
:10639000002302F03F02A1FB0001F9F7C9FF064B01
:1063A0005B68C3F3014301335B00B0FBF3F008BD4E
:1063B0000248FCE70248FAE70038024000127A007F
:1063C0000024F4002DE9F0410D46044610B90120E7
:1063D000BDE8F081434B1A6802F00F028A4228D3CD
:1063E00021688F072DD4C80740D43E4B1A6802F0AD
:1063F0000F02AA4265D8226851076BD4130707D54C
:10640000394A2169936823F4604343EAC1039360E6
:10641000FFF7AAFF344B354A9B68C3F30313D35CE1
:10642000D840334B1860334B1868FBF79FFF0020B0
:10643000CEE7CAB21A701B6803F00F038B42C6D1B5
:10644000CEE7294B11F0040F1EBF9A6842F4E052C8
:106450009A600E0742BF9A6842F460429A609A6856
:10646000A06822F0F00202439A60BCE762681E4B0B
:10647000012A1CD11B6813F4003FA8D01A4EB36840
:1064800023F003031343B360FEF728FB41F288387F
:106490000746B368626803F00C03B3EB820FA4D025
:1064A000FEF71CFBC01B4045F3D9032090E7911E6B
:1064B00001291B6802D813F0007FDEE713F0020FFA
:1064C000DBE7EAB21A701B6803F00F03AB427FF4FC
:1064D0007EAF90E70449E0688B6823F4E053034300
:1064E0008B608BE7003C024000380240B453020846
:1064F0009000002098000020044B054A9B68C3F3DD
:106500008223D35C034A1068D840704700380240A9
:10651000AC530208900000200F2303600B4B9A68D5
:1065200002F0030242609A6802F0F00282609A6808
:1065300002F4E052C2609B68DB0803F4E05303619D
:10654000034B1B6803F00F030B60704700380240D9
:10655000003C0240036813F0430FF7B5044640F0D7
:106560008880236813F00C0F45D08C4B8C4D002293
:106570001A67FEF7B3FA06462B68990000F1CB8044
:1065800021684A0715D5D4E90403D5F888201B06ED
:1065900002F0E04243EA80131343C5F88830D5F88F
:1065A0008C30226A23F4F853013A43EA0223C5F8F7
:1065B0008C300B0714D57A4AA369D2F88810206969
:1065C0001B0701F0706143EA80130B43C2F8883067
:1065D000D2F88C30616A23F440330B43C2F88C301C
:1065E0006E4B6F4E01221A67FEF778FA0546336844
:1065F0009F0040F197802368980634D500230193CB
:10660000674B684D1A6C42F080521A641B6C03F0A1
:1066100080530193019B2B6843F480732B60FEF73A
:106620005DFA06462B68D80540F183805C4DA26A6E
:106630002B6F13F4407340F08380A36A03F440721D
:10664000B2F5407F564A40F09E80916823F070403A
:1066500021F4F81120F4407001439160116FC3F3ED
:106660000B030B4313672368DB0600F190800020C7
:106670004FE04A4B4A4E00229A66FEF72FFA054633
:1066800033681F013FD42168C80741BFD4E9012303
:106690001B0743EA8213C6F884308A0715D5404A9F
:1066A000E368D2F8840065681B0600F0E04043EA26
:1066B00085130343C2F88430D2F88C00E36920F0DC
:1066C0001F00013B0343C2F88C304B060AD5E36838
:1066D00062681B0643EA8213A26843EA0273304AE7
:1066E000C2F884302D4B2E4E01229A66FEF7F6F941
:1066F000054633681F013FF534AFFEF7EFF9401B45
:106700000228F6D904E0FEF7E9F9401B0228B7D9C0
:10671000032003B0F0BDFEF7E1F9801B02287FF6ED
:106720002BAFF5E7FEF7DAF9401B02287FF65FAFE3
:10673000EEE7FEF7D3F9801B02287FF673AFE7E799
:1067400002F4407293423FF478AF2B6F134A012159
:10675000C2F8401E23F440730021C2F8401E2B678C
:106760002B6FD9077FF569AFFEF7B8F941F288378B
:1067700006462B6F9A073FF560AFFEF7AFF9801B17
:10678000B842F6D9C4E7916821F4F81165E7064BE1
:1067900094F82C20C3F8E02169E700BF00004742CD
:1067A00000380240007000400010474238B50D46E6
:1067B0000446C8B190F82C3003F0FF021BB980F8F2
:1067C0002D20FBF767FD022384F82C30211D206863
:1067D00000F00EFD62682068294600F03FFD0123AD
:1067E00084F82C30002038BD0120FCE770B590F80B
:1067F0002C30022B05460E46D8B212D000F0FB0416
:10680000012C0FD1022385F82C30286800F05CFDA4
:106810003368022B06BF052385F82C3085F82C4001
:10682000002070BD0120FCE738B590F82C30022B19
:106830000446D8B20DD094F82C30012BDDB209D12A
:106840000223206884F82C3000F062FD84F82C507C
:10685000002038BD0120FCE72DE9F3471F4689469B
:1068600090460446FEF73AF90A9D3D442D1AFEF77C
:1068700035F9264B1E68C6F3CB366E438246019629
:106880002268936839EA03030CBF012300234345C0
:1068900001D100202EE07B1CF3D0FEF71FF9A0EB06
:1068A0000A00A84229D323685A6822F0E0025A60FD
:1068B0006268B2F5827F0AD1A268B2F5004F02D0B9
:1068C000B2F5806F03D11A6822F040021A60A26A02
:1068D000B2F5005F07D11A6822F400521A601A68F4
:1068E00042F400521A60012384F85130002384F8E6
:1068F0005030032002B0BDE8F087019A019B002AC6
:1069000003F1FF33019308BF1546B9E7900000205B
:10691000F0B585B00B4600920E46174602210122C3
:106920000446FFF799FF054628B1636D43F0200345
:106930006365032515E0124B1868124BB0FBF3F0AA
:106940004FF47A73584363680390B3F5827F0BD199
:10695000009733462A4680212046FFF77DFF002816
:10696000E3D1284605B0F0BD039B002BF9D0039B73
:10697000013B039323689B681B06F5D4F1E700BF36
:106980009000002000366E0137B50B464168B1F526
:10699000827F044608D0009201210022FFF75CFFAD
:1069A000D0B9002003B030BD8168B1F5004F02D0EE
:1069B000B1F5806F07D125682868B1F5806F20F0A8
:1069C0004000286004D00092802100222046E5E7A4
:1069D000009201210022F9E7636D43F02003636513
:1069E0000320DFE710B50446002855D0436A002B8A
:1069F0004ED14268B2F5827F00D0C3610023A3620A
:106A000094F8513003F0FF0223B984F85020204657
:106A1000FBF70AFC2168A068A269022384F85130C0
:106A20000B6823F040030B60636800F4044003F438
:106A300082730343E06800F400600343206900F0C0
:106A400002000343606900F00100034302F4007098
:106A50000343E06900F038000343206A00F080003F
:106A60000343A06A00F4005003430B60636A120CF6
:106A700003F0100302F004021A434A60CB6923F4C6
:106A80000063CB6100200123606584F8513010BDA4
:106A90000023C0E90433B1E70120F8E72DE9F7430B
:106AA00004461F460D469046FEF718F894F85130FC
:106AB000012B8146D8B240F09F80002D74D0B8F1F0
:106AC000000F71D094F85030012B00F09580032313
:106AD00084F8513000236365C4E91033A4F836808C
:106AE000A363A387E387A368266884F85000B3F5FF
:106AF000004F2563A4F8348007D1336823F04003A6
:106B00003360336843F4804333603368E2685B0684
:106B10005EBF336843F040033360B2F5006F6368D3
:106B200045D113B1B8F1010F07D135F8023BF3603D
:106B30002563E38E013B9BB2E386E38E9BB2D3B920
:106B40004A4639462046FFF7E3FE002851D1A368A4
:106B500033B901932368DA6801929B680193019B22
:106B6000012384F85130606D0023C01A84F850303E
:106B700018BF012018E022689368980705D5236B99
:106B800033F8021BD1602363D3E7FDF7A7FFA0EB27
:106B90000900B842D1D3791CCFD0012384F85130F9
:106BA000002384F85030032003B0BDE8F08313B114
:106BB000B8F1010F08D12B783373236B01332363B2
:106BC000E38E013B9BB2E386E38E9BB2002BB7D0F2
:106BD00023689A68920703D5226B12781A73ECE740
:106BE000FDF77CFFA0EB0900B842EDD37B1CEBD096
:106BF000D3E720236365AAE70220D5E72DE9F74311
:106C000004460D4691461E46DDF82880FDF766FFD6
:106C100094F851306268012B0746D9B20AD0B2F518
:106C2000827F40F0E580A368002B40F0E1800429DA
:106C300040F0DE80002D4BD0B9F1000F48D0002E7F
:106C400046D094F85030012B00F0D280012384F814
:106C5000503094F85130C4F83890042B1CBF0523F1
:106C600084F8513000236365C4E910332368E68754
:106C7000E6861968A687490658BF1968256358BF74
:106C800041F04001A68658BF1960E168B1F5006F78
:106C900055D10AB1012E07D135F8022BDA60E38E07
:106CA0002563013B9BB2E3860125E38E9BB28BB942
:106CB000E38F9BB273B93A4641462046FFF728FE60
:106CC000002800F0818020236365002384F8503081
:106CD000012031E021688B689A070DD5E38E9BB2C5
:106CE00053B145B1236B33F8022BCA602363E38EA3
:106CF000013B9BB2E38600258A6812F001020CD0AA
:106D0000E38F9BB24BB1A36BC96823F8021BA3634B
:106D1000E38F013B9BB2E3871546FDF7DFFEC01B07
:106D20004045C2D3B8F1FF3FBFD0012384F85130B2
:106D3000002384F85030032003B0BDE8F0830AB18B
:106D4000012E08D12A781A73236B01332363E38E53
:106D5000013B9BB2E38601252DE0226893689B07E7
:106D60000ED5E38E9BB25BB14DB1236B1B781373D1
:106D7000236B01332363E38E013B9BB2E386002543
:106D80002268916811F001010DD0E38F9BB253B1DD
:106D9000A36BD2681A70A36B0133A363E38F013B2B
:106DA0009BB2E3870D46FDF799FEC01B404502D319
:106DB000B8F1FF3FB9D1E38E9BB2002BCDD1E38F69
:106DC0009BB2002BC9D176E7A36833B9019323683E
:106DD000DA6801929B680193019B012384F851308A
:106DE000606D0023C01A84F8503018BF0120A3E75B
:106DF0000220A1E72DE9F7431E4690F85130012B00
:106E0000044689461746DDB204D00225284603B061
:106E1000BDE8F0834368B3F5827F0BD183684BB93B
:106E2000042380F85130134600960A46FFF7E6FE29
:106E30000546EBE7FDF752FE8046B9F1000FE5D0BD
:106E4000002FE3D094F85030012BDED0A268C4F8B4
:106E500038900123002584F85030B2F5004F4FF0F0
:106E6000040384F85130C4E9105565652368E78749
:106E7000A7872563A586E58607D11A6822F0400218
:106E80001A601A6822F480421A601A6855065EBFBA
:106E90001A6842F040021A60E368F3B1E38F9BB2D4
:106EA000FBB123689A68D2073CD5DA68A36B23F854
:106EB000022BA363E38F013B9BB2E387EEE72368DA
:106EC0009A68D0071ED5A26B1B7B1370A36B01338E
:106ED000A363E38F013B9BB2E387E38F9BB2002B5D
:106EE000EDD1424631462046FFF74EFD18BB012347
:106EF00084F85130656D0023ED1A84F8503018BFC6
:106F0000012583E7FDF7EAFDA0EB0800B042E4D3DA
:106F1000711CE2D0012384F85130002384F85030F2
:106F2000032573E7FDF7DAFDA0EB0800B042B5D307
:106F3000731CB3D0EEE720236365D8E770470000E9
:106F400090F83D30012B30D1022380F83D300368AA
:106F5000DA6842F00102DA60154A93421AD0B3F1BE
:106F6000804F17D0A2F57C42934213D002F5806285
:106F700093420FD002F5806293420BD002F5784223
:106F8000934207D002F57052934203D0A2F5943297
:106F9000934204D19A6802F00702062A03D01A68C5
:106FA00042F001021A60002070470120704700BFC4
:106FB000000001407047704770477047036870B524
:106FC000DD681E69B10704460DD5AA070BD56FF021
:106FD00002021A61012202779B699B0769D0FFF7C1
:106FE000EAFF00232377710710D56A070ED52368BF
:106FF0006FF004021A61022222779B6913F4407F2A
:1070000020465CD0FFF7D7FF0023237733070FD547
:1070100028070DD523686FF008021A610422227731
:10702000DB699907204650D0FFF7C5FF002323777F
:10703000F20610D5EB060ED523686FF010021A6128
:1070400008222277DB6913F4407F204643D0FFF704
:10705000B2FF00232377F00708D5E90706D5236898
:107060006FF001021A612046FAF7E0FE320608D5F9
:107070002B0606D523686FF080021A61204600F0C7
:10708000B6F8700608D5690606D523686FF0400289
:107090001A612046FFF791FFB20622D5AB0620D534
:1070A00023686FF0200220461A61BDE8704000F0AE
:1070B0009DB8FFF77FFF2046FFF77EFF91E7FFF7C0
:1070C00079FF2046FFF778FF9EE7FFF773FF204622
:1070D000FFF772FFAAE7FFF76DFF2046FFF76CFF8F
:1070E000B7E770BD294A0368904212D0B0F1804FD3
:1070F0000FD0A2F57C4290420BD002F58062904204
:1071000007D002F58062904203D002F578429042A7
:1071100008D14A6823F070031343CA6823F440730C
:10712000134316E01A4A9042F7D002F5806290426B
:10713000F3D002F580629042EFD0A2F598329042EF
:10714000EBD002F580629042E7D002F58062904277
:10715000E3D04A6923F08003134303608B68C36262
:107160000B688362094B984203D003F58063984211
:1071700001D10B690363012343610369DB0742BF4C
:10718000036923F001030361704700BF0000014061
:107190000040014010B5044630B390F83D3003F094
:1071A000FF021BB980F83C20FFF7C8FE02232068CD
:1071B00084F83D30211DFFF795FF012384F8463008
:1071C000002084F83E3084F83F3084F8403084F862
:1071D000413084F8423084F8433084F8443084F8F5
:1071E000453084F83D3010BD0120FCE77047704702
:1071F0002DE9F041D1E90738D1E9012CD1E9037635
:10720000D1E90554D1F824E0096843EA080381B9BB
:1072100043EA0E03134343EA0C033B430168334341
:107220002B4323436FF30E010B4303600020BDE8A3
:10723000F081016843EA0E0321F4F8410B43036037
:1072400042EA0C0341683B4333432B4321F4FF42A2
:10725000234322F07F0213434360E7E7CB6803F147
:10726000FF3C4B69F0B54C688F680E698D69096801
:10727000013B1B05013C013F013E013D24013F0252
:1072800036042D06013943EA0C335AB90B43234324
:1072900082683B4333432B4302F0704213438360C5
:1072A0000020F0BD826822F4700222F47042134381
:1072B000836044EA0703C2680B4333432B4302F065
:1072C00070421343C360EBE770B50446154602698C
:1072D000D1E900300343C8686FF3150243EA402345
:1072E00013438A68013A43EA42132361FDF7F6FB30
:1072F0000646A06910F0200003D06B1CF9D00DB930
:10730000032070BDFDF7EAFB801BA842F1D9F7E727
:1073100043696FF34D0343EA410343610020704723
:1073200008B54FF0E0231B6901F0F0FD012803D000
:10733000BDE8084000F0DEBB08BD0000EFF30583A8
:107340002BB9064B186828B901221A6070476FF0F4
:10735000050070474FF0FF30704700BFAC2E002093
:1073600010B5EFF305845CB9084B1A68012A0AD1FD
:10737000074AD47702221A6001F046FB204610BD6E
:107380006FF00500FBE74FF0FF30F8E7AC2E002070
:1073900000ED00E0F0B587B0144600220B460592E0
:1073A000EFF30582FAB9F0B154B3A56925B1691EAE
:1073B000372902D9002017E018256268D207F9D4CE
:1073C00066699EB1B208D4E9027C216887B1BCF13C
:1073D0005F0F08D9246934B12EB1CDE9014700957A
:1073E00001F0ABFA0590059807B0F0BD8022EAE7FE
:1073F000BCF1000FF7D12469002CF4D10C4601E058
:107400001825802205A9CDE9005192B2214601F04C
:10741000CCFA01281CBF00230593E4E708B5EFF37D
:10742000058222B908B101F04DFC002008BD6FF0C3
:107430000500FBE7F7B504460E461546EFF3058257
:1074400042B938B1884205D355B1D5E902372BB1DD
:107450004F2F22D80024204603B0F0BD002FF9D1D1
:10746000012C0CD02046314600F07CFD044600285B
:10747000F0D085B92946204601F09AF8EBE70322BF
:107480000021012000F025FD0EE01A4600F048FD25
:1074900004460028DED02D68ECE70128F5D1032151
:1074A0000091114600F0C7FC04460028D2D0002EFF
:1074B000DFD000231A46194600F072FD0128D8D00B
:1074C000204601F09FF8C5E713B50C4628B3EFF34B
:1074D0000583CBB109BB01AA019101F01CF8012879
:1074E00003D06FF0020002B010BD019B0BB9002069
:1074F000F9E74FF0E0234FF08052C3F8042DBFF3BB
:107500004F8FBFF36F8FF2E700F048FF0128EED0F6
:10751000002CE6D06FF00100E5E76FF00300E2E732
:1075200007B518B3EFF30583CBB1002301A901938D
:1075300000F045FE012804D06FF0020003B05DF8B2
:1075400004FB019B4BB14FF0E0234FF08052C3F896
:10755000042DBFF34F8FBFF36F8F0020EEE71A4665
:10756000194600F01DFD0128F7D0E5E76FF0030094
:10757000E4E7F7B505460E461446EFF305871FB15D
:107580000025284603B0F0BD0028F9D00029F7D027
:10759000DAB1D2E9023283B14F2AF1D92269002A45
:1075A000EED066694D43AE42EAD3009700F043FC4B
:1075B00005460028E4D0246811E0002AE0D12369C0
:1075C000002BDDD16369002BDAD128460022314639
:1075D00000F07FFC05460028D2D0002CEBD12146DC
:1075E000284600F0E5FFCCE773B51C46EFF30586AF
:1075F000DEB138B331B32BBB01AA019300F082FD99
:10760000012803D06FF0020002B070BD019B0BB9DE
:107610000020F9E74FF0E0234FF08052C3F8042D2B
:10762000BFF34F8FBFF36F8FF2E758B151B13346BD
:10763000224600F0B5FC0128EAD0002CE2D06FF021
:107640000100E1E76FF00300DEE737B51C46EFF31A
:107650000583DBB130B329B324BB01AA019400F048
:107660005AFF012803D06FF0020003B030BD019B28
:107670000BB90020F9E74FF0E0234FF08052C3F838
:10768000042DBFF34F8FBFF36F8FF2E750B149B1B5
:10769000224600F0E5FD0128EBD0002CE3D06FF08E
:1076A0000100E2E76FF00300DFE70000034B036037
:1076B000034B0B6080231360704700BF4C2E0020EB
:1076C0004C2C0020034B0360034B0B604FF4807382
:1076D00013607047EC2B0020EC27002010B5104BF6
:1076E0001A461B688342FBD354681119884201BFB4
:1076F0004168104609195160446801198B420CD148
:10770000084909688B4203D05968214441601968CF
:107710000160904218BF106010BD1946F8E700BF25
:10772000C82E0020C42E00202DE9F041044601F0AF
:10773000B1F94249424D0B680BBB424A56071FBF85
:10774000D01D20F0070002F58032131A0CBF4FF451
:107750008033024613443C4E083B23F007030020CD
:1077600070603260C3E90000981AC2E900300B6013
:10777000364B1860364B18604FF000432B602E6874
:10778000264255D1002C46D004F1080360071CBFE7
:1077900023F007030833002B4AD02D4F3C689C424E
:1077A00046D3294A15686868984204D2D5F800C0C3
:1077B000BCF1000F15D10968A94239D02968D2F867
:1077C00000801160C21A102A12D9E81841070BD0A4
:1077D0004FF0500383F31188BFF36F8FBFF34F8FC8
:1077E000FEE72A466546DEE742606B60FFF776FFFC
:1077F0006A681649A41A1643164A08683C600023B2
:107800002B6013686E60844203F1010338BF0C6083
:10781000136008F1080401F0E1F963070AD04FF0A2
:10782000500383F31188BFF36F8FBFF34F8FFEE7D1
:107830000024F0E72046BDE8F08100BFC42E002000
:10784000B02E0020D02E0020C82E0020BC2E0020FC
:10785000C02E0020B82E002010B5044690B31A4A5E
:1078600050F8043C1268134208D14FF0500383F3E0
:107870001188BFF36F8FBFF34F8FFEE750F8081CDE
:1078800041B14FF0500383F31188BFF36F8FBFF303
:107890004F8FFEE723EA020340F8043C01F0FAF8B8
:1078A0000A4A54F8043C1168A4F108000B44136020
:1078B000FFF714FF064A1368BDE810400133136058
:1078C00001F08CB910BD00BFB02E0020C02E0020EA
:1078D000B42E002000F108034FF0FF32C0E902236C
:1078E0004360036100230360704700230361704716
:1078F00043684B609A688A605160996003680861C8
:1079000001330360704730B50C68631C0AD103690A
:107910005A684A6091608B6059600368086101335E
:10792000036030BD00F10802134652681568A54295
:10793000FAD9EDE7D0E9011203698A60516059680C
:10794000814208BF5A60002202611A68013A1A6037
:107950001868704708480068006880F308884FF08E
:10796000000080F3148862B661B6BFF34F8FBFF397
:107970006F8F00DF00BF000008ED00E0DFF80C00B3
:10798000016841F4700101607047000088ED00E07B
:1079900082B0002301930D4B1B68013308D04FF0D8
:1079A000500383F31188BFF36F8FBFF34F8FFEE750
:1079B0004FF0500383F31188BFF36F8FBFF34F8FE6
:1079C000019B002BFCD002B0704700BF9C00002040
:1079D0004FF0807340F8043C074B40F80C3C21F01A
:1079E00001016FF0020340F8081C40F8202C40F819
:1079F000243C4438704700BF917900080000000023
:107A0000074B19680868B0E8F04F80F30988BFF3A6
:107A10006F8F4FF0000080F311887047AFF3008044
:107A2000103401204FF0500383F31188BFF36F8FA0
:107A3000BFF34F8F0A4A13680133012B13600ED135
:107A40004FF0E023D3F8043DDBB243B14FF05003D5
:107A500083F31188BFF36F8FBFF34F8FFEE770473B
:107A60009C000020084A136843B94FF0500383F389
:107A70001188BFF36F8FBFF34F8FFEE7013B136099
:107A80000BB983F3118870479C00002000000000B0
:107A9000EFF30980BFF36F8F154B1A681EF0100FBC
:107AA00008BF20ED108A20E9F04F10602DE9090091
:107AB0004FF0500080F31188BFF34F8FBFF36F8FEB
:107AC00001F024F94FF0000080F3118809BC196817
:107AD0000868B0E8F04F1EF0100F08BFB0EC108A35
:107AE00080F30988BFF36F8F704700BFAFF300804A
:107AF0001034012008B54FF0500383F31188BFF311
:107B00006F8FBFF34F8F00F0D3FF28B14FF0E0230A
:107B10004FF08052C3F8042D002383F3118808BD71
:107B20004FF0E022002313619361054B4FF47A710B
:107B30001B68B3FBF1F3013B5361072313617047EB
:107B4000900000204FF0E02337B5D3F8001D384AED
:107B5000914208D14FF0500383F31188BFF36F8F28
:107B6000BFF34F8FFEE7D3F8002D324B9A4208D176
:107B70004FF0500383F31188BFF36F8FBFF34F8F24
:107B8000FEE72D4B1A78D2B20192FF221A701B78B1
:107B90002A4ADBB28DF803309DF8033003F050031E
:107BA0001370274A072313609DF803101368090612
:107BB0000AD4032B11D04FF0500383F31188BFF385
:107BC0006F8FBFF34F8FFEE7013B13609DF80330CB
:107BD0005B00DBB28DF80330E6E74FF440731360CF
:107BE000019B154A4FF0E024DBB21370D4F8203D1E
:107BF00043F47003C4F8203DD4F8203D43F07043B3
:107C0000C4F8203DFFF78CFF0E4B00251D60FFF7E9
:107C1000B5FED4F8343F43F04043C4F8343FFFF797
:107C200099FE01F073F8FFF7B3FE284603B030BDAC
:107C300071C20F4170C20F4100E400E0D42E012058
:107C4000D02E01209C000020EFF305830F2B0ED9CE
:107C5000114A9B5C114A12789A4208D94FF050039E
:107C600083F31188BFF36F8FBFF34F8FFEE74FF0A1
:107C7000E0230B4AD3F80C3D126803F4E06393420F
:107C800008D94FF0500383F31188BFF36F8FBFF310
:107C90004F8FFEE7704700BFF0E300E0D42E0120D5
:107CA000D02E012010B50446FFF7BCFEA46BFFF7F1
:107CB000D9FEB4FA84F0400910BD70B51646026CC6
:107CC000856B044642B906689EB9806801F06CF97C
:107CD000A6600135A56370BD6EB940681BF07FFBDF
:107CE0006368226C1344A2686360934224BF2368D4
:107CF00063600020EDE7C0681BF071FB226CE36855
:107D000051429B1A2268E36093423EBFA3685B180E
:107D1000E360022EEDD10DB1013DEAE72846D8E738
:107D2000034610B41A6C08466AB1DC6899681444BA
:107D30008C4228BF1968DC6028BFD960D9685DF81B
:107D4000044B1BF04CBB5DF8044B704770B5044608
:107D5000FFF768FE94F8455004F124066DB2002D3B
:107D600001DD636AB3B9FF2384F84530FFF77AFE7B
:107D7000FFF758FE94F8445004F110066DB2002D40
:107D800001DD23697BB9FF2384F84430BDE87040EE
:107D9000FFF768BE304601F02BF808B101F0B0F8EB
:107DA000013D6DB2DBE7304601F022F808B101F089
:107DB000A7F8013D6DB2E2E738B50D46044640B97B
:107DC0004FF0500383F31188BFF36F8FBFF34F8FD2
:107DD000FEE7FFF727FED4E90F31226862604B43CC
:107DE000D0185B1A1A44A060FF230020A063E26051
:107DF00084F8443084F84530A5B9236973B104F19F
:107E0000100000F0F5FF48B14FF0E0234FF0805232
:107E1000C3F8042DBFF34F8FBFF36F8FFFF722FE20
:107E2000012038BD04F11000FFF754FD04F12400D7
:107E3000FFF750FDF2E737B50D461C4640B94FF04D
:107E4000500383F31188BFF36F8FBFF34F8FFEE7AB
:107E500043B94FF0500383F31188BFF36F8FBFF323
:107E60004F8FFEE74AB191B94FF0500383F3118869
:107E7000BFF36F8FBFF34F8FFEE741B14FF0500359
:107E800083F31188BFF36F8FBFF34F8FFEE750234B
:107E90000193019B502B08D04FF0500383F31188BE
:107EA000BFF36F8FBFF34F8FFEE70121002D08BF97
:107EB0002246C4E90F0584F8461022602046019B43
:107EC000FFF77AFF9DF8183084F84C30204603B055
:107ED00030BDF8B50D461746064640B94FF0500381
:107EE00083F31188BFF36F8FBFF34F8FFEE74843D3
:107EF0005030FFF719FC044670B1002380F846307B
:107F000065B100F15003C4E90F65236001212046EB
:107F1000FFF752FF84F84C702046F8BD0346F2E7A5
:107F200013B513460C4640B94FF0500383F3118844
:107F3000BFF36F8FBFF34F8FFEE7884208D24FF039
:107F4000500383F31188BFF36F8FBFF34F8FFEE7AA
:107F50000222009200221146FFF76DFF00B18463F8
:107F600002B010BD10B50C4640B94FF0500383F37A
:107F70001188BFF36F8FBFF34F8FFEE7884208D29F
:107F80004FF0500383F31188BFF36F8FBFF34F8F10
:107F9000FEE702220021FFF79CFF00B1846310BDC1
:107FA0002DE9FF410F4601921E46044640B94FF0AD
:107FB000500383F31188BFF36F8FBFF34F8FFEE73A
:107FC00051B9036C43B14FF0500383F31188BFF3F1
:107FD0006F8FBFF34F8FFEE7022E0BD1E36B012BA8
:107FE00008D04FF0500383F31188BFF36F8FBFF3B6
:107FF0004F8FFEE700F08AFF054620B300254FF0C3
:108000000008FFF70FFDA26BE36B9A4227D23246BE
:1080100039462046FFF751FE636A1BB104F1240084
:1080200000F0E6FE48B14FF0E0234FF08052C3F875
:10803000042DBFF34F8FBFF36F8FFFF713FD0120A8
:1080400004B0BDE8F081019B002BD8D04FF0500365
:1080500083F31188BFF36F8FBFF34F8FFEE7022EBC
:10806000D5D0019B1BB9FFF7FDFC0020E8E715B94F
:1080700002A800F0FDFEFFF7F5FC00F00BFDFFF796
:10808000D1FC94F84430FF2B08BF84F8448094F866
:108090004530FF2B08BF84F84580FFF7E3FC01A9BA
:1080A00002A800F0F1FE38BBFFF7BCFCA26BE36B4B
:1080B0009A420ED1FFF7D6FC019904F1100000F0AE
:1080C0005FFE2046FFF742FE00F088FD48B1012523
:1080D00097E7FFF7C7FC2046FFF738FE00F07EFD6C
:1080E000F5E74FF0E0234FF08052C3F8042DBFF3C3
:1080F0004F8FBFF36F8FEAE72046FFF727FE00F0B0
:108100006DFDB2E72DE9F843894617461E46044641
:1081100040B94FF0500383F31188BFF36F8FBFF363
:108120004F8FFEE751B9036C43B14FF0500383F317
:108130001188BFF36F8FBFF34F8FFEE7022E0BD175
:10814000E36B012B08D04FF0500383F31188BFF38A
:108150006F8FBFF34F8FFEE7FFF776FDEFF31188C8
:108160004FF0500383F31188BFF36F8FBFF34F8F2E
:10817000A26BE36B9A4201D3022E1ED194F84550B4
:10818000A36B6DB2324649462046FFF796FD6B1C45
:108190000ED1636A3BB104F1240000F029FE10B156
:1081A0000FB101233B60012088F31188BDE8F883FB
:1081B00001356DB284F84550F5E70020F4E770B55D
:1081C0000D46044640B94FF0500383F31188BFF3C6
:1081D0006F8FBFF34F8FFEE7036C43B14FF0500337
:1081E00083F31188BFF36F8FBFF34F8FFEE70368F0
:1081F00053B9836843B14FF0500383F31188BFF341
:108200006F8FBFF34F8FFEE7FFF71EFDEFF3118671
:108210004FF0500383F31188BFF36F8FBFF34F8F7D
:10822000A26BE36B934219D994F845100132FF29F0
:108230004BB2A2630DD1636A3BB104F1240000F09C
:10824000D7FD10B10DB101232B60012086F31188F9
:1082500070BD01335BB284F84530F6E70020F5E7E6
:108260002DE9FF410E460192044640B94FF05003FC
:1082700083F31188BFF36F8FBFF34F8FFEE751B9C0
:10828000036C43B14FF0500383F31188BFF36F8F3A
:10829000BFF34F8FFEE700F039FE054618B3002507
:1082A0004FF00008FFF7BEFBA76B47B331462046EF
:1082B000013FFFF735FDA763236973B104F1100097
:1082C00000F096FD48B14FF0E0234FF08052C3F824
:1082D000042DBFF34F8FBFF36F8FFFF7C3FB012058
:1082E00004B0BDE8F081019B002BD9D04FF05003C2
:1082F00083F31188BFF36F8FBFF34F8FFEE7019BAE
:108300001BB9FFF7AFFB0020EAE715B902A800F0A0
:10831000AFFDFFF7A7FB00F0BDFBFFF783FB94F871
:108320004430FF2B08BF84F8448094F84530FF2B7D
:1083300008BF84F84580FFF795FB01A902A800F06B
:10834000A3FD00BB2046FFF7ADFCB0B1019904F1DD
:10835000240000F015FD2046FFF7F8FC00F03EFC7D
:1083600048B94FF0E0234FF08052C3F8042DBFF31B
:108370004F8FBFF36F8F012594E72046FFF7E6FC90
:1083800000F02CFCF7E72046FFF7E0FC00F026FCAD
:108390002046FFF787FC0028EDD0B4E7F0B585B0A4
:1083A0000446019140B94FF0500383F31188BFF3A5
:1083B0006F8FBFF34F8FFEE7056C45B14FF0500351
:1083C00083F31188BFF36F8FBFF34F8FFEE700F089
:1083D0009DFD064620B32E460027FFF723FBA36B27
:1083E00053B3013BA363236813B900F06DFEA06093
:1083F000236973B104F1100000F0FAFC48B14FF0AA
:10840000E0234FF08052C3F8042DBFF34F8FBFF32A
:108410006F8FFFF727FB012005B0F0BD3546DBE786
:10842000019B002BFAD04FF0500383F31188BFF368
:108430006F8FBFF34F8FFEE7019B53B9002D66D0BE
:108440004FF0500383F31188BFF36F8FBFF34F8F4B
:10845000FEE716B902A800F00BFDFFF703FB00F0E2
:1084600019FBFFF7DFFA94F84430FF2B08BF84F8BC
:10847000447094F84530FF2B08BF84F84570FFF72F
:10848000F1FA01A902A800F0FFFC50BB2046FFF75B
:1084900009FC00B323683BB9FFF7C4FAA06800F0F9
:1084A00045FD0546FFF7DEFA019904F1240000F0CE
:1084B00067FC2046FFF74AFC00F090FB48B94FF0FC
:1084C000E0234FF08052C3F8042DBFF34F8FBFF36A
:1084D0006F8F012681E72046FFF738FC00F07EFB16
:1084E000F7E72046FFF732FC00F078FB2046FFF765
:1084F000D9FB0028EDD065B1FFF794FA616A19B194
:10850000236B1968C1F13801A06800F08FFDFFF7F7
:10851000A9FA002080E72DE9F843894690460446F1
:1085200040B94FF0500383F31188BFF36F8FBFF34F
:108530004F8FFEE751B9036C43B14FF0500383F303
:108540001188BFF36F8FBFF34F8FFEE7FFF77CFB00
:10855000EFF311874FF0500383F31188BFF36F8F50
:10856000BFF34F8FA56B0DB394F84460494676B2C4
:108570002046FFF7D5FB013D731CA56311D123698C
:1085800053B104F1100000F033FC28B1B8F1000F32
:1085900002D00123C8F80030012087F31188BDE81C
:1085A000F883013676B284F84460F5E72846F4E7AC
:1085B00030B5074A002352F8335002EBC3041DB90B
:1085C00042F83310606030BD0133082BF3D1FAE775
:1085D000D82E012010B5094A002352F833108142E9
:1085E0004FEAC30406D1064A002142F83310224460
:1085F000516010BD0133082BEFD1FAE7DC2E0120CA
:10860000D82E012010B540B94FF0500383F31188E4
:10861000BFF36F8FBFF34F8FFEE7FFF7DBFF90F8DD
:1086200046301BB9BDE81040FFF716B910BD70B554
:1086300004460D461646FFF7F5F994F84430FF2B33
:1086400004BF002384F8443094F84530FF2B04BF66
:10865000002384F84530FFF705FAA36B2BB93246A7
:10866000294604F1240000F0A5FB2046BDE8704037
:10867000FFF76CBB2DE9F0410446FFF7D3F9304B0F
:10868000304E1A68304F01321A603568002D4BD1D8
:1086900034601B68012B1FD1B84640460135FFF7F7
:1086A00019F9382D08F11408F7D1DFF8C480274DE7
:1086B0004046FFF70FF92846FFF70CF92448FFF76B
:1086C00009F92448FFF706F92348FFF703F9234B7C
:1086D000C3F80080224B1D60224A136801331360E7
:1086E000214A63641168E36A14208B4200FB037023
:1086F00004F1040188BF1360FFF7FAF8FFF7B2F93D
:108700001A4B1B6873B13368DA6AE36A9A4209D27A
:108710004FF0E0234FF08052C3F8042DBFF34F8F8A
:10872000BFF36F8FBDE8F081104B1A68E36A002A2F
:10873000D2D13268D26A9A4298BF3460CCE700BF87
:108740003C2F012010340120B02F0120882F012060
:108750006C2F0120582F0120402F0120842F012051
:10876000802F0120202F0120342F0120302F0120C5
:108770009C2F0120F8B5154B154D1C68064628683E
:1087800004300F46FFF7D6F8731C07D137B12968BC
:108790001048BDE8F8400431FFF7AAB82B68A419C7
:1087A0005C6007D30C4B18682968BDE8F8400431B9
:1087B000FFF7A9B8094B186829680431FFF7A3F837
:1087C000074B1A68A24288BF1C60F8BD382F0120F1
:1087D00010340120402F0120802F0120842F012000
:1087E0001C2F0120064A13681968064B19B94FF06F
:1087F000FF321A6070471268D268D2685268F8E790
:10880000842F01201C2F012010B590F85D30044604
:108810003BB9006BFFF720F82046BDE81040FFF79A
:108820001BB8012BF9D0022B08D04FF0500383F373
:108830001188BFF36F8FBFF34F8FFEE710BD0000AD
:1088400080B5134C134F144D236873B9134B1B6839
:10885000012BF8D94FF0E0234FF08052C3F8042DDC
:10886000BFF34F8FBFF36F8FEDE7FFF7DBF8FB68C8
:10887000DE68301DFFF75EF82B68013B2B60236834
:10888000013B2360FFF7EEF83046FFF7BDFFDBE763
:10889000542F0120582F01203C2F0120B02F012000
:1088A0002DE9F047DDE909949600324607460D466A
:1088B000206BA52198461AF0C2FC236B043E1E448F
:1088C00026F00706B5B36B1E04F133020F3513F81B
:1088D000011F02F8011F09B1AB42F8D1002384F84F
:1088E0004330089D372D28BF37254FF0000AE56239
:1088F000E564201DC4F850A0FEF7F7FFC5F1380568
:1089000004F11800FEF7F1FFC4F858A02461A56136
:108910006462C4F854A084F85CA0424639463046EC
:10892000FFF756F82060B9F1000F01D0C9F80040F8
:10893000BDE8F08784F83450D3E770B586B0DDE940
:108940000B5445B94FF0500383F31188BFF36F8F79
:10895000BFF34F8FFEE744B94FF0500383F3118804
:10896000BFF36F8FBFF34F8FFEE760260596059E1E
:10897000602E08D04FF0500383F31188BFF36F8F40
:10898000BFF34F8FFEE72563022584F85D5004ADE9
:1089900001950A9D02940095059EFFF781FF2046F0
:1089A000FFF768FE049806B070BD2DE9F043074656
:1089B00085B09000884616469946FEF7B5FE0546F6
:1089C00020B94FF0FF3005B0BDE8F0836020FEF71E
:1089D000ABFE044698B1002380F85D300D9B056323
:1089E00001930C9B0290009332464B464146384619
:1089F000FFF756FF2046FFF73DFE0120E3E728463C
:108A0000FEF72AFFDDE7000010B588B0002407AAB2
:108A100006A905A8CDE90544FEF748FE059B02938B
:108A2000069B079A16491748CDE900432346FFF7EE
:108A300084FF18B300F0A6FB012814D14FF05003B7
:108A400083F31188BFF36F8FBFF34F8F0E4B4FF03F
:108A5000FF321A600D4B18600D4B1C6008B0BDE86A
:108A60001040FFF76FB8013008D14FF0500383F387
:108A70001188BFF36F8FBFF34F8FFEE708B010BDB3
:108A8000A0490208418800081C2F0120302F012036
:108A9000382F0120024A136801331360704700BF6A
:108AA000182F0120014B1868704700BF382F012094
:108AB0003F4B1B682DE9F74F002B72D13D4B1C68D3
:108AC00001341C60BCB93C4B1A68126842B14FF0CB
:108AD000500383F31188BFF36F8FBFF34F8FFEE70F
:108AE000364A1968106818601160354A13680133F6
:108AF0001360FFF777FE334D334E2B68334F9C42A4
:108B00004FF0000B12D23A68D26A14214A43B2588D
:108B1000022A2F4A126828BF4FF0010B002A18BF03
:108B20004FF0010B584603B0BDE8F08FDFF8889096
:108B3000DFF8A4A0D9F8002012681AB94FF0FF326C
:108B40002A60E0E7D9F80020D268D2F80C80D8F883
:108B500004108C4201D22960D5E708F104031846BD
:108B60000193FEF7E7FED8F8281019B108F11800B4
:108B7000FEF7E0FED8F82C00DAF800101423884243
:108B800088BFCAF80000019903FB0060FEF7B0FE41
:108B90003868D8F82C10C26A914228BF4FF0010BF8
:108BA000C8E70C4A1368013313604FF0000BB9E7B4
:108BB000182F0120382F0120842F0120802F012021
:108BC000242F01201C2F0120B02F01201034012060
:108BD000282F01202C2F0120342F01202DE9F041D6
:108BE000304C236843B94FF0500383F31188BFF32F
:108BF0006F8FBFF34F8FFEE7FEF714FF2368013B33
:108C0000236024682CB10024FEF72CFF2046BDE829
:108C1000F081254B1B68002BF5D0244D244EDFF846
:108C2000A0801DE0EB68DC68271D04F11800FEF74A
:108C300081FE3846FEF77EFEE36A326814209342D6
:108C400000FB0380394688BF3360FEF751FE194BA5
:108C5000E26A1B68DB6A9A4202D3174B01221A6050
:108C60002B68002BDED10CB1FFF7BCFD134D2C6837
:108C700044B1114E0127FFF71BFF00B13760013CE3
:108C8000F9D12C600C4B1B68002BBCD04FF0E023BB
:108C90004FF08052C3F8042DBFF34F8FBFF36F8F97
:108CA0000124B1E7182F01203C2F01206C2F012057
:108CB000342F012010340120282F01202C2F0120D7
:108CC000B02F012008B550B94FF0E0234FF080528B
:108CD000C3F8042DBFF34F8FBFF36F8F08BD0A4B4E
:108CE000196841B14FF0500383F31188BFF36F8FC0
:108CF000BFF34F8FFEE7FFF7CDFEFFF73BFDFFF71A
:108D00006DFF0028E0D0E9E7182F0120174B1A6803
:108D1000174B70B512B101221A6070BD154D1A6063
:108D20002A681549142606FB02F3C818CC588CB1E2
:108D300044680833646844600B449C4204BF636821
:108D40004360142303FB02114B68D9680B4B196075
:108D50002A60E2E742B94FF0500383F31188BFF372
:108D60006F8FBFF34F8FFEE7013ADCE7182F01202A
:108D7000282F0120342F0120B02F01201034012092
:108D800010B50C4640B94FF0500383F31188BFF380
:108D90006F8FBFF34F8FFEE7054B19681831FEF751
:108DA000B2FD20460121BDE81040FFF7E3BC00BF43
:108DB0001034012038B50D46144640B94FF0500329
:108DC00083F31188BFF36F8FBFF34F8FFEE7074B1D
:108DD00019681831FEF78CFD002C21460CBF28467F
:108DE0004FF0FF30BDE83840FFF7C4BC103401201D
:108DF00038B5C368DC6844B94FF0500383F3118879
:108E0000BFF36F8FBFF34F8FFEE704F118052846BD
:108E1000FEF790FD104B1B68DBB9251D2846FEF7B9
:108E200089FD0E4AE36A11688B4288BF13600C4AC1
:108E30001420294600FB0320FEF75AFD094BE26A85
:108E40001B68DB6A9A4283BF074B01201860002031
:108E500038BD06482946EFE7182F0120342F01209E
:108E6000B02F012010340120282F01206C2F012069
:108E7000034B1B680360034B1B684360704700BFD4
:108E8000242F0120382F012070B50C46054640B92B
:108E90004FF0500383F31188BFF36F8FBFF34F8FF1
:108EA000FEE741B94FF0500383F31188BFF36F8F92
:108EB000BFF34F8FFEE7FEF7B5FD0F4B1968236830
:108EC0005A1C10D00D482E6800686A68864201D08E
:108ED0008A420FD9881A83420AD95B1A1344236045
:108EE0002846FFF7C5FF0024FEF7BCFD204670BDF5
:108EF000002323600124F7E7382F0120242F0120CD
:108F0000014B01221A607047282F0120054B1B6876
:108F100033B1054B1868B0FA80F040094000704743
:108F200001207047302F0120182F0120F8B504468A
:108F300038B31A4DC36A2A68D26A934226D282692C
:108F4000174E002AA1BF2A68D26AC2F13802826194
:108F5000142202FB036342699A4213D1071D38466B
:108F6000FEF7E8FC2B680F4ADB6A1168E362142005
:108F70008B4200FB0360394688BF1360FEF7B8FCE4
:108F80000120F8BD2B68DB6AC362F9E72B68C06C6F
:108F9000DB6A98422CBF00200120F2E71034012048
:108FA000B02F0120342F012038B508B9002038BD7A
:108FB0001B4B1C68844208D04FF0500383F3118888
:108FC000BFF36F8FBFF34F8FFEE7236D43B94FF0B1
:108FD000500383F31188BFF36F8FBFF34F8FFEE70A
:108FE000E16AE26C013B91422365DFD0002BDDD1C9
:108FF000251D2846FEF79EFCE36CE362C3F13802B0
:10900000A261084A11688B4288BF1360064A142087
:1090100000FB03202946FEF76BFC0120C7E700BFD9
:1090200010340120342F0120B02F012070B50446E8
:10903000002841D0026D42B94FF0500383F31188EC
:10904000BFF36F8FBFF34F8FFEE7C36C994238BFFA
:109050001946C36A8B422FD0012A2DD1174A1268B4
:10906000824208D14FF0500383F31188BFF36F8F12
:10907000BFF34F8FFEE78269114DC162002A4FF0A6
:10908000140202FB03534269A4BFC1F1380181619C
:109090009A4211D1061D3046FEF74CFC094AE36A9C
:1090A000116814208B4200FB03503146BDE870402C
:1090B00088BF1360FEF71CBC70BD00BF10340120D8
:1090C000B02F0120342F0120044B1A681AB11968FF
:1090D0000A6D01320A651868704700BF103401201C
:1090E000914208B5416000610AD8D21A83699A4258
:1090F0000DD2084B011D1868FEF705FC002008BDC5
:109100009A4201D2994202D2034B011DF3E701209A
:10911000F5E700BF1035012014350120F7B5114CDB
:10912000FEF780FC2568BDB90F4F104E3846FEF79C
:10913000D1FB3046FEF7CEFB0D4B0E4A1F600E4BA7
:1091400010211E600A200D4B0095FEF774FE206072
:1091500010B10B49FFF72CFA03B0BDE8F040FEF761
:1091600081BC00BF0C3501202C35012018350120B1
:1091700014350120643401201035012014340120FD
:10918000A549020810B588B0FFF7C8FF124B1B684D
:10919000B3B1002407AA06A905A8CDE90544FEF746
:1091A00091FA059B0293069B019302230093079A71
:1091B0000A490B482346FFF7C0FB0A4B186040B929
:1091C0004FF0500383F31188BFF36F8FBFF34F8FBE
:1091D000FEE7012008B010BD0C350120AA490208A5
:1091E000E5920008083501207FB5164604461A4668
:1091F00040B94FF0500383F31188BFF36F8FBFF373
:109200004F8FFEE70D4D286880B10529CDE9001686
:1092100002940DDCFFF77AFE0023022808BF089AAB
:10922000286818BF1A466946FEF7BAFE04B070BD3A
:1092300000236946FEF766FFF8E700BF0C35012002
:109240002DE9F347DFF898800646FFF72BFCD8F8A6
:1092500000308342054609D91F4F3B681A686AB936
:109260001E4A116839601360012300E0002328467C
:109270003360C8F8005002B0BDE8F087DB68DC68F6
:10928000D3F8009004F1040A5046FEF753FB236A1A
:109290002046984794F828305B07DED5A3694B44F5
:1092A000994506D23868636024615146FEF72BFB6E
:1092B000D3E7002300934A4619462046FFF794FF60
:1092C0000028CAD14FF0500383F31188BFF36F8F8A
:1092D000BFF34F8FFEE700BF14350120103501208A
:1092E000043501202DE9F0436E4D6F4E89B02B6897
:1092F000D3F80080B8F1000F35D0DB68D3F80080D8
:109300000024FFF7C7FB04A8FFF79AFF049B8146E0
:10931000002B69D1002C4CD1404550D3FFF75EFCA7
:109320002B68DB68DF68381DFEF704FB97F82830F0
:1093300058071AD5B96943464A4641443846FFF7AB
:10934000CFFEB0B100942346424621463846FFF78F
:109350004BFF70B94FF0500383F31188BFF36F8F49
:10936000BFF34F8FFEE70124CBE723F0010387F81B
:1093700028303B6A384698473068002204A9FEF737
:109380006FFF0028B3D0049B0698002B2FDB069CB0
:109390006369002B32D103A8FFF752FF049B0246FA
:1093A000092BE9D8DFE803F02E2E2E575E762E2EFD
:1093B000575E3E4B1B681C68B4FA84F4640930683D
:1093C0002246A8EB0901FFF732F9FFF707FC002856
:1093D000D2D14FF0E0234FF08052C3F8042DBFF3F9
:1093E0004F8FBFF36F8FC7E7FFF7F8FBC4E7059B0D
:1093F00007999847049B002BBEDBC8E7201DFEF7AA
:1094000099FAC8E794F82830A16943F0010384F879
:109410002830059B20461944FFF762FE0028ABD098
:10942000236A2046984794F828305907A4D5A269A2
:10943000059900230A44009319462046FFF7D4FEFD
:10944000002899D14FF0500383F31188BFF36F8F39
:10945000BFF34F8FFEE794F8283023F0010384F820
:10946000283089E794F8283043F0010384F8283045
:109470000599A16141B94FF0500383F31188BFF3FF
:109480006F8FBFF34F8FFEE7034601442046FFF77F
:1094900027FE71E794F828309A07DED42046FEF7BD
:1094A000DBF969E7143501200C3501201035012066
:1094B0008088704770B5036805460C465B6A0021DA
:1094C00098472B6806461B6A28469847A41BA4B2F7
:1094D000B4FBF0F070BD00238380704710B50368C3
:1094E00081885B6A04469847A3880133A38010BD36
:1094F00003685B6A18477047024A02600022828054
:10950000704700BFD4530208836A00202BB120B9F2
:109510005A1A504250419B69F8E77047002348614E
:109520008B61836A13B98162704713469A69002A76
:10953000FBD1996170470022836A23B199698162E6
:10954000C3E90522F8E770470023836270470022D1
:10955000028042808280C280704770B5846A0D4666
:1095600016463CB1236820465B6D32462946984733
:10957000A469F6E770BD38B5846A0D4634B12B682E
:1095800021469B6828469847A469F7E738BD70478D
:1095900010B52C21044618F00EFD204610BD836A3C
:1095A0009BB18B4209D19A6900215961826202B94B
:1095B00070479961704713463AB19A698A42FAD165
:1095C0008A699A610023C1E90533704710B4836A40
:1095D00004462BB903685DF8044B1B6E114618470F
:1095E00041B99361826254615DF8044B7047034650
:1095F0000028F9D099429869F9D190618A61F2E71F
:109600002DE9F0411F4690F824300D46164603B16F
:109610003860846A14B394F82530EBB1B4F90410BF
:109620008D4219DB238989B20B441BB29D4213DAA8
:10963000B4F9062096420FDB638992B213441BB241
:109640009E4209DA2368B21A691AD3F8248012B24A
:109650003B4609B22046C047A469DBE7BDE8F0817C
:109660002DE9F04F6E4CA1B024682A9D94F84990E2
:10967000039300242C802B9D2C801C600646CDE992
:109680000112FFF7BDFFB9F1030F40F3C28031466D
:109690000CA807F0F3F8BDF930300693BDF932306D
:1096A0000793039BD3F800A0BAF1000F00F0B48039
:1096B000514610A807F0E2F8019B069ABDF9441044
:1096C0009D18BDF94030079A022091FBF0F1194432
:1096D0006D1A029BBDF942101344BDF9462092FB5E
:1096E000F0F20A449B1A5B4305FB05354D4F0FCF43
:1096F00010AC0FC40FCF0FC40FCF0FC497E80F00EB
:10970000B9F10C0F84E80F004FF00303C8BF98466F
:10971000CDF800904FF00004DCBF09F1FF3292FB5E
:10972000F3F8631C10AA04F00104089302EB44143C
:10973000009B93FBF8F39BB204344FF0000B0493AF
:10974000049A54F8043C13FB02F3019A9BB2991853
:109750000593B6F9043009B299424DDB32891344BE
:109760001BB2994248DA049B276817FB03F7029B58
:10977000BFB2FA18B6F9063012B29A423CDB7089D1
:1097800003441BB29A4237DA00230B9330460BABEB
:10979000FFF736FF0B9A7AB352452DD011460EA82B
:1097A000099207F06BF8069ABDF93800019BBDF9E4
:1097B0003C10BDF93EC013444FF0020E91FBFEF188
:1097C0000144581A079A029BBDF93A109CFBFEFC13
:1097D00013448C44A3EB0C035B4300FB0033AB420C
:1097E000099A08D203980B9901602A990598088074
:1097F0002B991D460F8092460BF1010BBBF1040F14
:1098000004F108049CD1009B089C4B444445009300
:1098100087D121B0BDE8F08F4FF0FF3566E700BF7C
:109820004C350120843E02082DE9F043B1F9007067
:109830008C88B0F900903C44A4B20FFA84F8C1457A
:109840002FDA82884A4492B20FFA82FE774528DAEC
:10985000B1F90250CB88B0F902602B441BB29E4292
:109860001FDAC38833449BB20FFA83FC654518DACC
:109870004F45B8BF4F46B542B8BF3546F045D8BF93
:109880002246D21B82804A88C98807800A4492B245
:1098900011B28C45A8BF13465B1BC3804580BDE851
:1098A000F0830023038043808380C380F7E7B0F90F
:1098B0000430002B06DDB0F906000028CCBF0020E4
:1098C00001207047012070472DE9F04100238D6A87
:1098D0000380044643808380C380002D40D0281D30
:1098E000FFF7E5FF88B92046FFF7E1FFB5F904204F
:1098F000B5F90630B5F908E0B5F90AC038B12280EB
:109900006380A4F804E0A4F806C0AD69E5E7B4F903
:109910000000B4F90210B4F8048090420746A8BFD2
:1099200017467244B4F806E0278099420E46404438
:10993000A8BF1E467144634400B212B209B21BB202
:109940009042ACBFC7EB0002C7EB02029942ACBF2A
:10995000C6EB0103C6EB03036680A280E380D4E775
:109960002046BDE8F0812DE9F34190F8253083B31E
:10997000846A74B3B1F90050B1F90260B1F90470AE
:10998000B1F9068094F8253003B36846211DADF87F
:109990000050ADF80260ADF80470ADF80680FFF736
:1099A00043FF6846FFF783FF80B9BDF80030A28807
:1099B0009B1AADF80030E288BDF802309B1AADF872
:1099C0000230236869469B6820469847A469002CAA
:1099D000D8D102B0BDE8F08173B590F825300D46BE
:1099E000164623B3846A14B394F82530EBB1286883
:1099F00069686B4603C36846211DFFF715FF68467B
:109A0000FFF755FF88B9BDF80030A2889B1AADF862
:109A10000030E288BDF802309B1AADF802302368AE
:109A20003246DB6D694620469847A469DBE702B001
:109A300070BD13B50368D3F8B4400023CDE90033FB
:109A40006B46A04702B010BD012380F84B3080F870
:109A50006D307047012380F84B3080F86D307047CF
:109A6000436801225A72406803681B6918474068BE
:109A700003689B68184730B58BB004689DF8585050
:109A800009959DF8545008959DF850500795BDF8DC
:109A90004C5006959DF8485005959DF84450049506
:109AA000BDF840500395BDF83C500295BDF83850C4
:109AB000CDE900351346246C0022A0470BB030BD21
:109AC000044B1B7823B190F86E0080F001007047C2
:109AD000012070474A35012010B5044640680368EC
:109AE0009B68984794F86D3013B1012384F86E3069
:109AF00010BD10B50446F7F71FF8F6F727FF6068AA
:109B00000368DB689847E06803689B6898472368A8
:109B100020469B6FBDE81040184700007FB50368E2
:109B2000624DD3F8C03004469847002800F09E806C
:109B300094F84830022B02D00120F6F785FE94F805
:109B40006A3084F86B3094F87930002684F86A60C3
:109B500084F84B6033B123682046D3F8D43098475B
:109B600084F8796094F84A30626883F00103537294
:109B700001262E7005F034FC03685B6B984794F85F
:109B80006B300BB984F86B6005F02AFC03685B69E5
:109B90009847E06D03681B69984794F86B3094F818
:109BA0006C20013BDBB284F86B300AB1002BEBD1A7
:109BB0003F4A94F96810137801335BB299421370ED
:109BC00010DCE06800231370036803AADB6802A9B5
:109BD00098472368002859D0D3F8CC30DDE9021229
:109BE00020469847606900238DF8073058B1036814
:109BF0000DF10701DB68984728B1E06D9DF807106B
:109C00000368DB68984704F11C0017F0D3FB94F855
:109C100070300BB3206903681B699847636F064671
:109C200003B96067636F234AF31A934214D920691A
:109C300003689B699847636F6422F31AB3FBF2F3DE
:109C4000B0FBF3F0002826DC84F869202069036863
:109C50000021DB699847666723682046D3F8E03027
:109C6000984705F0BDFB03689B6B98472368204627
:109C7000D3F8C430984794F84830022B02D0012022
:109C8000F6F70CFE00232B7004B070BDD3F8D03073
:109C900020469847A6E76328CBBF0023C0F16400A5
:109CA00084F8693084F86900D0E700BF503501209E
:109CB0005135012000E1F50510B50446F6F76CFFBB
:109CC000636800229A7210BDC1651C3017F070BB2A
:109CD00030B587B0044604A8CDE9041205F068F950
:109CE000049BADF80C3006A9059B21F80A3D03A89A
:109CF00005F0B0F994F86F10BDF80C20BDF80E30E7
:109D000004F11C0089B1B4F864500093B4F86010F9
:109D100013462A4617F05CFB28B1BDF90C302366C8
:109D2000BDF90E30636607B030BD17F091FB01231B
:109D300084F86F30F1E710B5002B46D081EA0200BD
:109D4000C40708D50B44013A8B423ED912F8010FE3
:109D500001F8010BF8E7D00742BF12F8010B01F838
:109D6000010B03F1FF33012B11D981EA0204A4078F
:109D7000104622D023F001040C448C42024604D940
:109D8000128821F8022B0230F7E703F0010323F0D9
:109D9000030008448842144604D9246841F8044B5F
:109DA0000432F7E703F003030B44013A8B420CD96A
:109DB00012F8010F01F8010BF8E79007E7D032F82D
:109DC000020B21F8020B023BE1E7012010BD10B5A8
:109DD00090F86F30044653B1B0F86430B0F86020AA
:109DE00001211C3017F034FB002384F86F3010BDC4
:109DF0002DE9F04385B004AD0446002045F8040D7C
:109E0000A06906680195BDF83050009535689946FF
:109E10000F469046A847104D0646A5F80090F9F762
:109E20003BFB0368DB6A984728B101280BD030461A
:109E300005B0BDE8F0832B8808FB0372039BA3EBFE
:109E40004203E363F3E72A88039B08FB027202EBF9
:109E500042029A1AE263EAE746350120F8B5154B4B
:109E600090F87D401B88C56B93FBF4F40F460646C3
:109E7000F9F712FB0368DB6A984701280BD003D37C
:109E8000022810D0F563F8BD0B4B19887C434C4376
:109E9000A5EB4405F6E7084B19887C434C4304EBDB
:109EA00044042D1BEEE7044B19887C434C43A5EB7F
:109EB0008405E7E74835012046350120F0B58BB031
:109EC000174604460E461D46F9F7E6FA0368DB6AB4
:109ED00098479DF854300790CDE908030D4B226850
:109EE0001B8806939DF8503005939DF84C300493E1
:109EF000BDF848300393BDF844300293BDF84030BC
:109F0000CDE900533146156C3B4600222046A84758
:109F10000BB0F0BD463501202DE9F04398460368AB
:109F20001D6C154B8BB01746B3F800900E460446D7
:109F3000F9F7B2FA0368DB6A98479DF85830CDE923
:109F400008030223CDE90693012305939DF85430BD
:109F50000493BDF850300393BDF84C300293BDF824
:109F600048300022CDE9008331463B462046A847D1
:109F70000BB0BDE8F08300BF463501202DE9F0436A
:109F800098460368DD6D114B87B0B3F800900E461C
:109F900017460446F9F780FA0368DB6A98479DF88C
:109FA0004430CDF80C90CDE904039DF84030029385
:109FB000BDF83C300193BDF8383000933A46434633
:109FC00031462046A84707B0BDE8F083463501205A
:109FD0002DE9F04F04468FB010460D4691461E46BF
:109FE00008F0D6FE002800F09D802368DFF898B1C5
:109FF000DB6ADFF898A1614F204698472368204626
:10A000001B6B9847BBF8003001930DF13808BAF884
:10A01000003002933B8828F81C9D0393584B05930E
:10A020001A880492404608F047FF3880404608F0FE
:10A0300077FF059B80B21880524B1B78002B74D1A0
:10A040003B88ABF80030AAF800004846D4E90F87F7
:10A0500008F09EFEC4E90F00002211462846B5F91B
:10A060000490B5F906A0F9F76DFB012395F825B02A
:10A0700085F82530B6F90430002B5CDDB6F90630E2
:10A08000002B58DD2A460AAB52F8040F516803C36F
:10A0900031460AA8FFF7C8FB384BB3F90020ADF8EA
:10A0A000342000210AAA364B0C9192E80300B3F940
:10A0B0000030ADF8363008AB83E8030018460CA931
:10A0C000FFF7B2FBE36C002B3CD1002084F8580072
:10A0D00000262A686B696E610593926808A9284674
:10A0E0009047059B6B61524684F858604946284664
:10A0F00085F825B0F9F726FB234B019A1A80234BEC
:10A10000029A1A801D4B039A1A801D4B049A1A80DA
:10A11000C4E90F8723682046DB6A984723682046F6
:10A120001B6B98470FB0BDE8F08F3B88ABF8000081
:10A13000AAF8003089E72A460AAB52F8040F5168A2
:10A1400003C3A9E707A809F02DF80646E06C0368E9
:10A15000DB6A98478642B8D1F9F79EF9036806464C
:10A160005B6B059307A809F01DF8059B0146304677
:10A17000984780F00100C0B2A8E700BF4035012039
:10A180004235012044350120463501204835012063
:10A1900010B5074B1B7804463BB103685B6B9847CF
:10A1A000E36B834201D1206C10BDE06BFCE700BF84
:10A1B0004A3501202DE9F0418AB01D464FF48063F5
:10A1C000CDE90131BDF84030ADF81830BDF844306C
:10A1D000ADF81A300024BDF84830BDF84C60ADF839
:10A1E0001C309046074604948DF82040FFF7D0FFBE
:10A1F00006FB058500EB450578680595ADF81E6002
:10A200008DF822408DF821408DF823408DF82440B0
:10A21000036801A95B6898470AB0BDE8F0812DE9A1
:10A22000F0438BB000241D464FF4006388469146EE
:10A23000BDF8506004940746CDE90134FFF7A8FF4C
:10A2400006FB0595BDF84830ADF8183000EB450524
:10A25000BDF84C3078680595ADF81A30ADF81C4063
:10A26000ADF81E60CDF81080ADF820408DF822408A
:10A270008DF823408DF82440036801A95B68984756
:10A280000BB0BDE8F08300002DE9F0418AB098469C
:10A290009DF85C509DF854C0BDF858709DF8604022
:10A2A00000230B2D064604939DF8500038D18023DF
:10A2B000CDE90131BDF84430ADF81830BDF8483073
:10A2C000ADF81A308DF82000BDF84C30ADF81C30D8
:10A2D00030460392FFF75CFF0B2C98BF1B4BBDF879
:10A2E000402098BF195DADF81E7088BF002102FBA9
:10A2F0000783C91001FB03009DF8643005908DF8B9
:10A30000233070688DF8215000238DF822408DF89D
:10A310002430036801A95B6898470AB0BDE8F08162
:10A32000022D09D1FF2805D1BCF1000F14BF402335
:10A330002023BDE74023BBE7FF2805D1BCF1000F78
:10A3400014BF04230123B3E70423B1E790540208A8
:10A350002DE9F04F8BB01D469DF858909DF8606038
:10A36000BDF85CA0B9F1FF0F14BF0823022300243D
:10A37000CDE901348846934604940746FFF708FF69
:10A380000B2E98BF154B9DF8642098BF9C5DBDF8BF
:10A390005030ADF8183005FB0AB5BDF85430ADF8B3
:10A3A0001A30E41004FB0504002378680594ADF826
:10A3B0001C30ADF81EA0CDF810808DF820908DF8DF
:10A3C00023208DF824308DF821608DF822600368F9
:10A3D00001A95B6898470BB0BDE8F08F9054020864
:10A3E0002DE9F0411E460A4B0F461D889046F9F7AD
:10A3F00053F80368DB6A98470B289ABF054B1C5C2F
:10A40000002408FB0570E41004FB0060BDE8F08147
:10A410004635012090540208F0B58BB01F46BDF8B8
:10A420005430CDE90131BDF84030ADF81830BDF8F9
:10A430004430ADF81A30BDF84830ADF81C30002576
:10A440009DF850308DF82030044616460495FFF7ED
:10A450009FFE3A46314603462046FFF7C1FF0E4BAA
:10A4600005901B88ADF81E30F9F716F80368DB6A13
:10A470009847139B8DF822008DF8210004936068A3
:10A480009DF858308DF823308DF82450036801A9C9
:10A490005B6898470BB0F0BD46350120F0B58DB034
:10A4A0006B4683E80600002306930368BDF800604E
:10A4B0005B6BBDF8027001250395044698473A4648
:10A4C000314603462046FFF78BFF636C0793BDF8C8
:10A4D0000430ADF82030BDF80630ADF822300F4B17
:10A4E00004901B88ADF82430ADF82630F8F7D4FF7F
:10A4F0000368DB6A9847FF238DF829008DF82A004E
:10A5000060688DF828308DF82B508DF82C5003683A
:10A5100003A95B689847606C0DB0F0BD463501201B
:10A520002DE9F0418CB01E466D46002385E80600FB
:10A5300006930368BDF800705B6BBDF802800125CF
:10A540000395044698474246394603462046FFF79E
:10A5500047FFBDF80430ADF82030BDF80630ADF847
:10A560002230114B04901B88ADF82430129BADF8BB
:10A5700026300796F8F790FF0368DB6A9847FF23B9
:10A580008DF829008DF82A0060688DF828308DF844
:10A590002B508DF82C50036803A95B689847304610
:10A5A0000CB0BDE8F08100BF46350120F0B585B0A4
:10A5B00002AC84E806000546BDF80860BDF80A70E4
:10A5C000FFF7E6FD3A46034631462846FFF708FF07
:10A5D000054A2B68128800921E6F94E80600034615
:10A5E0002846B04705B0F0BD4635012070B590F85B
:10A5F0006E3004469BB10220F6F77AF9002384F806
:10A600006E3084F86D3023682046D3F8C850FFF7C9
:10A61000BFFD2B4601462046BDE87040184770BD7F
:10A6200038B590F87B308B4204460D4606D003685F
:10A6300029B9D3F8D830984784F87B5038BDD3F87F
:10A64000DC30F8E710B50C4B1B78044653B990F892
:10A6500048303BB9406800F02BF918B16268537A72
:10A66000002BFCD0F6F790FA20460021FFF7D8FF28
:10A670002046FFF78DFD10BD4A35012070B5044618
:10A68000036819B9DB6ABDE870401847002290F8EA
:10A690007B6080F87B20DB6A984763680121054670
:10A6A0009972204684F87B60FFF7BAFF284670BD98
:10A6B000D0E90320131A584258417047D0E90323C8
:10A6C0009B1A002BDCBF82689B18012BCCBF00209B
:10A6D0000120704702694368242000FB0230704764
:10A6E00003681B69184770B501230372044640686C
:10A6F00003689B6998470368402B05460CD010D827
:10A70000042B1DD004D8012B06D0022B2CD070BDF9
:10A71000082B1DD0202BFAD123682046DB6B9847ED
:10A7200013E0B3F5007FF7D004D8802BF4D0B3F555
:10A73000807FF0E7B3F5806FEED0B3F5006FE5E70B
:10A740002368017F9B6B2046984723681B6B06E0BC
:10A750002368017F9B6B2046984723685B6B2946E3
:10A760002046BDE87040184723682046DB6B9847B9
:10A77000F3E7704770477047D0E90332D21A002AD6
:10A7800010B5DCBF84681219012A16DD4268242442
:10A7900004FB032301F1200251F8044B43F8044B5E
:10A7A0009142F9D10A781A70C3688268BFF35B8F4F
:10A7B00001339A42D8BF9B1AC36010BD03698268F7
:10A7C000BFF35B8F01339A42D8BF9B1A0361704776
:10A7D00070B504460E46606803685B6898470028B9
:10A7E000F9D10D4D28680368D3F880309847F6F703
:10A7F000D9F928680121FFF713FF60680368314623
:10A800009B68984723682046DB6A98472868036856
:10A81000BDE87040DB6F18474C35012008B5F6F7EE
:10A82000B3F9BDE80840F6F7B7B910B514210446EE
:10A8300017F0C1FB204610BD10B504464068036800
:10A840001B68984748B9637A3BB1237A2BB92368D0
:10A8500020465B6ABDE81040184710BD70B504463D
:10A86000406803681B689847054630B9237A23B1CE
:10A87000606803685B6998472572606803681B68B5
:10A88000984728B9236820465B6ABDE8704018479E
:10A89000BDE87040F6F78EB910B5044C8260002216
:10A8A000C0E90041C0E9032210BD00BFA454020862
:10A8B000406803681B6818472DE9F048204F9DF851
:10A8C000185080FB0101A0FB07BC07FB01CC0BFB70
:10A8D0000CF7ABFB0B011C4601EB470100FB0CF333
:10A8E0000BFB0133A0FB0B011646194412A3D3E95D
:10A8F0000023F5F7CDFCF72E90B29EBF02F00702C1
:10A90000B618F6B2FB2C9EBFC0F3C103E418E4B244
:10A91000F72D9CBFC0F342102D180A484FEAC4041B
:10A9200000EA062004F4FC6498BFEDB2044344EA54
:10A93000D50080B2BDE8F088778D7A7900000000FC
:10A94000A74BEC0000F8FFFF2DE9F04F2DED028B37
:10A9500001EB420487B0417CBDF94890BDF94C60E1
:10A960009DF850A00546002900F09A80B0F9082013
:10A9700090ED087AC0684A4525DBB5EEC07AF1EE65
:10A9800010FA40F6FC72C8BF0022825800212D7CCC
:10A990004FEA1228500908F4784E00F4FC60C2F324
:10A9A000C40C04EB4607002D44D0BAF1FF0F41D18F
:10A9B00061BB4EEA00004CEA0005BC4280F0178201
:10A9C00024F8025BF9E7B5F90A704F4508DCB5EEEB
:10A9D000C07AF1EE10FA40F6FC72D8BF0022D4E73C
:10A9E000A9EB020207EE902AF8EEE77AB5EEC07AFC
:10A9F00067EE877AF1EE10FAFDEEE77A17EE902A0D
:10AA0000D8BF02F2FF3292008258C0E7D5B25FFA97
:10AA100088F8C2F3074A1E46BC4280F0E8813046FF
:10AA20000095434652464946FFF746FF013624F853
:10AA3000020BF1E7120E02FB0AF2531C03EB222277
:10AA4000121202FB0CF502FB0EF15043DFF8B0C30B
:10AA5000D24302F0FF02FF26BC4280F0C881B4F866
:10AA600000E00EEA0C030EF4FC6802FB031302FB89
:10AA7000080893FBF6F398FBF6F803EA0C0308F4D6
:10AA8000FC680EF01F0E43EA080302FB0E5E9EFBFD
:10AA9000F6FE0EF01F0E43EA0E0324F8023BDBE73E
:10AAA000827C002A4FD0B0F9082007EE902AF8EEF9
:10AAB000E77A07EE103AF8EEC76A1F46F4EEE76A47
:10AAC000F1EE10FA00F29580B7EE007A37EE877A51
:10AAD00040F6FC7137EE667A06EE906AF8EEE66AAA
:10AAE000EA6895F810C0B4EEE67AF1EE10FA4ABFC3
:10AAF000BDEEC77A02968DED027A95ED087AB5EE35
:10AB0000C07AF1EE10FAC8BF0021525802994FEAFC
:10AB1000122B04EB4101500903910BF4784B00F424
:10AB2000FC60C2F3C401BCF1000F24D0BAF1FF0FE6
:10AB300021D14BEA000B41EA0B01039A944255D212
:10AB400024F8021BF9E707EE109AD0ED067AD0ED53
:10AB5000056AB8EEC77A37EE677AC7EE267A90EDC7
:10AB6000087AB5EEC07AF1EE10FA44BF90ED077A9C
:10AB700077EEC77A9DE7120E02FB0AF202F1010C92
:10AB80000CEB222212125043514302FB0BFBDFF865
:10AB900070820490D243059102F0FF024FF0FF0E45
:10ABA00003998C4222D2208800F4FC610F4604995C
:10ABB00000EA080C02FB0CBC02FB07119CFBFEFC2C
:10ABC00091FBFEF10CEA080C01F4FC614CEA010176
:10ABD00000F01F0C059802FB0C0C9CFBFEFC0CF01B
:10ABE0001F0C41EA0C0124F8021BD9E7029A1A440F
:10ABF00017461E4436B2BE4240F3F98095ED077AFF
:10AC000006EE907A37EE877AF8EEE66AB4EEE67AE8
:10AC1000F1EE10FA40F3B58006EE106AB8EEC66A9F
:10AC20009FED758A2B7CB4EEC67AF1EE10FAD8BF90
:10AC3000BDEEC77A9FED716AD8BF17EE108A95ED09
:10AC4000087AB5EEC07AC8BFB04676EEE77AF1EE84
:10AC500010FAA8EB0707D8BFB0EE468A04EB470707
:10AC6000A7EE278ADBB1BAF1FF0F18D1BC4262D23E
:10AC7000FDEEC87AEB6817EE900A53F82020D3B2A5
:10AC800000934946C2F30723C2F30742FFF714FEBD
:10AC900024F8020BD5ED087A38EE278AE6E7DFF8CC
:10ACA00060B14FF0FF09BC4245D2FDEEC87AEB68B7
:10ACB000B4F800E017EE902A53F82220130E03FB9D
:10ACC0000AF3581C00EB232000126FEA000C5FFA15
:10ACD0008CFC0BEA12210EEA0B030CFB03F389B286
:10ACE00000FB013191FBF9F101EA0B0302935309D7
:10ACF00003F4FC6319460EF4FC630CFB03F300FB46
:10AD000001330EF01F0E029993FBF9F3C2F3C40254
:10AD100003F4FC630CFB0EFC194300FB02C090FB28
:10AD2000F9F000F01F00014324F8021BD5ED087A6A
:10AD300038EE278AB7E7464559DDD5ED087AEA6847
:10AD4000297CF5EEC07AF1EE10FA40F6FC73D8BF1C
:10AD50000023A6EB0806D258100A530904EB460656
:10AD600000F4784003F4FC63C2F3C40759B1BAF1AC
:10AD7000FF0F08D118433843B44238D224F8020BED
:10AD8000FAE7B846D9E7120E02FB0AF14A1C02EBB9
:10AD90002122121202FB07F550435343DFF860C033
:10ADA000D24302F0FF02FF27B44220D2B4F800E001
:10ADB0000EEA0C010EF4FC6802FB010102FB0838EC
:10ADC00091FBF7F198FBF7F801EA0C0108F4FC6835
:10ADD0000EF01F0E41EA080102FB0E5E9EFBF7FE1D
:10ADE0000EF01F0E41EA0E0124F8021BDCE707B04B
:10ADF000BDEC028BBDE8F08F00000000FEFF7F4439
:10AE000000F8FFFF7047704710B52421044617F083
:10AE1000D2F8204610BD0000064BC1604A0903EA83
:10AE2000112302F4FC621343C1F3C40119430182EC
:10AE3000704700BF00F8FFFFA0F10800ECE700BF7B
:10AE400008B5054B18680368D3F8AC309847431E23
:10AE50005842584108BD00BF4C35012070470838A2
:10AE6000704730B401EB4204BDF90C50028A0292E3
:10AE70009DF81030C2682946204630BCF6F762B80B
:10AE8000F6F754B810B51421044617F094F820468C
:10AE900010BDA0F10800F5E70023C38403854385B6
:10AEA0008385806910B103681B691847704780ED7E
:10AEB0000C0A704738B50B0E83770368DB6B0446CA
:10AEC0000D469847036829469B68984723682046A3
:10AED0001B6C9847A06138BD4177704730B50D466F
:10AEE00000F134040FCD0FC40FCD0FC42B682360C5
:10AEF00030BD38B50446031D0868496803C31368AC
:10AF0000C4F826305368C4F82A300025A56104F13E
:10AF1000340005F0A5FFFF236377A3774FF07E533E
:10AF20002363012384F8243084F8255038BD0000C1
:10AF30002DE9F0432DED0A8B70EE417A87B0F5EEE6
:10AF4000407AF1EE10FA0546F0EE409AB0EE60AAB3
:10AF5000B0EE419AF0EE618AB0EE42CAF0EE62CAFB
:10AF60009DF86060199F026812D170EEE17AF5EEEB
:10AF7000407AF1EE10FA0BD101F180410139926A69
:10AF800053F8211007B0BDEC0A8BBDE8F043104721
:10AF9000FF23AB77936BDFF8C4922846984705F1FF
:10AFA0003408B5F90830C380F0EE4A0AB0EE690AF9
:10AFB0000446404606F003F84046B0EE40BAF0EED4
:10AFC00060BA8DED000ACDED010AB0EE490AF0EE4F
:10AFD000680A05F0F4FFB4EE40BAF1EE10FAF4EEB0
:10AFE00060BA0CBF01230023F1EE10FAB4EE40BAB0
:10AFF00063740CBF01230023F1EE10FAB0EE408A17
:10B00000F0EE60AA8DED020ACDED030AA37430D0F4
:10B01000F4EE60BAF1EE10FA2BD039EE699A78EEC0
:10B02000CA8A89EE0C7A4046C8EEAC7AF0EE4A0A3B
:10B03000B0EE690AA7EECC0AECEE870A05F0BFFF76
:10B0400099F80030CDED050A70EEEB0A012B8DED7D
:10B05000040A30EE4B0A02BFF1EE607AF0EE400ACD
:10B06000B0EE670AB5EE400AF1EE10FA34D10123D2
:10B07000A37499F80020637C012A40F0A380002B80
:10B0800072D03AEEEB7ADFED736AC6EE877AF4EEB1
:10B09000EABAC4ED087AFDEEEA7AF1EE10FA17EE9C
:10B0A000903AFDEEEB7A1AB217EE903A1BB247BF18
:10B0B0002381628122816381B4F90A30B4F90820C6
:10B0C0009B1A07EE903AF8EEE77A00236374C4ED1A
:10B0D000077A0123A3743FE080EE807AB5EE407AD0
:10B0E000F1EE10FA84ED057A02D101236374C0E712
:10B0F000012B03BFB4F9062007EE902AF8EEE77A99
:10B10000F0EE6B7A0ABF77EECB7AEBEE477AEBEE96
:10B11000C77A012B38EE4B8A7AEEEBAAC4ED067A99
:10B1200002BFF1EE487AB0EE6A8AF0EE67AACAEE84
:10B13000877A9FED497A38EE678AC7EE087AB5EECE
:10B14000C08AF1EE10FA84ED078AC4ED087A03D5BF
:10B15000B1EE488A84ED078AE7602674AC6107B0D7
:10B16000BDEC0A8BBDE8F083A37C002BF4D0B4F9CE
:10B170000630DFED386A00EE103AB8EEC00A30EE65
:10B18000488A30EE4B0A38EE407AB4EEC08AC6EEFA
:10B19000877AF1EE10FAC4ED087AFDEEC87A17EE60
:10B1A000903AFDEEC07A1AB217EE903A1BB2CCBFBD
:10B1B000238163814FF001036374CCBF62812281DC
:10B1C000002387E7DBB13AEEEB7ADFED226AC6EEC9
:10B1D000877AF4EEEABAC4ED087AFDEEEA7AF1EE87
:10B1E00010FA17EE903AFDEEEB7A1AB217EE903A9B
:10B1F0001BB247BF2381628122816381ACE7A37CBC
:10B20000002BA9D038EE4B7ADFED126AC6EE877AB2
:10B21000B4EEC8BAC4ED087AFDEEC87AF1EE10FAC1
:10B2200017EE903AFDEECB7A1AB217EE903A1BB2B7
:10B2300047BF2381628122816381B4F90A30B4F966
:10B2400008209B1A07EE903AF8EEE77AC4ED077AE9
:10B2500082E700BFFEFF7F440000804444350120A8
:10B2600010B500212DED028BF0EE628A0446B0EE9F
:10B27000428A16F02FFCF0EE687AFEEEED7A236833
:10B2800017EE902AF0EE487ABDEC028BFEEEED7AD6
:10B2900020469B6817EE901ABDE81040184710B57D
:10B2A00000212DED028BF0EE638A0446B0EE438A56
:10B2B00016F0D2FCF0EE687AFEEEED7A236817EE17
:10B2C000902AF0EE487ABDEC028BFEEEED7A204635
:10B2D0009B6817EE901ABDE81040184713B5044656
:10B2E000406F05F06CFEF0EE607AFEEEED7A2046DF
:10B2F00017EE902AF0EE407AFEEEED7A17EE901AF5
:10B3000002B0BDE8104016F03FBB13B50446406FD5
:10B3100005F055FEF0EE607AFEEEED7A204617EE6F
:10B32000902AF0EE407AFEEEED7A17EE901A02B017
:10B33000BDE8104016F075BBF0B5DDE9050C002442
:10B34000079F634426464FF0010E63452DD013F846
:10B35000015D062DF9D80EFA05F515F0660F0DD131
:10B3600015F0100F17D12D07EFD501381EB907EBD7
:10B3700080052D680D606CB90126E6E726B907EB5C
:10B38000800353F8083C0B6024B907EB800050F8A9
:10B39000043C1360F0BD01381CB907EB800424683D
:10B3A0001460002EF6D10124CFE70EB900230B6004
:10B3B000002CEFD10023ECE738B504462DED0A8BC5
:10B3C0000D46F0EE40BAB0EE60CAF0EE41AAB0EE23
:10B3D00061BAB0EE429AF0EE629AB6EE00AA7BEE47
:10B3E000298A3AEE898A68EE8A8A28EE0A8A3CEE31
:10B3F000680A7BEEC87A20EE000AA7EEA70A16F0CC
:10B4000005FEB5EE400AF1EE10FA2ED179EE6A7A19
:10B4100039EECB7AB0EE6A8AF0EE4B8AA7EE8A8AD2
:10B42000E7EE0A8AA7EE0A8AE7EECA8A022D2FDC27
:10B430000135F0EE4B1AB0EE6A1A2946F0EE682A92
:10B44000B0EE482AF0EE4C0AB0EE6B0A2046FFF749
:10B45000B3FFF0EE680AB0EE480A2046FFF755FF4A
:10B46000B0EE68BAF0EE48AAB9E7D4ED1F7A38EE2C
:10B470006B8A78EECC8A28EE277A68EEA77A87EE78
:10B48000008AC7EE808A3BEE888A7CEE288ACDE768
:10B49000F0EE680AB0EE480A2046FFF736FFBDEC32
:10B4A0000A8B38BD10B52DED0A8B90F88430022B35
:10B4B0000446B0EE40CAB0EE609AF0EE419AF0EE6B
:10B4C000618AB0EE42BAF0EE62BAB0EE43AAF0EE94
:10B4D00063AAB0EE448AF0EE64CA2CD1F0EE620AA0
:10B4E000B0EE420AFFF711FF79EECB9A7AEEECCA82
:10B4F00078EEEB8A3AEE488A69EEAC9A28EE888AB2
:10B50000F4EEC89AF1EE10FA0FDB0121F0EE6A2A90
:10B51000B0EE4A2AF0EE6B1AB0EE4B1AF0EE490A82
:10B52000B0EE4C0A2046FFF747FFF0EE6A0AB0EE95
:10B530004A0A204635E0012B38D131EEE24A33EE9B
:10B54000486A71EE427A73EEE46A26EE447AA7EE18
:10B55000A67AB5EE407AF1EE10FA27D028EE638A8B
:10B5600061EEC28AA4EE838AE1EE228A68EE677AEF
:10B5700028EE448AE6EE287AA6EEA88A87EE870AA5
:10B58000C8EE070A3CEE40CA39EE609AD0ED207A48
:10B5900029EE099AACEE0C9AF4EEC97AF1EE10FAA3
:10B5A00004DBFFF7B2FEBDEC0A8B10BDF0EE6B0AB8
:10B5B000B0EE4B0A2046FFF7A8FEB6E710B52DED1A
:10B5C0000C8B90F885300446B0EE409AF0EE609A0D
:10B5D000F0EE41AAB0EE61BA33B9FFF796FEF0EE95
:10B5E0004B0AB0EE6A0A15E071EE408A31EEE08A4D
:10B5F000F6EE007A022B68EEA78A28EE278A0FD192
:10B6000070EEE80A30EE080AFFF77FFE7BEE680A6C
:10B610003AEE880A2046FFF778FEBDEC0C8B10BD91
:10B62000FFF773FEDFED4D7ADFED4DBA9FED4DCAAA
:10B63000DFED4DCA9FED4DDAF0EE690AB0EE490A32
:10B64000E8EE270A2046A8EEA70AB1EE68AAEAEEBD
:10B650002B0AA8EE2B0AFFF758FEDFED457AF0EE35
:10B66000690AB0EE490AE8EE270A2046A8EEA70AC2
:10B67000EAEE0C0AA8EE0C0AFFF747FEDFED3D7A72
:10B68000F0EE690AB0EE490AE8EE270A2046A8EE75
:10B69000A70AEAEE2C0AA8EE2C0AFFF736FEDFED29
:10B6A000367AF0EE690AB0EE490AE8EE270A20463B
:10B6B000A8EEA70AEAEE0D0AA8EE0D0AFFF725FE8E
:10B6C00079EE880A39EE280A70EEE80A30EE080AA8
:10B6D0002046FFF71AFEDFED297AF0EE690AB0EE98
:10B6E000490AE8EE270A2046A8EEA70AEAEE0D0A64
:10B6F000A8EE0D0AFFF709FEDFED217AF0EE690AE8
:10B70000B0EE490AE8EE270A2046A8EEA70AEAEEBC
:10B710002C0AA8EE2C0AFFF7F8FDDFED1A7AF0EEFE
:10B72000690AB0EE490AE8EE270A2046A8EEA70A01
:10B73000EAEE0C0AA8EE0C0AFFF7E7FDDFED127A3D
:10B74000F0EE690AB0EE490AE8EE270A2046A8EEB4
:10B75000A70AEAEE2B0AA8EE2B0A3EE70AD7233DFA
:10B76000295C8F3E9A99193FCDCC4C3F8FC2753FD3
:10B77000CDCC4C3ECDCCCC3EEC51383F0AD7A33F8C
:10B78000CDCCCC3F6666E63F48E1FA3F70B52DED83
:10B79000068B90ED238A90ED229A30EEC88A30EE27
:10B7A000499AF0EE40AA28EE080A0446A9EE090AD2
:10B7B000B0EE60AA16F02AFCB5EEC00AF1EE10FA5F
:10B7C00036DDD4ED1F7AD4ED230A94F87850C0EE1C
:10B7D000276A002684F8796094ED220AC8EE268A4A
:10B7E00089EE268A70EE289A30EEC89A78EEAA8AF8
:10B7F0003AEE488AFDB1C4ED249A84ED259AC4ED51
:10B80000268A84ED278AF0EE490AB0EE690A2046BE
:10B81000FFF764FD84F87860C4ED289A84ED299AD6
:10B82000C4ED2A8A84ED2B8AC4ED22AA84ED23AAD2
:10B83000BDEC068B70BD94F87A3094ED2A2AD4EDD5
:10B840002B2A6BB1F0EE491AB0EE691AF0EE620ADB
:10B85000B0EE420A2046FFF7B1FE84F87A50DBE7EB
:10B86000F0EE484AB0EE684AF0EE493AB0EE693A76
:10B87000D4ED291A94ED281A2046FFF713FECBE7E2
:10B8800007EE902A07EE101AF8EEE70AB8EEC70A9C
:10B89000DFED037A60EEA70A20EE270AFFF776BFF6
:10B8A0000000003D38B52DED028B90F8795004462C
:10B8B0001DB3D0ED1F7A90ED238A90ED220A78EE29
:10B8C000678A38EE278AF0EE680AFFF707FD94EDE5
:10B8D000221AF0EE481AB0EE410AF0EE680A20464D
:10B8E000FFF76CFE94ED221AF0EE681AF0EE480AAB
:10B8F000B0EE410A2046FFF761FEBDEC028B284600
:10B9000038BD10B52DED028B0446B0EE408AF0EE46
:10B91000608AFFF7C7FFD0B92046D4ED274A94EDDF
:10B92000264AD4ED253A94ED243AD4ED2B2A94ED11
:10B930002A2AD4ED291A94ED281AF0EE680AB0EEFE
:10B94000480AFFF7AFFD0120BDEC028B10BD0020BF
:10B95000FAE7D0ED251A90ED241AD0ED2B0A90EDE0
:10B960002A0AFFF72BBE00002DE9F04F89B01C46D4
:10B970000DF120089DF850300493159E0591002389
:10B98000DDE91297069348F8043D049B86F87A3067
:10B9900082461546059B9D426DD9013D19F805303B
:10B9A000062BF7D801A252F823F000BFCBB900084C
:10B9B00095B90008C9B90008EDB90008EDB900084B
:10B9C000F1B9000831BA0008023C5046CDE90197B0
:10B9D00000942B46424606A9FFF7AEFCDDED070AB0
:10B9E0009DED060A3046FFF7D1FED3E7013CECE7B8
:10B9F000A4F1040B023C07EB84045046CDE9019707
:10BA0000CDF800B02B46424606A9FFF795FCDDEDC8
:10BA1000072A9DED062A54ED011A14ED021AD4ED01
:10BA2000010A94ED000A3046FFF71AFC5C46B1E7C4
:10BA3000A4F1060B023C07EB84045046CDE90197C4
:10BA4000CDF800B02B46424606A9FFF775FCDDEDA8
:10BA5000073A9DED063A54ED032A14ED042A54EDFD
:10BA6000011A14ED021AD4ED010A94ED000A3046D1
:10BA7000FFF715FCDAE7049B13B13046FFF769FFC7
:10BA800009B0BDE8F08F00BFF0EE607AFEEEED7A0F
:10BA9000036817EE902AF0EE407AFEEEED7A9B688E
:10BAA00017EE901A1847000010B5044B044640F8F2
:10BAB000143B01F017F9204610BD00BF705C02086E
:10BAC0002DE9F04F2DED048BD0ED0C7AB5B0F5EEED
:10BAD000C07AF1EE10FA05468B4606921E464FF0EC
:10BAE000000440F24E81FF230093021D8169439BB5
:10BAF0009FEDA59A08A815F0FBFDD5ED0C7AA34B98
:10BB0000D5ED086A0893F5EEC07AF1EE10FAB6EEBC
:10BB1000007A48BFF1EE677A67EE877A05F1340361
:10BB200001222593002326EEA77A8DF898308DF810
:10BB300099208DF89A308DF864306A7FAB7FCDED17
:10BB4000277A5A4327EE267A531C03EB122367EE1B
:10BB5000277A4FF0000895F8240095F825102A94CC
:10BB6000C3F307232B942C942D942E942F9430946C
:10BB7000319432943394CDED287A8DF8A4008DF869
:10BB8000A5108DF8A630F0EE499AB0EE498AF0EE95
:10BB9000498A4446C14608AF4FF0010A069B4B450F
:10BBA00000F0CC8009F1010305931BF80930062B46
:10BBB00039D8DFE803F0043B606F7C81A000C14509
:10BBC0002BD9F0EE490AB0EE690A3846FFF7DEFDE0
:10BBD0003846FFF767FE8146F8B9F0EE490AB0EE45
:10BBE000690A3846FFF78DFE2846CDE90297CDE970
:10BBF00000B62346059ACDED2A9A41468DED2B9A43
:10BC00008DF898A08DF899A0FFF7AEFEF0EE490AE6
:10BC1000B0EE690A3846FFF774FEDDF81480B0EE26
:10BC2000498AF0EE698ADDF81490B7E7C1450DD96D
:10BC30003846FFF737FE48B9CDE902A7CDE900B68F
:10BC400023464A4641462846FFF78EFE06EB84030C
:10BC5000D3ED008A93ED018ACDED2A8A8DED2B8AF2
:10BC60008DF898A08DF899A00234C846B0EE489A95
:10BC7000F0EE689AD7E706EB8403D3ED008A93EDE4
:10BC8000018AB0EE680AF0EE480A3846FFF77EFDFA
:10BC90000234C8E706EB8403D3ED008AF0EE480ACD
:10BCA000B0EE680A3846FFF771FD0134BBE706EBDA
:10BCB000840393ED008AF1E7A30003F1080203F186
:10BCC0000C0932443344B14492ED002AD9ED002AE4
:10BCD000D3ED011A93ED001A0792F0EE480AB0EE88
:10BCE000680A3846FFF7BCFA079A99ED008AD2ED48
:10BCF000008A043497E7A30003F1100203F114094A
:10BD000032443344B14492ED003AD9ED003AD3EDD8
:10BD1000032A93ED022AD3ED011A93ED001A07923C
:10BD2000F0EE480AB0EE680A3846FFF7B8FA079A0C
:10BD300099ED008AD2ED008A063474E7069B4345EC
:10BD400008AF0FD93846FFF7ADFD58B90123CDE94B
:10BD500001630397CDF800B02346069A4146284672
:10BD6000FFF702FE9DF8A610384615F055FD044673
:10BD70003846FFF799FE204635B0BDEC048BBDE890
:10BD8000F08F0124F7E700BF0000000020550208F3
:10BD900010B50446FFF788FE2046B02116F00BF9D7
:10BDA000204610BD2DE9F0472DED068BAAB0984630
:10BDB000FF2307460093894692468169399B9FED90
:10BDC000828A021D0DA815F093FC3B7FDFED7E0AF1
:10BDD0005A1E534207F134055341B0EE600A28461B
:10BDE0008DF8783005F0EBF8CA44B0EE409AF0EEEA
:10BDF000609AF0EE488A0024CA4500F0CD8019F818
:10BE0000013B062BF8D8DFE803F004082A3F53581B
:10BE10008A000DA815F0DEFCEEE708EB8403D3EDF5
:10BE2000008A93ED018AB0EE680AF0EE480A2846CF
:10BE300005F0C5F8F0EE607AFEEEED7A0DA817EE8B
:10BE4000902AF0EE407AFEEEED7AB0EE409A17EED0
:10BE5000901AF0EE609A15F097FD0234CCE708EBEB
:10BE60008403D3ED008A93ED018AB0EE680AF0EE08
:10BE7000480A284605F0A3F80DA8B0EE409AF0EE67
:10BE8000609AFFF701FEE8E708EB8403D3ED008A30
:10BE9000F0EE480AB0EE680A284605F090F80DA8C2
:10BEA000B0EE409AF0EE609A0134FFF7EDFDA3E7A3
:10BEB00008EB840393ED008AEAE7A31C08EB8303F5
:10BEC00053ED010A13ED020AD3ED008A93ED018AC6
:10BED000284605F074F828468DED090ACDED0A0ACA
:10BEE000B0EE680AF0EE480A05F069F8DDED0A1ACE
:10BEF0009DED091AF0EE602AB0EE402AB0EE40AA9D
:10BF0000F0EE60AAB0EE490AF0EE690A0DA8FFF75C
:10BF1000A7F90434F0EE6A9AB0EE4A9A6CE7261D4F
:10BF200008EB860656ED030A16ED040AD6ED008AE4
:10BF300096ED018A284605F042F828468DED070A5D
:10BF4000CDED080A16ED020A56ED010A05F037F8A4
:10BF500028468DED090ACDED0A0AB0EE680AF0EE2A
:10BF6000480A05F02CF8DDED0A2A9DED092ADDEDE1
:10BF7000081A9DED071AF0EE603AB0EE403AB0EEC6
:10BF800040AAF0EE60AAB0EE490AF0EE690A0DA8E8
:10BF9000FFF785F90634BDE77B7FB97F59434B1C1A
:10BFA00003EB1121C1F307210DA815F035FC074B58
:10BFB0000D93044612A800F095FE20462AB0BDEC71
:10BFC000068BBDE8F08700BF00000000705C02082F
:10BFD00010B4047F1CB15DF8044BFFF7E3BE5DF8BD
:10BFE000044BFFF76DBD00002DE9F04F914602466E
:10BFF000054652F8260F85B088465168DDF838B0FE
:10C000009A4602AB03C3BDF90C30002B02AF08DD2A
:10C01000BDF90E40002C04DD2E4A127822B1012A0F
:10C020002DD005B0BDE8F08FBDF80A301C44A4B295
:10C0300026B2BDF90A30B342F3DACDE900B7534670
:10C040004A4641462846FFF7C3FF40B9BDF90E30C6
:10C05000012B04D001335B10ADF80E30EDE7BDF8D5
:10C060000E20BDF80A3013449BB21A4412B2964215
:10C07000ADF80A30DDDAE31AADF80E30D9E7BDF8D5
:10C0800008401C44A4B226B2BDF90830B342C8DA55
:10C09000CDE900B753464A4641462846FFF798FF88
:10C0A00040B9BDF90C30012B04D001335B10ADF861
:10C0B0000C30EDE7BDF80C20BDF8083013449BB2FE
:10C0C0001A4412B29642ADF80830DDDAE31AADF840
:10C0D0000C30D9E7443501207FB503680D4604468E
:10C0E00001469B6E02A89847286869686B4603C39F
:10C0F00068461946FDF798FBA06A88B10368211DC0
:10C10000DB68984760B1BDF90430002B08DDBDF94C
:10C110000650002D04DD2B4A12781AB1012A29D0CD
:10C1200004B070BDBDF802301D44ADB22EB2BDF9F1
:10C130000230B342F4DA23686946DB6E2046984742
:10C1400040B9BDF90630012B04D001335B10ADF8C6
:10C150000630F0E7BDF80620BDF8023013449BB26C
:10C160001A4412B29642ADF80230E0DAEB1AADF89A
:10C170000630DCE7BDF800501D44ADB22EB2BDF96B
:10C180000030B342CCDA23686946DB6E204698471C
:10C1900040B9BDF90430012B04D001335B10ADF878
:10C1A0000430F0E7BDF80420BDF8003013449BB222
:10C1B0001A4412B29642ADF80030E0DAEB1AADF84C
:10C1C0000430DCE7443501201FB50368044601460E
:10C1D0009B6E684698470021B4F90820B4F90A30EC
:10C1E0000291684602A9ADF80C20ADF80E30FDF7BB
:10C1F0001BFB236869461B692046984704B010BDA5
:10C20000012180F825100B4901600022FF21828066
:10C21000C280028142818281C28102824282C0E95F
:10C220000522C2610284428480F8242080F826100E
:10C23000826270478055020800207047074B828D4C
:10C240001B88934281BF064B1B6803EB420358785F
:10C250008CBF00F003000020704700BFA83501200C
:10C26000A4350120704700002DE9F041104B818D6D
:10C270001B888B42044618D903689D6F0D4B1868C4
:10C28000F7F742FE23680646DB6F2046984723688F
:10C290000746D3F88030204698473A460346314651
:10C2A0002046AC46BDE8F04160470020BDE8F08183
:10C2B000A8350120B03501202DE9F743174B818DBA
:10C2C0001B888B42044626D9154B1B6803EB4102A1
:10C2D00013F81100134B55781B6853F8206033682E
:10C2E000DF69114B1868F7F70FFE23688046DB6F94
:10C2F0002046984723688146D3F8803020469847E7
:10C30000C5F3810500904B46424629463046B84762
:10C3100003B0BDE8F0830020FAE700BFA835012094
:10C32000A4350120AC350120B03501200EB42DE933
:10C33000F0472F4B1A88838D9A429DB0044654D9FA
:10C34000DFF8B090DFF8B08026AA0292D9F800207A
:10C3500012F81320D8F8003053F822502B682846E2
:10C360009B6B984707B2064603A805F0EFF92B68C8
:10C370002846DB6C98472B6882461B6D28469847F9
:10C3800053460090029A259903A805F03AFAA28D27
:10C39000D9F8003094F837C0258913F8120003EB60
:10C3A0004201A5EB0C054A78D8F8003094F8391012
:10C3B0002DB2009553F82030C2F3810203A802F099
:10C3C0007DFBB4F93420B918002903B20BDD013B21
:10C3D00013FB02F316FB00331FB238461DB0BDE855
:10C3E000F04703B07047002BF7DC0027F5E700BFEC
:10C3F000A8350120A4350120AC3501202DE9F04FEE
:10C40000BC4B0C461B88898D8B42A9B0804609D84D
:10C4100000234FF0FF32C0E900328360404629B06C
:10C42000BDE8F08FB44E336813F81120B34B1B688E
:10C4300053F82250B24B1868F7F766FD2B68814617
:10C440009B6B28469847A78E03B207440493BBB260
:10C45000039394F8393082460FA8002B40F0A68051
:10C4600005F074F92B682846DB6C98472B68064664
:10C470001B6D2846984723680746DB6F2046984780
:10C4800023688346D3F88030204698473B46CDE961
:10C4900000B0494632460FA805F0C8F994F8383084
:10C4A000DFF854B213F0FD0F4FF000060CBFB4F9E3
:10C4B0000A90B4F908903746A28DDBF8003003EB00
:10C4C000420329465B7847F6FF72C3F381030FA846
:10C4D00001F0FBFF039B8642B8BF06460137A9EB7C
:10C4E00003090FA836B2BFB20FFA89F905F055F962
:10C4F00018B92B7A4B44002BDEDC039B049A95F889
:10C50000099013FB07F7A38EFF1ABFB23BB29A4202
:10C51000A8BF574694F8383013F0FD0F236808BFC2
:10C52000B4F908A0DB6E18BFB4F90AA020469847FA
:10C530004F441FFA87F901280FFA89F7B3B200F0C8
:10C54000E180022894F8376000F0E280EA7A2D7BDF
:10C5500036B2B61A2A44134494F838201FFA86FAE1
:10C560009BB2022A0FFA8AFB1EB200F0D580032A82
:10C5700000F0DD80012A40F0E58025893346A5EBF7
:10C5800009093E465D461F460FFA89FB5C4BA18DAB
:10C590001868F7F7B9FCA8F800B0A8F80250A8F896
:10C5A0000460A8F80670C8F8080037E705F0CEF870
:10C5B0002B682846DB6C98472B6807461B6D28467E
:10C5C000984723688346DB6F20469847226805908A
:10C5D000D2F8802020469047059B01903A46494674
:10C5E00000930FA85B4605F021F994F83830B4F9B0
:10C5F0000890A18D94F8390013F0FD0FB4F90A30BA
:10C600000ABF4A461A46994694F83730D21A336818
:10C61000B4F9346003EB41030FAF59780797002357
:10C62000C1F38101ADF818308DF820108DF821008C
:10C630000995ADF82820ADF82A90ADF82C60ADF83A
:10C640002E30ADF83030ADF83230ADF83430ADF8D2
:10C650003630ADF838308DF83A3050B32B68284674
:10C660005B699847074620B3099803683946DB6839
:10C6700098470646E8B1437B827A5B0003F48073F7
:10C680001343ADF838309DF82130062B11D10998AD
:10C69000036832465B6C39469847737B5B0003F452
:10C6A0008072B37A13431844BDF838301844ADF89B
:10C6B00038000026374606A802F0FCF8BDF8360020
:10C6C000039B8642A9EB0309BDF81830B8BF0646A4
:10C6D000013736B2BFB20FFA89F9002B3FF40DAF24
:10C6E0009DF83A30002B7FF408AF2B7A4B44002B97
:10C6F000E1DC02E7A8350120A4350120AC3501209A
:10C70000B0350120AAEB0606022096FBF0F61DE7E5
:10C710001E44AAEB060619E72589ED1AA5EB0A05C2
:10C720000FFA85FB6589A5EB09052DB22EE7658912
:10C73000ED1AA5EB0A0533462DB23E464FF0000B2D
:10C740001F4623E7002521E710B54821044615F0D0
:10C7500032FC204610BD000013B590F83630044678
:10C76000FBB1164B818D1B888B421AD9B0F908306A
:10C77000002B16DDB0F90A30002B12DD104B1868C3
:10C78000F7F7C2FBB4F942302268002B06DBB4F99C
:10C790004030002B02DB636C984204D05369204682
:10C7A000984702B010BD04F13C0103C96B4683E811
:10C7B00003001269194620469047F2E7A835012088
:10C7C000B03501202DE9F041444B828D1B88934206
:10C7D0008EB004467ED90868414D496805AB03C355
:10C7E00011462868F7F790FBB4F94230002B11DBB3
:10C7F000B4F94030002B0DDB636C98420AD104F190
:10C800003C0292E8030009AB83E80300194605A83F
:10C81000FDF70AF8BDF91830002B5BDDBDF91A30C1
:10C82000002B57DD2F4FA28D3B6813F812202E4BA3
:10C830001B6853F82260002E4CD0236894F8368091
:10C84000DB6E20469847A28D3B68B4F934C094F85B
:10C8500038E094F83770216B03EB420394F83920E9
:10C860005B780996C3F381038DF829301F4B8DF84F
:10C8700028001B688DF82AE00B91ADF830C08DF8C8
:10C8800032808DF833708DF8342093F858200AB137
:10C89000DE6C06B99E6807AF2146384603F0EEFF0E
:10C8A000A18D2868F7F730FB23680546DB6F20462B
:10C8B000984723688046D3F8803020469847CDE9D2
:10C8C000028009AB0093019505AB97E8060030465E
:10C8D000F7F7CCFA0EB0BDE8F08100BFA835012013
:10C8E000B0350120A4350120AC3501204C350120A4
:10C8F00038B50E4B828D1B889A42044614D20368C9
:10C900005B6F9847236805461B6F2046984794F84D
:10C9100038302DB213F0FD0F014606BF02462946FE
:10C920002A462046F6F71BFF38BD00BFA835012078
:10C9300030B58B888385B0F9083085B0044623B9BB
:10C94000B0F90A300BB9FFF7D3FF23686D462146D3
:10C950002846D3F88430984795E807003C3484E8AB
:10C96000070005B030BD00238380C380038043806F
:10C9700091F82630FF2B01BF0B8983804B89C38040
:10C980007047000037B50446086849686B4603C322
:10C9900023686946DB6A20469847084B1B6893F872
:10C9A00058200AB1D86C00B998680368A26A1D6A59
:10C9B00094F826306946A84703B030BD4C350120B5
:10C9C000704710B52C21044615F0F5FA204610BD2D
:10C9D00090F826202AB190F8252012B103685B69EF
:10C9E000184770472DE9F0432F4B828D1B889342E7
:10C9F0008DB004460F4654D92C4B196801EB420305
:10CA000011F812102A4A126852F82110002948D051
:10CA10005A7894F839308DF82C30264B90F83650EF
:10CA2000B0F934C090F838E0266B90F837000791E1
:10CA3000C2F30108C2F381028DF821201A688DF833
:10CA4000208092F858308DF822E00996ADF828C081
:10CA50008DF82A508DF82B000BB1D56C05B995686F
:10CA600005AE2146304603F009FF134BA18D18682F
:10CA7000F7F74AFA23688046DB6F20469847236819
:10CA80008146D3F8803020469847CDE9029007AB25
:10CA90000093CDF804803B4696E806002846F7F759
:10CAA000E5F90DB0BDE8F083A8350120A4350120DB
:10CAB000AC3501204C350120B0350120704710B550
:10CAC0003421044615F077FA204610BD2DE9F041D7
:10CAD0000446038E628918B20E465B0021899BB220
:10CAE000C91A8EB009B2D31A1BB20029ADF80000E2
:10CAF000ADF80200ADF80410ADF806305EDD002B95
:10CB00005CDD3068716802AB03C3694602A8FCF7BC
:10CB10008BFE204602A9FFF735FF208E00285FD04C
:10CB20006389B4F90810ADF81C101F1AA3EB400379
:10CB300002B200251BB2ADF82410091AADF822701C
:10CB40000695ADF81E20ADF82050ADF82620ADF8C2
:10CB50002850ADF82A20ADF82C20ADF82E30ADF8D5
:10CB60003010ADF83220ADF83420ADF8363004AFD7
:10CB700006AB03EBC50393E8030087E803003146E7
:10CB80003846FCF751FEBDF91430002B12DDBDF91B
:10CB90001630002B0EDD23683946DB6A20469847A5
:10CBA000F6F77AFC0368E26AD3F8208094F826301E
:10CBB0003946C0470135042DDAD111E0306871687B
:10CBC00006AB03C3236806A9DB6A20469847F6F73D
:10CBD00063FC0368E26A1D6A94F8263006A9A84738
:10CBE0000EB0BDE8F081704770B50B88C384044671
:10CBF00008460D4606F060F90646284606F090F90C
:10CC000023680546314620469B6B98472368294692
:10CC10002046DB6BBDE87040184710B52C21044658
:10CC200015F0C9F9204610BD10B591F82830FF2B3A
:10CC3000044606D00023038043808380C3802046BF
:10CC400010BD263106F0A0F9F9E790F828202AB1A6
:10CC500090F8252012B103685B69184770470000FF
:10CC60002DE9F041044688B054F8263B0025DB6AE4
:10CC70000F46CDE9045504A906469847204606F01C
:10CC80001BF98046204606F04BF9069506ADADF837
:10CC90001E0039462846ADF81C80FCF7C5FDBDF9DD
:10CCA0001C30002B19DDBDF91E30002B15DD0C4B9F
:10CCB0001B6893F858200AB1D86C00B998680168CD
:10CCC000BDF91230BDF910200127029796F82860AF
:10CCD000CDE900568D682146A84708B0BDE8F0812F
:10CCE0004C350120704710B53021044615F063F92A
:10CCF000204610BD10B5044600F082FEE06000F052
:10CD000085FEE3682361C008002247F6FF71013801
:10CD10006060A260198059809A80DA80636A23F08B
:10CD2000010343F00203636210BD000010B50A4B1B
:10CD300003600023C0E90133C0E90333C0E90533D0
:10CD4000C0E9073343626FF000430446C0E90A3389
:10CD5000FFF7D0FF204610BDC45702082DE9F04F61
:10CD600093B056111C9C059304F01F0553110495B4
:10CD700065110393AE424FEA6413069302F01F035A
:10CD800040F0F880049C059AA3424FEA621E0269B3
:10CD900025D1B2F900309E4503D1B2F902309E424E
:10CDA00035D0D18893880B4310D0B2F90230002BD4
:10CDB0000CDBC16A8B4209DAD0E901138B4238BF20
:10CDC000083203F1010338BF026183600369039AEB
:10CDD000A3F800E05A8000229A80DA8017E0059CD0
:10CDE000B2F80480B2F806A004F01F044E110294B9
:10CDF000049C764501F01F0CA4EB03040AD1029BAE
:10CE00009C44A04404FB0CA4A2F80480D48013B07A
:10CE1000BDE8F08F059D691A5BBFCCF120056C431E
:10CE20000025202544BF04FB0CF449420195019FD5
:10CE300094FBF1F501FB154454BF4FF001094FF08D
:10CE4000FF39002CB8BF05F1FF35BC44A84405FBF1
:10CE50000CACA2F80480A2F806C0D0F810C0BCF850
:10CE60000680BCF80420B8BF641858EA02024E4499
:10CE700011D0BCF90280B8F1000F0CDBC26A9045FA
:10CE800009DAD0E9012890453CBF0CF108020261A3
:10CE900008F101028260D0F810C0BDF90C20ACF896
:10CEA00000600027B645ACF80220ACF80470ACF87E
:10CEB00006702B444DD0049FFF1A3D446D0195FB35
:10CEC000F1F801FB1855002DB8BF08F1FF3808F143
:10CED0000107B8BF6D18641A03974FF0000AD0F825
:10CEE00010C0641958BF039FBCF804B048BF474640
:10CEF000BB44ACF804B0BCF806B00BEB471BACF875
:10CF000006B0D0F810C03B44BCF806B0BCF80470C2
:10CF100058BF641A5BEA07074E4411D0BCF902B04F
:10CF2000BBF1000F0CDBC76ABB4509DAD0E9017B16
:10CF3000BB453CBF0CF1080707610BF10107876097
:10CF40000769B6453E807A80A7F804A0A7F806A036
:10CF5000C5D1049AD31A02699188D6881944918060
:10CF6000029901F1200C0199ACEB010C03FB0C635D
:10CF7000D3804CE7059DA21AA5EB01050895029206
:10CF800040F12881039A002AFFF641AF029A5242EB
:10CF90000292069A42EAE2724FF0FF3406922A4663
:10CFA0000B945A430024029D0194029C92FBF4F4DA
:10CFB00005FB1422002A0792BCBF52190792019A5E
:10CFC0000569B8BF04F1FF3404EB01099A424FEA46
:10CFD000691640F01281B5F900309E4204D1B5F9CE
:10CFE0000230039A9A421BD0EA88AB88134310D0D0
:10CFF000B5F90220002A0CDBC36A9A4209DAD0E9AB
:10D0000001329A4238BF083502F1010238BF05618A
:10D0100082600369039A5A8000221E809A80DA8017
:10D020000B9B039A01691A44B1F90030B34203D152
:10D03000B1F902309A421AD0CC888B88234310D0A1
:10D04000B1F90240002C0CDBC36A9C4209DAD0E93A
:10D0500001349C4238BF083104F1010438BF01613A
:10D060008460036900211E805A809980D980069BC4
:10D07000934200F08280089B029C02995B0193FB23
:10D08000F1F104FB1133002B0391089304DA4B1EDA
:10D090000393089B23440893079B02995B1A079309
:10D0A000019BC3F120030E930E99019B5B1A4F461F
:10D0B0000A930026DDE907315B1858BF02990793F0
:10D0C0005DBF5B1A0793039B039958BF591C8944A2
:10D0D000002A4FEA691A2EDBC36A93422BDD019CBA
:10D0E0000569A0460E9CB5F904C0B5F906E0A04557
:10D0F00040F04F81B5F90010514503D1B5F9021048
:10D10000914218D05CEA0E010FD0B5F90210002947
:10D110000BDB8B4209DDD0E90131994238BF08357C
:10D1200001F1010138BF056181600369A3F800A026
:10D130005A809E80DE800B9B01691A44CC888B88C4
:10D14000234310D0B1F90240002C0CDBC36A9C428F
:10D1500009DAD0E901349C4238BF083104F10104F6
:10D1600038BF016184600369A3F800A05A809E80E3
:10D17000DE80069B93424F469CD1019B0769C3F119
:10D180002006059B4FEA631E049B9E4240F0CC8123
:10D19000B7F900309E4504D1B7F902309A423FF406
:10D1A00036AEF988BB880B4310D0B7F90230002B9C
:10D1B0000CDBC16A8B4209DAD0E901138B4238BF1C
:10D1C000083703F1010338BF076183600369A3F8DF
:10D1D00000E0FFE5C26A039CA242FFF618AE069C7F
:10D1E000A242B8BF0132089CB8BF0692C3F1200228
:10D1F000624301240B942024D5E609F01F024FEA74
:10D2000061180C92019AB5F804E0B5F806A0B04593
:10D2100001F01F01A2EB030208D10C9B19449644B4
:10D2200002FB01A1A5F804E0E980F9E6002CC0F2B8
:10D23000A9800127C1F1200C0A9702FB0CF22027DC
:10D24000099792FBF4FC099F04FB1C22002AB8BF3B
:10D250000CF1FF3C39440CFB01A1E980E6440A993A
:10D26000A5F804E008EB01050169B1F80680B1F802
:10D2700004E0B8BF121958EA0E0710D0B1F902E065
:10D28000BEF1000F0BDBC76ABE4508DAD0E9017EAC
:10D29000BE453CBF083101610EF1010181600169A9
:10D2A000BDF90C800D804FF0000EAE42A1F8028057
:10D2B000A1F804E0A1F806E0634454D00199C91A2A
:10D2C0006144490191FBF4FE04FB1E110029B8BF23
:10D2D0000EF1FF3E0EF10107B8BF0919121B0D97A1
:10D2E000D0F810A00A9FBAF804B0521854BFDDF865
:10D2F00034C0F446E344AAF804B0BAF806B00BEB25
:10D300004C1BAAF806B06344D0F810C0BCF806B0B5
:10D31000BCF804A058BF121B3D445BEA0A0714D0B6
:10D32000BCF902A0BAF1000F0FDBC76ABA450CDAEC
:10D33000D0E9017ABA4538BF0CF1080C0AF1010AAC
:10D3400038BFC0F810C0C0F808A0D0F810C04FF027
:10D350000007AE42ACF80050ACF80280ACF80470A4
:10D36000ACF80670BCD10469019A0C99D31AA28852
:10D370001A44A280099A2031891AE28803FB01230A
:10D38000E3804DE64FF0FF370A974A436442002797
:10D3900056E74FEA671809F01F03D04507F01F074B
:10D3A0000F931FFA8CFC1FFA8EFE0AD10A9B9C4435
:10D3B0000F9BA5F804C01F440A9B03FB07E7EF80FF
:10D3C000B9E60029C0F2A8800A9CC7F12003634394
:10D3D00001240D9420240C9493FBF1F401FB143BE5
:10D3E0000C9BBBF1000FB8BF04F1FF341F4404FBDA
:10D3F00007E7A444A5F804C0EF80D0F810C00D9B47
:10D40000BCF806E0BCF80470B8BF8B4408EB030519
:10D410005EEA070311D0BCF902E0BEF1000F0CDB9D
:10D42000C76ABE4509DAD0E9017EBE453CBF0CF1B2
:10D43000080707610EF101078760076913B21093AF
:10D440007B800E9B3D805545BE80FE8004EB030C27
:10D4500051D0019BA3EB0C073C44640194FBF1F811
:10D4600001FB1844002CB8BF08F1FF38ABEB0103F7
:10D4700008F10107B8BF641809931197099BD0F808
:10D4800010E01B1958BF119FBEF804B0099348BFA4
:10D490004746BB44AEF804B0BEF806B00BEB471BE2
:10D4A000AEF806B0D0F810E0BC440D9FBEF806B050
:10D4B0003D44BEF804705CBF5B1A09935BEA070346
:10D4C00011D0BEF902B0BBF1000F0CDBC76ABB453F
:10D4D00009DAD0E9017BBB453CBF0EF108070761C3
:10D4E0000BF1010787600769109B3D8055457B80E4
:10D4F000BE80FE80C2D1019B0F9FA3EB0C0C036981
:10D500009988614499800C9920377F1AD9880CFB3F
:10D51000071CA3F806C00EE60A9B4FF0FF340D94DB
:10D520007B434942002456E70599B7F80480B7F8D1
:10D5300006A001F01F014FEA691B02910499F3450F
:10D5400009F01F0CA1EB060408D1029B9C44A044E7
:10D5500004FB0CA4A7F80480FC8058E40599B1EB07
:10D5600009015BBFCCF120056C430025202544BF99
:10D5700004FB0CF449420195019B94FBF1F501FB7E
:10D58000154454BF4FF001094FF0FF39002CB8BFCC
:10D5900005F1FF359C44A84405FB0CACA7F80480BA
:10D5A000A7F806C0D0F810C0BCF80680BCF804701C
:10D5B000B8BF641858EA07070BEB090311D0BCF990
:10D5C0000280B8F1000F0CDBC76AB84509DAD0E970
:10D5D0000178B8453CBF0CF10807076108F1010765
:10D5E000876007694FF0000C12B29E453B807A803D
:10D5F000A7F804C0A7F806C02E444DD0049FBF1B57
:10D600003D446D0195FBF1F801FB18556545B8BF28
:10D6100008F1FF3808F10107B8BF6D18641A0397C5
:10D620004FF0000AD0F810C0641958BF039FBCF82F
:10D6300004B048BF4746BB44ACF804B0BCF806B0E1
:10D640000BEB471BACF806B0D0F810C03E44BCF85A
:10D6500006B0BCF8047058BF641A5BEA07074B4475
:10D6600011D0BCF902B0BBF1000F0CDBC76ABB459F
:10D6700009DAD0E9017BBB453CBF0CF10807076123
:10D680000BF10107876007699E453B807A80A7F808
:10D6900004A0A7F806A0C5D1049B9E1B03699A8825
:10D6A00032449A80029A02F1200C019AACEB020CEF
:10D6B000DA8806FB0C26DE80FFF7A9BB436A9B07CE
:10D6C000F7B50E46154611D5D0E9051286EA0107D1
:10D6D00085EA02033B4309D033460095FFF73EFB42
:10D6E000436AC0E9056543F00103436203B0F0BD3E
:10D6F000F8B5436A15469A0704460E4601D4FFF76B
:10D70000F9FA636ADB0704D5D4E907122046FFF76C
:10D71000D5FF2369B3F90020701190424FEA6511DB
:10D7200003D1B3F9022091421AD0DF889A883A4394
:10D7300010D0B3F90220002A0CDBE76ABA4209DAFA
:10D74000D4E90172BA4238BF083302F1010238BF8E
:10D750002361A26023690022188059809A80DA80B0
:10D760006661C4E906562562F8BD2DE9F047D0B0E0
:10D770006C4600EBC10127460D1A482D00F1080345
:10D7800040F3D5802D1100EBC502B0F9009016686A
:10D79000B0F9028006605668B0F906C0B0F904E03E
:10D7A000466020F83590A2F80280A2F804E0A2F8C2
:10D7B00006C031F9065CB0F90AC06545A1F108025E
:10D7C00006DB19D1B0F9086031F9085CAE4213DD0F
:10D7D0000E46B0F9089056F8085DB0F90C80B0F923
:10D7E0000EE01D6075685D6021F8089C21F806CC8C
:10D7F00021F8048C21F802ECB0F90260B0F90A506B
:10D80000AE4206DB16D1B0F900C0B0F90850AC4505
:10D8100010DA1D68B0F9008005605D68B0F904E0B9
:10D82000B0F906C0A0F8088045604681A0F80CE079
:10D83000A0F80EC031F9065CB0F902C0654506DB00
:10D8400019D131F9086CB0F90050AE4213DA0E4626
:10D85000B0F9009056F8085D0560B0F90480B0F9A1
:10D8600006E07568456021F8089C21F806CC21F88F
:10D87000048C21F802EC0833B0F902C0B3F902E0DD
:10D88000E645F8DB05D1B3F90060B0F90050AE42CF
:10D89000F1DB1546083AB2F90260B445F9DB05D16F
:10D8A000B0F90080B2F90060B045F2DB9342A5F117
:10D8B000080616D8D6F800C0B3F900A0C3F800C017
:10D8C000B3F90490B3F90680D6F804C0C3F804C0D5
:10D8D00025F808AC25F806EC25F8049C25F8028C00
:10D8E000C9E7D6F800E0B0F900A0C0F800E0B0F950
:10D8F0000490B0F90680D6F804E0C0F804E025F8FA
:10D9000008AC25F806CC25F8049C25F8028CCD1A25
:10D91000161AED10B5EBE60FB5BFC4E90002C4E975
:10D9200000310A46034608341846114624E7994256
:10D9300028D9A3F11002B2F912C0B2F90A50AC45CD
:10D9400006DB1DD1B2F91060B2F90850AE4217DA09
:10D950001546B2F9109055F8086F16616E68B2F965
:10D960001480B2F916E0A2F80890A8425661A2F815
:10D970000AC0A2F80C80A2F80EE0A2F10802DAD1E7
:10D980000833D4E7BC4203D954E90201083CF3E66A
:10D9900050B0BDE8F08710B5436ADA07044607D5F2
:10D9A000D0E90712FFF78AFE436A23F001034362BE
:10D9B000636A9B0721D52369D9889A880A4310D0C6
:10D9C000B3F90220002A0CDBE16A8A4209DAD4E9C1
:10D9D0000112914288BF083302F1010288BF23611E
:10D9E000A260A16829B16368994202D8E068FFF794
:10D9F000BCFE636A23F002036362E06810BD0000AE
:10DA0000014B1868704700BF54350120014B18685E
:10DA1000704700BF5835012010B50368DB6A0C461B
:10DA20009847031B5842584110BD0000014B196034
:10DA3000704700BF5C3501202DE9F04F9646054642
:10DA400014460E461F46BEE80F0097B00DF11C0CA1
:10DA5000ACE80F00DEF80030CCF8003004F1140E12
:10DA6000BEE80F000DF1300CACE80F00DEF800301E
:10DA7000CCF8003004F1280EBEE80F000DF1440C84
:10DA8000ACE80F009DF88C90BDF890A0BDF88880A0
:10DA9000DEF80030CCF80030219A2B680192CDE9F5
:10DAA000039A209A0092CDF80880D3F83CB007AAD8
:10DAB0003B4631462846D847A646BEE80F000DF142
:10DAC0001C0CACE80F00DEF80030CCF8003004F19C
:10DAD000280EBEE80F000DF1300CACE80F003C340E
:10DAE000DEF80030CCF800300FCC0DF1440CACE87F
:10DAF0000F002368CCF800302B68CDE9039A219AF7
:10DB00000192209A0092CDF80880DC6B07AA3B4670
:10DB100031462846A04717B0BDE8F08F2DE9F04FF9
:10DB20008DB088461699D3F800C00F68BDF87040D4
:10DB300092ED094AD2ED0B4AD3ED076A1899DDF848
:10DB400064A0B1F90090BAF90010D3ED0A1A93ED70
:10DB50000D2AA7EB0C07BC42A8BF3C4607EE904A33
:10DB6000B8EEE75AD2ED0D7A25EE044A65EE244A66
:10DB700025EE275AF7EE007A87EEA67A09EB0C0E0F
:10DB8000714571EEA40A32EE051A36EE840A61EE92
:10DB9000871A22EE072A40F38D80A1EB0E0696FB32
:10DBA000F4F507EE105AB8EEC77A002D04FB15669F
:10DBB000A7EE040AE7EE240AA7EE051A13DD70EEBD
:10DBC000446A70EEE41AF5EE406AF1EE10FA18BFFE
:10DBD00087EEA67A31EE452A08BFB0EE677A61EE8D
:10DBE000871A22EE072A05FB04F2BF1A9444BAF8FA
:10DBF0000420114409EB0C023A4409B28A42C4BF22
:10DC0000A1EB0902A2EB0C07002F50DD97FBF4F10A
:10DC100004FB11720AB901392246C7EE803A406806
:10DC20000B90D0F800A0179808909DF86CB0189849
:10DC3000CDF824B0B0F902B05B690B985B44F0EE0C
:10DC4000426A60EEA32A21EE233A72EEE17AFEEEFA
:10DC5000C86AFEEEC87A079317EE907A73EE427A9E
:10DC6000B0EE617AFEEEC87A16EE903A97FBF4F7C2
:10DC700017EE90CABEEEC87A9CFBF4FC0CFB063390
:10DC8000029317EE103AB64404FB05E5CDE9037C98
:10DC900007FB0637CDE90585CDE900470029CCBF54
:10DCA000A1469146A9EB0603DAF80840A0470DB05B
:10DCB000BDE8F08F00252E4699E700002DE9F04FD2
:10DCC000DBB01D46BDF898310A939DF89C310B934B
:10DCD000BDF8A031109303680F915F6C0990144652
:10DCE0002946DDE90A23DDF894B1B847099B58605D
:10DCF000002800F0A1832B6814936B681593C44B24
:10DD000094ED027A1978D5E90223F2EE047A00291B
:10DD1000B4EEE77A16BF194611461346F1EE10FA33
:10DD20001691CDE9173240F2878394ED077AB4EE6D
:10DD3000E77AF1EE10FA40F27F8394ED0C7AB4EEBC
:10DD4000E77AF1EE10FA40F277832268B14B9A42FB
:10DD5000C0F27283B04963698A4200F36D8303F5B0
:10DD60001C33AE48FF33834200F26683A36AAC4D96
:10DD700003F51C33FF33AB4200F25E83626802F5A9
:10DD80001C33FF33834200F25783A16901F51C3332
:10DD9000FF33834200F25083E36A03F51C30FF3007
:10DDA000A84200F249838A4280F210819A4200F32D
:10DDB0001981994280F21D8102250127A946B846A2
:10DDC0004FF0000A214649A804F032FA2246534691
:10DDD00049A9CDF8009019A804F05AFB22465346F1
:10DDE00049A9CDF8008029A804F052FB43462246F9
:10DDF00049A9CDF8009039A804F04AFBAF42B5BF5D
:10DE0000002301230E930E930F9B93E8030012AFA0
:10DE1000B9BF29AD19AC19AD29AC87E8030028B901
:10DE2000804B18680368DB6A98473860649BBBF8CE
:10DE30000600B3F902300C930C9963692F9A0B44D6
:10DE4000BBF90210084400B283420D9080F2DD80DD
:10DE50008B4208DA002A06DDCB1A9A42C0F2E4802F
:10DE6000002B00F3E28067690C9B3B441F460D9B2F
:10DE7000DF1B9742A8BF17460DF15008002F40F353
:10DE80006681649B2968B3F90020BBF900302068E3
:10DE9000114499421ADDBBF804100B4402441BB232
:10DEA0009A4213DC099B109A1B6806920B9A059202
:10DEB0000A9A0095CDE903B2649A0998CDE90182E6
:10DEC00012A9D3F8489049AA2346C847D4E90023A9
:10DED0001A44636994ED0A7AD4ED0B7AD4ED0E6A94
:10DEE000A16894ED086A226001336361A36937EE8B
:10DEF000277A013BD4ED0D7AA361236984ED0A7A78
:10DF000077EEA67AD4ED076AC4ED0D7A0B44E1688A
:10DF1000236176EE866A8B42C4ED076A15DB94EDC9
:10DF2000096A76EE266A0132C4ED076AD4ED0C6AFE
:10DF3000226036EE877A5B1A84ED0A7A94ED0F7AC6
:10DF4000236177EE277AC4ED0D7AD5E900231A44D0
:10DF50006B6995ED0A7AD5ED0B7AD5ED0E6AA96855
:10DF600095ED086A2A6001336B61AB6937EE277A59
:10DF7000013BD5ED0D7AAB612B6985ED0A7A77EE21
:10DF8000A67AD5ED076AC5ED0D7A0B44E9682B61D9
:10DF900076EE866A8B42C5ED076A15DB95ED096A58
:10DFA00076EE266A0132C5ED076AD5ED0C6A2A6065
:10DFB00036EE877A5B1A85ED0A7A95ED0F7A2B613A
:10DFC00077EE277AC5ED0D7A013F57E7994213DCCA
:10DFD0009A4214DA02250327A9464FF000084FF0B1
:10DFE000010AEFE601250027A946B8464FF0020ACC
:10DFF000E8E601250227E1E600250127F4E70227EC
:10E0000003254FF00009B846E9E7134628E700BFAB
:10E0100044350120018FFDFF00710200FFE1040083
:10E02000FEE104004C35012013462B991191DDE9E6
:10E03000290ADDE92C812E9FDDED344A9DED337AEE
:10E040009DED374ADDED367ADDED313ADDED306AB2
:10E050009DED325ADDED355A9DED386A9E469C465F
:10E060004FF00009BCF1000F47D103EB070CD71AA2
:10E07000B9F1000F09D0CDE92EC729908DED337A83
:10E08000CDED367ACDED306A2D911B991191DDE9F8
:10E09000190ADDE91EC7DDE91C91DDED244ADDED3D
:10E0A000236A9DED274A9DED267ADDED213ADDEDCF
:10E0B000207A9DED225ADDED255A9DED286A4FF01C
:10E0C0000008BEF1000F31D0119E31444945504443
:10E0D00076EEA46A37EE047A77EEA37A08DB77EE61
:10E0E000857A76EEA56A37EE067A0130A1EB090152
:10E0F0000EF1FF3E4FF00108E3E7119E3144414528
:10E10000504437EE247A77EE847A76EEA36A08DB01
:10E1100076EE856A37EE257A77EE867A0130A1EBC6
:10E1200008010CF1FF3C4FF001099BE79C44FF1AEA
:10E13000B8F1000F09D0CDE91EC71990CDED236AC3
:10E140008DED267ACDED207A1D91D21A8BE60E9BAD
:10E150003F9A002B00F0D18019AD39AC649BBBF81D
:10E160000600B3F902300C930C9963690B44BBF9B8
:10E170000210084400B283420D9080F2C1808B42AD
:10E1800008DA002A06DDCB1A9A42C0F2BB80002BC7
:10E1900000F3B98067690C9B3B441F460D9BDF1B56
:10E1A0009742A8BF17460DF15008002F40F33C815D
:10E1B000649B2968B3F90020BBF900302068114442
:10E1C00099421ADDBBF804100B4402441BB29A4278
:10E1D00013DC099B109A1B6806920B9A05920A9A07
:10E1E0000095CDE903B2649A0998CDE9018212A99C
:10E1F000D3F8489049AA2346C847D4E900231A44D3
:10E20000636994ED0A7AD4ED0B7AD4ED0E6AA168B5
:10E2100094ED086A226001336361A36937EE277ABF
:10E22000013BD4ED0D7AA361236984ED0A7A77EE80
:10E23000A67AD4ED076AC4ED0D7A0B44E168236138
:10E2400076EE866A8B42C4ED076A15DB94ED096AA7
:10E2500076EE266A0132C4ED076AD4ED0C6A2260BC
:10E2600036EE877A5B1A84ED0A7A94ED0F7A236191
:10E2700077EE277AC4ED0D7AD5E900231A446B694D
:10E2800095ED0A7AD5ED0B7AD5ED0E6AA96895ED74
:10E29000086A2A6001336B61AB6937EE277A013B6C
:10E2A000D5ED0D7AAB612B6985ED0A7A77EEA67A0A
:10E2B000D5ED076AC5ED0D7A0B44E9682B6176EE62
:10E2C000866A8B42C5ED076A15DB95ED096A76EE25
:10E2D000266A0132C5ED076AD5ED0C6A2A6036EE72
:10E2E000877A5B1A85ED0A7A95ED0F7A2B6177EEC6
:10E2F000277AC5ED0D7A013F57E739AD19AC2DE707
:10E30000134644E71346DDE9390A3B9EDDF8F8C0C1
:10E310009DED437ADDED444ADDED467A9DED474AB9
:10E32000DDED406ADDED413A3D99DDF8F0809DED8F
:10E33000425ADDED455A9DED486A0E969E461F46AF
:10E340004FF00009002F46D19C44D71AB9F1000FB5
:10E3500009D0CDE93EC739903D91CDED406A8DEDB4
:10E36000437ACDED467A1B990E91DDE9190ADDE974
:10E370001EC7DDE91C91DDED244ADDED236A9DED2C
:10E38000274A9DED267ADDED213ADDED207A9DEDDF
:10E39000225ADDED255A9DED286A4FF00008BEF1A6
:10E3A000000F30D00E9E31444945504476EEA46AA9
:10E3B00037EE047A77EEA37A08DB77EE857A76EE8D
:10E3C000A56A37EE067A0130A1EB09010EF1FF3E96
:10E3D0004FF00108E3E70E9E31444145504437EECB
:10E3E000247A77EE847A76EEA36A08DB76EE856A85
:10E3F00037EE257A77EE867A0130A1EB0801013FEE
:10E400004FF001099EE79C44FF1AB8F1000F09D0B4
:10E41000CDE91EC71990CDED236A8DED267ACDED9D
:10E42000207A1D91D21AB5E60F9B1B6823B9044BC5
:10E43000186803681B6B98475BB0BDE8F08F00BF9E
:10E440004C35012070B504469DF81C60059861604C
:10E4500000259DF810106382BDF9183025802172C7
:10E460006672E0602282A382E58225836583A583AC
:10E47000E583258484F822502EB303685B699847AE
:10E48000064600B3E06803683146DB6898470546F6
:10E49000C8B1437B827A5B0003F480731343238407
:10E4A000637A062B0FD1E06803682A465B6C31461D
:10E4B00098476B7B5B0003F48072AB7A134318447C
:10E4C000238C18442084204670BD2DE9F04F002491
:10E4D00085B08146884692469B4627462546264675
:10E4E00054452ADA002303934FF6FF639D4204D07C
:10E4F00042F20B039D4218BF2F4603AB42465946DA
:10E50000484603F0ABFC0546B8B10A2815D0039A7B
:10E510008AB1507B937A9588400000F48070034361
:10E520000193D8F8003039465B6C40469847019B10
:10E5300018440644B6B20134D2E7304605B0BDE80F
:10E54000F08F022A30B511D0032A1CD0012A0CD139
:10E550008B880188B0F90420448804805B1A9B1AD8
:10E56000B0F9061043808180C28030BDCB884288DC
:10E570009B1AC2889B1A8A8801884380521A818814
:10E58000521A0280F1E7CB884188B0F90620B0F931
:10E590000050B0F9044045805B1A9B1A03808280CA
:10E5A000C480E2E72DE9F04F9FB00F921293299AB1
:10E5B000299B2A9D12889B880E90134428681791E6
:10E5C0001BB2119303689DF8ACB05B6D9DF8B84029
:10E5D00098472B6813901A7BDB7A15921693BDF936
:10E5E000A060002C67D02B7C2D9A062B14BF012332
:10E5F000022313444FF000091093CDF834904C4699
:10E60000CDF830900D9B109A934280F28B800023BE
:10E61000CDE91C338DF86F304FF6FF639C4206D076
:10E620000C9B42F20B02944218BF23460C930D9BA5
:10E630002D992A688B4240DB136810465B69984726
:10E640000446286803681DAA9F6821460DF16F03E0
:10E65000B8471C904FF6FF639C4200F0EA8042F2FC
:10E660000B039C4200F0E580002C00F00C810A2C8A
:10E670005ED01C9A6AB39488BBF1000F3AD092F82E
:10E680000D904FEA490909F4807392F80A90BBF1A2
:10E69000010F49EA030933D10C9BA6EB0906002BB5
:10E6A0004DD1159A09EB06031344299AB2F90020BB
:10E6B00093424EDA36E02D9B9CE70DF16F030193F8
:10E6C0001DAB009359461CAB2C9803F010FC04467C
:10E6D000C0E7286803681B6998474FF6FF639842B4
:10E6E00000F0A78042F20B03984200F0A280BBF139
:10E6F000000F00D14E441C9A002AC0D1914698E0E8
:10E700000C9B002B00F0C180BBF1000F17D12868D3
:10E710000C9903685B6C98470644169B119AF31A90
:10E72000934216DD002C00F0AE800A2C40F09C8055
:10E730000A24B4FA84F040091FB0BDE8F08F2868BD
:10E740000C9903685B6C9847BBF1010FA6EB0006C0
:10E75000A7D01C98299B90F90910B3F90080437B3E
:10E760005B0103F480728379314413430B444345C6
:10E770005FDB119B99425CDA28680368B045C8BF2B
:10E78000A8EB06081B6BCCBF1FFA88F84FF00008F7
:10E7900098471C9A537BD90001F48077117A39434A
:10E7A0005F06129F44BFA1F5007109B2C7197F1A15
:10E7B0002999BFB2B1F902100FFA87FA51453CDD31
:10E7C0001B01D07903F4807303439A44514530DC34
:10E7D000CF1B3FB28A461992139A1D9B2868002AC4
:10E7E0002DD118930E9B1968CB6C01681493096C9A
:10E7F0008847A9790B91A97B0A919DF86F1009911F
:10E80000A968189B0693BFB2CDE90287299B0493A0
:10E81000B044CDE907010FFA88F30093199A0F9BD2
:10E820000592CDF804A01A6817995B680E98149F9A
:10E83000B8470D9B01330D93E4E60027CBE70E9A12
:10E84000D2F808C0129ADCF80010CDE90462AA7967
:10E850000392AA7B0292AA68CDE90002299A8F68E6
:10E860000F996046B847E4E70D9D2D9B01359D4209
:10E87000BFF65FAF59462C98F5F7B4FA044610B1CD
:10E880000A28F2D154E7002453E7BBF1000F3FF40C
:10E8900044AF5EE730B5C48A458B43832C44E41A09
:10E8A000C482838B048B22440C44591AC283048390
:10E8B000818330BD2DE9F04F0446478AC068036864
:10E8C00085B09B6B9847B4F91460637A06EB4006F9
:10E8D000B74203F1FF33ACBF4FF000094FF001091D
:10E8E000052B04D8DFE803F054080E474C4C0025F4
:10E8F000A9462E462F460DE0B742B4BF002601269A
:10E900000025F7E7B7424D464FF00009B4BF002697
:10E9100001264F464FF00008A4F81680A4F818808E
:10E92000CDF80480002303932388202B34D042F2B7
:10E930000B015A1AD2F1000A4AEB020A4FF6FF62A3
:10E94000934209D08B42019A18BF1A4601920CBF1C
:10E950004FF0010A4FF0000A03ABE268217A6068C9
:10E9600003F07CFA2080D8B9A28B00231146204600
:10E97000FFF790FF6EE00025A9462E460127C9E764
:10E98000B7424FF00005B4BF002701272E46C1E76C
:10E990000025A9460126ADE701934FF0010ADBE708
:10E9A000638B0A2803F101036383DDD0039A62BB02
:10E9B0004FF6FF63984203D042F20B039842B1D165
:10E9C0002388A18B202B03D042F20B00834231D14C
:10E9D000BAF1000F0ABF8846504601200A44238B33
:10E9E000B4F810C092B2A2831344B9F1000F02D15F
:10E9F000002D42D000B3218C19448C4537DAE18ACE
:10EA0000002934D063458DDD1DE09388238092F882
:10EA10000DB001994FEA4B0B0BF4807092F80AB0DD
:10EA20004BEA000BE06803685B6C98470BEB000255
:10EA300092B2C5E70020D1E763457FF773AFE38A61
:10EA4000002B3FF46FAF012384F82230228CE38B3C
:10EA50001344E383E06803689B6B9847B4F9143070
:10EA60001844638A181A608205B0BDE8F08F00234D
:10EA700011462046FFF70EFF54E7634514DD17B13A
:10EA800001230A4672E7002E3FF44CAF00287FF4C2
:10EA900049AFBAF1000F02D00123424667E7E38A8B
:10EAA000002B3FF43FAFD5E700287FF43BAFBAF12E
:10EAB000000F3FF437AF01234246DAE7F0B50546D1
:10EAC0008FB017461C460E46D1B11B6820469B6B83
:10EAD0009847404200B2CDE90140039600974FF6B7
:10EAE000FF73BDF85020294605A8FFF7ABFC0124B1
:10EAF00005A8FFF7DFFEBDF8143063B10134F7E776
:10EB000003F07AFA01240A28284608BF013403F0EA
:10EB100073FA0028F7D1A0B20FB0F0BD2DE9F04F85
:10EB2000E3B01C466C9B83468846002B00F01281A4
:10EB30002368002B00F00E81A37B002B00F00A81DC
:10EB400010685168B8F90420ADF834200AAD2B469E
:10EB500003C30021B8F906300C91A279ADF8363024
:10EB60000CA92846FFF7EDFC0CA90846A279FFF78F
:10EB7000E8FC17A802F0EAFD20680368DB6C984700
:10EB80000646206803681B6D984733466D9A6C995A
:10EB9000009017A802F035FE206894F804A00368DE
:10EBA0009B6B9847B4F90C6023680746064430A86D
:10EBB00093F8099002F0CAFD237C7BB120680368BA
:10EBC000DB6C9847099020680268126D9047099B9A
:10EBD00000906D9A6C9930A802F013FEBDF83410C5
:10EBE000E27BBDF836308A1A217C0391B4F90C100F
:10EBF0000291216801916179009192B230A90EA829
:10EC0000FFF720FC002E5BDC17AF4FF00009237CE0
:10EC1000002B00F0B1800EA8FFF74CFEBAF1000FF8
:10EC200000F0A580237C09936422394649A814F09A
:10EC3000D6FB099B002B00F0A780BDF95630227946
:10EC4000012A40F08A80BDF93400C01A022390FBEB
:10EC5000F3F000B2237C002B00F08B80BDF84E2037
:10EC60009DF85A10BDF93230CDE90521BDF83020AC
:10EC7000104400B20090CDE90397CDE9015442461B
:10EC800000215846FFF78EFC002863D1BDF83230D2
:10EC9000BDF83610B2B213448A1AADF836209DF88A
:10ECA0005A201BB2ADF83230002A53D1226869884D
:10ECB000127A9B1AEA880A4412B29342A7DD49E00D
:10ECC000237C4F44C3B14FF6FF79BDF93230B5F91B
:10ECD00002203B44934297DA0EA8FFF7EBFDBDF804
:10ECE0004E30013B9BB24B45099321D0617917A867
:10ECF000F5F778F8099BF4E71FFA86F9BDF9323089
:10ED0000B5F902203B449342BFF67EAF17A803F04B
:10ED100073F9F8B10A28F1D1BDF832304B44ADF89F
:10ED20003230BDF83630A3EB0903ADF83630E5E7F5
:10ED3000BDF83220B3B21A44ADF83220BDF8362007
:10ED4000D31AADF83630BDF838301BB19DF85A30C3
:10ED5000002BBAD063B0BDE8F08F022A05D1E27B68
:10ED6000BDF83400801AC01A73E7002072E7E07B18
:10ED700070E747F6FF7273E7BAF1000FF7D064222D
:10ED8000394649A814F02BFB002347F6FF7221688F
:10ED900049A8FFF79AFB03B251E7032B18D8DFE825
:10EDA00003F002060D13B0F90020501870470388D5
:10EDB0008088184400B2801A013870470388808820
:10EDC000184400B2401AF7E7B0F900001044704749
:10EDD00000207047032B17D8DFE803F00206091064
:10EDE000B0F9021050187047B0F90220FAE74388D2
:10EDF000C088184400B2801A013870474388C08820
:10EE0000184400B2401AF7E700207047014B002277
:10EE10001A6070475C3501200346C8B1020C120429
:10EE2000A2B90304102013F07F4F04BF1B02083067
:10EE300013F0704F04BF1B01043013F0404F04BFA8
:10EE40009B000230002B04DB013070470020EAE712
:10EE5000202070472DE9F04F87B00D4616469846A2
:10EE6000DDE91047014620B11AB11F2D01D81F2B33
:10EE700004D90020386007B0BDE8F08F7DB943B1F8
:10EE80000246CDE900472B4641463046FFF7E2FFF8
:10EE9000F1E74FF0FF333B606FF00040EBE732FAF1
:10EEA00005FA06D14643B6FBF4F004FB10663E605B
:10EEB000E1E70122AA40013A164000FA05FB30467C
:10EEC000BBFBF4F90AFB09F30393FFF7A5FF2B46FD
:10EED0000A46CDE9004701463046FFF7BBFF04FB79
:10EEE00019B90646484605EB0801FFF795FF05AB43
:10EEF000CDE900434A4603465046FFF7ABFF396869
:10EF0000059A039B1144B1FBF4F2D3181E4404FB91
:10EF1000121430443C60AEE72DE9F04385B0B0F107
:10EF200000090C9C1D46BFBF23685B42C9F1000964
:10EF30002360B4BF4FF0FF360126002A174604DADB
:10EF400023685B42574276422360002D3846BABFA1
:10EF50006D424FF0FF384FF00108FFF75DFF03AB44
:10EF6000CDE900533A4603464846FFF773FF23684E
:10EF7000039A46451A4492FBF5F3184418BF4042E1
:10EF800005FB1323721C236005D1002BC3F1000283
:10EF90000BDB226006E0012E04D1002B02DA2B44A9
:10EFA0000138236005B0BDE8F0830138521BF0E75B
:10EFB0002DE9FF411C4C0768A36905462BB9406841
:10EFC000C5E9007004B0BDE8F081A268206804AE15
:10EFD0004FF0020893FBF8F10A4446F8042DE1696A
:10EFE00000963A46FFF798FFA3696A68216A00967F
:10EFF00007466068FFF790FF6269A36993FBF8F822
:10F0000042440392616A2A6800960744E068FFF769
:10F0100083FF00968046A3696A68A16A2069FFF7AA
:10F020007BFF4044CCE700BF60350120074B1B78D5
:10F03000012B09D1B1F90030B0F900200380044B55
:10F040001B88013B9B1A0B80704700BF4435012091
:10F050004035012010B5074B1B78012B08D1064B1A
:10F060000C881B88B0F90020013B1B1B03800A8021
:10F0700010BD00BF443501204035012010B50A4BBA
:10F080001B78012B0ED1B0F906104388B0F900406F
:10F090004480CA18054B1B889B1A0380B0F90430C2
:10F0A000C380818010BD00BF443501204035012060
:10F0B000084B1B78012B0CD10388B0F9041042884F
:10F0C00002805A18044B1B889B1A4380C388838094
:10F0D000C1807047443501204035012010B5074BF1
:10F0E0001B78012B08D1B1F90030B0F90040038042
:10F0F0009388013B1B1B0B8010BD00BF44350120D2
:10F1000010B50A4B1B78012B0A460DD18188038864
:10F110000B440146013B21F8023BFFF7DFFFB0F94A
:10F120000430C2888280C38010BD00BF44350120F6
:10F13000064BB3F90020064BA0F83421B3F9003098
:10F14000A0F836310021C0F8301170474035012059
:10F1500042350120034B186810B103689B691847BA
:10F16000704700BF903501207047000007B5094B7C
:10F17000B3F90020084BADF80420B3F90030ADF826
:10F1800006300368002100919B6C6946984703B0E4
:10F190005DF804FB4035012042350120094BB3F9ED
:10F1A0000020094B82B0B3F90030ADF804200021F3
:10F1B000ADF806300091036802AA12E906001B6C44
:10F1C00002B018474035012042350120034B186832
:10F1D00010B10368DB691847704700BF9035012004
:10F1E000034B186810B103681B6A1847704700BFCB
:10F1F000903501200023A0F8EC307047034B1868CD
:10F2000010B103689B6A1847704700BF9035012012
:10F21000704710B54FF49E71044612F0CCFE2046A4
:10F2200010BD10B5B1F900408A88B0F90030224411
:10F2300012B2934215DA828813441BB29C4210DA50
:10F24000B1F90230C988B0F90220194409B28A42E2
:10F2500007DAC088104400B28342ACBF002001200E
:10F2600010BD0020FCE7B0F90030002B10B504DA27
:10F2700084882344838000230380B0F90040B0F9E0
:10F280000430091B8B42B0F90230C8BF8180002BCB
:10F2900004DAC1880B44C38000234380B0F9021014
:10F2A000B0F90630521A9342C8BFC28010BD0000A8
:10F2B00010B5104BB3F900200F4B0C462046B3F9A4
:10F2C0000010FFF7D0FF0D4B186890B1036821467E
:10F2D0009B6898470A4B186818B1036821469B68D9
:10F2E0009847084B186803682146DB69BDE8104061
:10F2F000184710BD423501204035012090350120CE
:10F300008C3501204C350120F8B5064608460F46DD
:10F31000FAF7CDFAE8B9B7F90050B6F90040A542BE
:10F3200017DBB7F90220B6F902309A4211DBB9882F
:10F330000D44B1880C442DB224B2A54209DCF888F2
:10F340001044F288134400B21BB29842CCBF002094
:10F350000120F8BDF8B5044608460D46FAF7A7FAAD
:10F3600078B92046FAF7A3FAB5F9006050B12680C3
:10F37000B5F902306380B5F90430A380B5F90630E1
:10F38000E380F8BDB4F90010B5F90220B4F90230F9
:10F39000B5F804C0ED88B1420F46A8BF3746934286
:10F3A00018466644A8BF1046B4F804C027802A4413
:10F3B000E588608061442B4436B209B212B21BB2B8
:10F3C0008E42ACBFC7EB0601C7EB01019A42ACBF4E
:10F3D000C0EB0202C0EB0302A180E280D1E7000093
:10F3E000014B1868704700BFA035012010B50023FD
:10F3F000A0F8A430B0F88030A0F8A6300446B4F8E5
:10F40000A430B4F8A6209A420ED9E21892F88420CB
:10F4100022B154F8230003681B6D9847B4F8A43058
:10F420000133A4F8A430EAE710BD0023A0F880302F
:10F4300000F18402A43002F8013B8242FBD1704704
:10F4400070B50B4C054620680E4610B103685B6929
:10F450009847281DFFF7E9FF266033683046DB68D0
:10F4600098472B6828465B6CBDE87040184700BF82
:10F47000903501200023B0F880C0B0F8A410F0B59A
:10F480001A461C461D469C451ADDC61896F884602F
:10F490006EB19A4208D01FFA82FE50F8237040F8ED
:10F4A0002E70871887F8846001320133EBE7B0F8DB
:10F4B000A6609942A8BF01359E42C8BF0134F4E757
:10F4C000B0F8A630491B1B1BA0F8A410A0F8A6306A
:10F4D000B0F88030934203DD013BA0F88030F7E7BD
:10F4E000F0BD000070B5164D0446286840B1037A9F
:10F4F00033B984F8383103689B68BDE87040184719
:10F5000094F838310F4E73B968B1037A5BB1306843
:10F5100010B103681B69984728680368DB6898473F
:10F52000012384F8383104342046FFF75FFF20467A
:10F53000FFF7A0FF306810B103685B6ADDE770BDBC
:10F540009435012090350120034600F1400100224E
:10F550001A805A809A80DA8008338B42F8D1A0F85A
:10F5600040207047F8B506461C4B46F8043B04465D
:10F570000025A8220021304613F061FEA4F8845033
:10F5800004F1AC00FFF7E0FF04F1EE00FFF7DCFF51
:10F59000A4F83051A4F83251A4F83451A4F83651EB
:10F5A00084F838510E490F480F4F11F08FFE0F4B62
:10F5B00058B11D800E4A002313600E4A3B6030464E
:10F5C0001360FFF732FF2046F8BD4FF4806202203F
:10F5D0001A80386001F040FFECE700BFD457020802
:10F5E000CDB5E8B5C2A507F490350120A0000020F4
:10F5F000A035012094350120B0F84030013B9BB28A
:10F600008B4210B5A0F8403008D900EBC30300EBE3
:10F61000C1041A6840F831205A68626010BD0000C9
:10F620002DE9F04F924B8FB00AAC84E80600B3F995
:10F630000020904B8346B3F900102046FFF713FEDD
:10F640002046FAF734F9002870D18B4B1B6893F8E9
:10F650004830022B6AD00394BBF8EC400BF1AC03AA
:10F660000BEBC405A43501935CB129460398FFF761
:10F670004BFE013C18B1A1B20198FFF7BDFF083D58
:10F68000F2E7BBF8ECA0CDF810A00AF1FF3302932B
:10F690004FEACA0303F1A40406935C4400252646FE
:10F6A000CDF814A02F46059B002B73D0039930464C
:10F6B000FFF7B7FD50B3BDF928E0B6F900C0BDF9BA
:10F6C0002A80B6F90290E64533DBBDF82C20B388DA
:10F6D0007244634412B21BB29A422ADCF388BDF82A
:10F6E0002E101FFA89F213449BB2C8451FFA88FCFA
:10F6F0000FFA83FE0FDBA3EB0C03C91A09B2002932
:10F70000ADF82E1012DDADF82AE00546059B013B51
:10F710000593083EC7E7614409B2714538DCA2EBA6
:10F720000C0212B2ADF82E20002AEEDC0FB0BDE8BC
:10F73000F08FC8452CDBF3889944BDF82E309844EF
:10F740000FFA89F90FFA88F8C14521DBB388BDF8B3
:10F750002C101FFA8CF213449BB2E6451FFA8EF868
:10F760000FFA83F90ADBA3EB0803C91A09B20029CF
:10F77000ADF82C10DADDADF82890C6E7414409B2A7
:10F78000494505DCA2EB080212B2ADF82C20CBE70C
:10F790000746BBE7002D81D1002F00F0DF81BDF9C6
:10F7A0002860BDF92A70BDF82EA0B3B20593059A62
:10F7B000BDF82C301344BAB292449BB21FFA8AFAB5
:10F7C0000FFA83F80FFA8AF9CDE90723049B002B7F
:10F7D00054D003992046FFF724FDDDE90723C0B18B
:10F7E000B4F900E0B4F90210764522DCB4F804C0A4
:10F7F000F4440FFA8CFCE0451BDB8F421FFA81FCBE
:10F80000E1880DDCAAEB0C0CA1EB0C01A4F8029032
:10F81000E1802846049901390491083C0546D3E764
:10F82000614409B24945F5DCA2EB0C0CA4F806C012
:10F83000EFE78F42EEDCB4F806C0614409B28945B7
:10F84000E8DB76451FFA8EFCA18807DCA3EB0C0CE5
:10F85000A1EB0C01A4F80080A180DAE7614409B2B1
:10F860008845D7DB0599A1EB0C0CA4F804C0D0E7C0
:10F8700042350120403501204C350120002D00F09B
:10F880006D81069B5B441C46029B013300F0668140
:10F8900004F1A40529460398FFF736FD20B1BDF811
:10F8A00008100198FFF7A8FE03992846FFF7B9FC56
:10F8B000002800F09C80B4F9A490B4F9A830BDF9F8
:10F8C000280009931FFA89F101EB030C1FFA8CFA47
:10F8D000BDF82CC0BDF92AE0B4F9A62083B203EB31
:10F8E0000C05ADB20595BDF9145004954845BBF81B
:10F8F000EC5040F399805B1A9BB296450FFA8AF060
:10F900001EB22EDD029FBDF82E400BEBC708049FF0
:10F910003F1AB8F8B2001FFA8EFE92B2AEEB0201A7
:10F92000A644024489B20FFA8EFE12B20DB2AEEBBB
:10F9300002026F437243974209DBB8F8AC20A8F883
:10F94000B250ADF828209C44ADF82CC084E6214488
:10F95000B8F8AE30A8F8B060ADF82E10ADF82A3087
:10F960007AE6049FB84227DA0299BDF82E500BEBD5
:10F97000C10405EB0E011FFA81F8B4F8B21011446E
:10F98000A1EB080189B20FFA88F9A2EB0E020FFA77
:10F9900081F83F1A724308FB07F7BA4206DCA4F865
:10F9A000AE90A4F8B280B4F8AC20CAE7A4F8B06076
:10F9B0002944ADF82E104FE60598AAEB000080B25E
:10F9C000062D0FFA80FE17D8049BA4F8A4306B1CF8
:10F9D000B4F9AA10A4F8A8E0ABF8EC30019B0198A8
:10F9E00003EBC50320F835905A809E80D980029B96
:10F9F000013B0293083C47E7029AB6454FEAC20230
:10FA00000DDB9C441FFA8CFC5A44ADF82CC08C448E
:10FA1000ADF82890A2F8ACC0A2F8B0E01CE65A44B9
:10FA20008444A2F8B0608FE7BDF82E601FFA8EF113
:10FA300001EB060893B21FFA88F806930FFA88F3D1
:10FA40000793069FB4F8AA303B449BB296450893AF
:10FA500024DA0599A3EB0803AAEB0104A4B29BB234
:10FA600025B219B2A2EB0E02A9EB00006A4348438B
:10FA70008242029A4FEAC2025A4406DC079BA2F86D
:10FA8000B210A2F8AE30A4445EE70499A2F8B050D8
:10FA9000A2F8AC103344ADF82E30DDE5069F049B90
:10FAA000C91B0FFA8AF789B29F420FFA81FE23DD44
:10FAB000059ABDF92030079DAAEB020292B2A5EB90
:10FAC000030A14B2A9EB0000029B0EFB00F004FB3A
:10FAD0000AFADB0050455B4403DBA3F8B2E0944430
:10FAE00032E7049AA3F8AC20A3F8B040B3F8AE30E4
:10FAF000ADF82A3031445CE7089BA3EB08039BB2C6
:10FB0000062D18B213D8079BA4F8A6306B1CA4F8D6
:10FB1000AA00ABF8EC30019B019903EBC50321F877
:10FB200035905A80099A9A80A3F806E05FE7029C14
:10FB300070454FEAC4040DDB3144069BADF82A2022
:10FB400089B25C44ADF82E101944A4F8AE10A4F8A4
:10FB5000B20081E55C44A4F8B2E09BE7BBF8EC405E
:10FB6000651EADB20BEBC4044FF6FF76B54244D030
:10FB7000BDF92A20B4F9A600BDF92810B4F9A47083
:10FB800082421FD1BDF92EC0B4F9AA309C4519D1CB
:10FB9000B4F8A830BDF82C20D81900B2884209D199
:10FBA000ADF828701344ADF82C3029460198FFF7C2
:10FBB00023FD03E0114409B2B942F3D0013DADB2D7
:10FBC000083CD3E7B942F9D1BDF92C10B4F9A830FB
:10FBD0009942F3D1B4F8AA30BDF82E101F183FB2E5
:10FBE000BA4205D1ADF82A000B44ADF82E30DCE75F
:10FBF0000A4412B29042E1D1F6E7BBF8EC60072E5E
:10FC00004FEAC60412D8751CABF8EC50019DBDF943
:10FC10002800BDF92A10BDF92C20BDF92E3025F899
:10FC200036002C446180A280E3807FE50BF1AC03B9
:10FC3000013E5C446FF0004A4FF0FF37002505930A
:10FC4000B4F9A8300293721EB4F9AA300493914615
:10FC500004F1A403B9F1FF3F14BF0599DDF80CE0EE
:10FC60001868079218BF01EBC90E0DF1300CBEF8F1
:10FC70000610BEF80480069318FB01F85968ACE83A
:10FC8000030071460CA8FFF765FBBDF83610BDF800
:10FC90003400049B029A10FB01F002FB0388A0EBE6
:10FCA00008014FF0080C90FBFCF0884220DC514525
:10FCB000DDE9063203DAD9B18A464F46354609F105
:10FCC000FF3919F1020FC5D116460132A4F108041B
:10FCD000B6D1019BACB2ED0058197B1C0BD101468B
:10FCE0000398FFF737FB21460198FFF785FCB3E443
:10FCF0004F463546EDE7019BFF00D919FFF72AFB78
:10FD0000039B03CB5F445D44C7F8AC00C7F8B01059
:10FD100055F8AC0F039B696803C3E4E72DE9F04F86
:10FD200000F59876A1B004463046F9F7C0FD0546C7
:10FD300048B9236896E806001B6C20469847C4F82B
:10FD40003051C4F83451B4F8EC30002B49D1B14BE8
:10FD50001B6893F84870BB1E5F425F41AE4B1B6847
:10FD6000002B40D0AD4D2846F9F7A1FD06460028EE
:10FD700039D12846FFF782F9236829681B6C6A6825
:10FD8000204698472E806E80AE80EE800FAFA44E46
:10FD90003846FFF7D9FB3588B4F8ECC02B4604F1A0
:10FDA000AC00634524D2BDF87C10072916D800EBBF
:10FDB000C30230F93390B2F902A0B2F90480B2F96B
:10FDC00006E04A1CADF87C2007EBC10227F8319011
:10FDD000A2F802A0A2F80480A2F806E001339BB2C8
:10FDE000DFE70127BAE7002FD0D121B0BDE8F08FBF
:10FDF000B4F82E31AB420CD904EBC5032268D3F81A
:10FE0000EE10176CD3F8F22020460135B847ADB29A
:10FE1000EEE7804D286890F84830012B40F03B8198
:10FE2000804A33881278B4F8EC00012A14D004EB2D
:10FE3000C302AE324FF00009834202F1080280F2A1
:10FE4000828032F8041C32F8087C394409B28945B2
:10FE5000B8BF89460133EFE7734F3A889346834230
:10FE600008DA04EBC3010133B1F9AC108B45A8BF2C
:10FE70008B46F4E700230F2ADFF8B091ADF82C2071
:10FE80008CBF4FEAD2084FF00108ADF82E30ADF824
:10FE90003030ADF83230BDF92C3028685B4540F386
:10FEA000C7800368B7F800A0D3F8A8309847BDF919
:10FEB0002CC02B68AAEB000080B2ACEB080E70459A
:10FEC00093F87C1093F86A2005DD584503DD01B9ED
:10FED00092B3584606E00029FBD1002AF9D15845D3
:10FEE000B8BF5846B9F90030ADF82C000022ACEB91
:10FEF0000000B6F800A0ADF82E20ADF83000ADF847
:10FF00003230B4F8EC305345C5DD04EBCA020DAB1A
:10FF100052F8AC0F516803C30DA80BA9F9F784FC84
:10FF20000DA8F9F7C4FC20B923680DA99B6C2046E5
:10FF300098470AF1010AE4E71A680121D2F8A420DF
:10FF400018469047A7E7394BDFF8DC801F8800236D
:10FF5000CDE90B330F2F8CBFFF080127BDF83230DE
:10FF6000BDF82E20286813441BB24B4560DA0368A5
:10FF7000D3F8A8309847BDF82EE0BDF832302A6893
:10FF800073441BB203EB070E704592F87CC092F8E5
:10FF90006A100DDA48450BDABCF1000F38D10029A0
:10FFA00036D113680121D3F8A43010469847D5E71D
:10FFB000BCF1000F2CD159BB4845A8BF4846B8F941
:10FFC0000020B6F800A0ADF82E300021C01AADF820
:10FFD0002C10ADF83020ADF83200B4F8EC305345B9
:10FFE000BCDD04EBCA020DAB52F8AC0F516803C381
:10FFF0000DA80BA9F9F718FC0DA8F9F758FC20B9C2
:020000040801F1
:1000000023680DA99B6C204698470AF1010AE4E792
:100010004846D4E74C3501208C3501209835012025
:10002000A000002044350120403501204235012048
:10003000286803685B6A9847A54B1B78002B3FF440
:10004000D4AE0023A4F82E31A24BBDF87C601B88EF
:100050000FA804F1EE05B342BFF4C7AEB4F82E11F9
:10006000072915D800EBC30230F93380B2F902E05A
:10007000B2F904C0B2F906704A1CA4F82E2105EBAF
:10008000C10225F83180A2F802E0A2F804C0D780AE
:1000900001339BB2DFE7022B40F0D180B0F8803013
:1000A0000893B0F87E300793036890F87DB0D3F8DA
:1000B000A8309847884B1B880293884B1E88884B32
:1000C0001B780BF1FF37012B1CBF029B0296BFB2BE
:1000D0000FFA87F882464FF0000018BF1E46F0F76F
:1000E000B3FB96FBFBFB0BFB08F8C2450CDA286858
:1000F00003680A21D3F89C30984728680368D3F82E
:10010000A83098478246F0E70020F0F7C7FB1FFAB7
:100110008BF317FB03F70493BBB205934FF0000872
:100120007309704F06934546B54285D03868036819
:10013000D3F8A83098478245814607D9B8F1000F17
:1001400007D038680368D3F8B83074E7B8F1000F07
:1001500003D04D45F5D34FF00108049A95FBFBF30E
:100160000393013313FB02F399B2B8F1000F4ED0A1
:1001700009EB0B03B342A8BF334607989BB28B42EF
:1001800094BFC5EB0302C5EB01028242A8BF024641
:1001900008981FFA82FA824505D215FA82F0864243
:1001A00001D0994240D201200992F0F74DFB386806
:1001B000BDF90C100368D3F898309847484B099A5A
:1001C0001B78BDF90810012B12B24FF0000022D1AC
:1001D000731BA3EB0A03ADF83430ADF83600ADF86D
:1001E0003820ADF83A1023680DA99B6C204698473B
:1001F0003868039B5942036809B2D3F8983098478E
:1002000055440120ADB2F0F749FBCA468CE7059B87
:10021000A9EB0303B1E7ADF83400ADF83650ADF803
:100220003810ADF83A20DEE7386803689B6A9847D3
:10023000386806990368D3F89C309847E5E7032BA4
:1002400040F03081264BB0F982901B78012B04F1ED
:10025000AC0A00F093803288B4F8EC10013292B20C
:1002600000293FF4E9AEB4F8B250B4F8AE301D4402
:100270002DB294464FF000081FFA8CF399424FEAD2
:10028000C80740F2BA80274404EBCC0EB7F9AE3071
:10029000BEF9AE00834240F39C80BEF8B2500544E4
:1002A0002DB29D42A8BF1D46E0460CF1010CE3E7CC
:1002B0000AD1B7F9B200BEF9B2106245B8BF6246C2
:1002C0008842B8BF984682E08A42B8BF0A467EE0BC
:1002D0004A350120A0000020423501204035012090
:1002E000443501204C350120E1190DAB51F8AC0F1C
:1002F000496803C3BDF93830BDF834104B45B8BF69
:10030000BDF93420ADF834200B449B1A0DA8ADF88C
:100310003830FEF7CDFE0DA8F9F7C9FA70BBBDF96C
:100320003AC02868BDF83830D0F800E0BDF8362073
:10033000BDF83410CC45D4BF1FFA8CFC1FFA89FCE1
:10034000CDF800C0DEF894B0D8478346ADF83A0047
:100350000DA8FEF793FE2368274420469B6C0DA949
:100360009847B7F8B000A0EB0B0000B2A7F8B000B8
:1003700020B91FFA88F15046FFF73EF9B4F8ECB007
:10038000BBF1000F3FF458AE3388B4F9AC20013311
:100390009BB24FF0000899B28B454FEAC807A3D92A
:1003A000274404EBC30EB7F8B010B7F8AC00BEF9A1
:1003B000ACC00844BEF8B010614400B209B2884233
:1003C000BFF676AF844562469846B8BF0246013311
:1003D000E1E70ED1BEF9B000BEF8B2E0B7F9B070F7
:1003E00073441BB29D42A8BF1D468742B8BFE0467A
:1003F0005BE78542A8BF054657E70AEB070027449D
:10040000CDE90221B7F9B2B0CB45BEBFB7F8AE50C7
:100410005D442DB2F9F74BFADDE9022100287FF4A3
:100420001FAFB7F9AE20ADF83A002B48B7F9AC10C2
:10043000B7F9B0300068ADF83410AD1A4D45ADF8DD
:100440003620ADF83830A8BF4D46D0F800C0ADB268
:100450001FFA8BFB5D4594BF0095CDF800B092B2BA
:10046000DCF894509BB289B2A8472368ADF83A00F3
:100470009B6C0DA920469847BDF83A10B7F8B230EA
:10048000B7F8AE205B1A0A441BB2A7F8AE20A7F853
:10049000B230002B7FF4DFAE1FFA88F15046FFF731
:1004A000ABF8D8E63588B4F8EC30AB427FF6C4AD93
:1004B00004EBC5020DAB52F8AC0F516803C30DA895
:1004C000F9F7F5F920B923680DA99B6C20469847E8
:1004D0000135ADB2E7E700BF4C350120034B0022E8
:1004E0001A805A809A80DA80704700BF98350120C0
:1004F0002DE9F04F06469DB003A814468A461D46D6
:1005000001F024F933683046DB6C984733680746BE
:100510001B6D304698472A46009021463B4603A86B
:1005200001F06FF900252C46A946A84642F20B0BB4
:10053000002302934FF6FF639C4202D05C4518BF34
:10054000254602AB3246514603A801F087FC04461B
:1005500008B10A280AD1C14538BFC1464FF000088A
:10056000002CE5D148461DB0BDE8F08F029A002A64
:10057000DED0577B336894885B6C7F0007F4807013
:10058000977A2946074330469847384480441FFAF3
:1005900088F8E5E708B50368DB68984728B1437B2E
:1005A000807A5B0003F48073184308BD0EB4F0B585
:1005B0009EB023AB054653F8044B039305A801F006
:1005C000C5F82B682846DB6C98472B6806461B6DE0
:1005D0002846984733461EAE21460090039A0024D1
:1005E00005A801F00EF946F8684D2A463346214623
:1005F00005A801F033FCF0B10A2818D0049FB7B168
:10060000787B3B7AEA88C10001F480711943430684
:1006100044BFA1F5007319B20001FB7900F48070AA
:10062000034313445B1A1BB29C42B8BF1C463346BB
:100630002A460021DCE7A0B21EB0BDE8F04003B0BE
:100640007047437A8088184480B2704703681B6BF8
:1006500018470EB470B59DB021AB044653F8045B47
:10066000029303A801F072F823682046DB6C9847D8
:10067000236806461B6D2046984733460090029A31
:10068000294603A801F0BDF803A801F0B5FC012438
:10069000A3B240B10A2808BF013303A808BF1CB2A7
:1006A00001F0AAFCF4E718461DB0BDE8704003B0A5
:1006B00070470EB4F0B59EB023AB044653F8045B0C
:1006C000039305A801F042F823682046DB6C9847A5
:1006D000236806461B6D20469847334629460090FE
:1006E000039A05A81EAD01F08CF8002145F8681D9D
:1006F00022462B4605A801F0B1FB47F6FF76D8B19C
:100700000A2812D0049880B1477BE288FB0003F4EA
:100710008071037A0B43790644BFA3F500731BB2C3
:10072000D31A1BB29E42A8BF1E462B46224600216A
:1007300005A801F093FBE2E730461EB0BDE8F040AB
:1007400003B0704713B50368B0F90810B0F90A2078
:10075000ADF8041000240094ADF806201B6969462A
:10076000984702B010BD38B50B680C46DB680546EB
:10077000984723682046DB6A29469847284638BDB3
:1007800010B40A88848822440A80C4884A88224493
:100790004A80406920B103685DF8044BDB6A184762
:1007A0005DF8044B704770B582880B8813440B804A
:1007B000C2884B880C4613444B800546011D2046D9
:1007C000F9F732F8B4F90430002B0BDDB4F9063038
:1007D000002B07DD686928B1036821469B6ABDE8E4
:1007E0007040184770BD000070B582880B881344B4
:1007F0000B80C2884B880C4613444B800546011D74
:100800002046F9F711F8B4F90430002B19DDB4F9DA
:100810000630002B15DD686928B1036821461B6985
:10082000BDE870401847074B1B6804339D4208D150
:10083000FEF7D6FD0368216862681B6CBDE8704056
:10084000184770BD9035012070B5044616460D4618
:1008500001B992B1236820469B699847E288A18834
:1008600032442944204612B209B2F2F76BFF2368E2
:1008700020469B69BDE87040184770BD10B504461E
:1008800008460023238063800368B0F90A20B1F989
:100890000810A180E280DB6A21469847204610BDFF
:1008A000704710B51C21044611F085FB204610BD91
:1008B000044A02600022C0E90122C0E90322C0E923
:1008C00005227047905802082DE9F04F044687B082
:1008D000458BB2F800C00591E1680392681C01EBFA
:1008E00085011CF00105B3F90020029580B27DD08E
:1008F00007EE902AF8EEE76A6083C1ED006AB3F96B
:100900000220618B07EE102AE268B8EEC77A4FF03A
:10091000000E481C02EB810206EE10EA608382EDB5
:10092000007A218BA2680125481C2083555400229F
:10093000043307EE902A0093AA46134611462E462A
:100940000192F6EE005AB4F818800598D4F808B071
:1009500008F10107A842BFB20BEB080940F3DB80A6
:100960004CFA06F909F001095FFA89F30493009B38
:10097000B3F90010B3F90230B9F1000F7DD005EEE4
:10098000101AF8EEC54A05EE103A2783B8EEC55A9C
:10099000BAF1000F50D04FF002000BF80800B4F885
:1009A0001A80E76808F1010907EB8807A4F81A9094
:1009B000C7ED004AB4F81A80E76808F1010907EBAF
:1009C0008807A4F81A9087ED005A0136102E06D138
:1009D000019E03980136019630F816C00026009853
:1009E000DDF810A0043001350090ACE706EE102AC7
:1009F000B3F90420B3F902E016EE105A2A4406EEC9
:100A0000902AB3F906206083F8EEE66AF6EE007AE3
:100A1000724407EE102A66EEA76AB8EEC77AC1EDF7
:100A2000006A618BE26827EE277A481C02EB81029C
:100A3000608382ED007A74E74FF005000BF8080040
:100A4000B4F81A80E768B8EEE74A08F1010907EB45
:100A50008807A4F81A9087ED004A04EE102AB4F82B
:100A60001A80E768B8EEC44A08F1010907EB880765
:100A7000A4F81A9087ED004A91E7BAF1000F46D129
:100A80004FF0050027830BF80800B4F81A80E768D8
:100A9000B8EEE75A08F1010907EB880717EE900A4C
:100AA000A4F81A9087ED005A05EE102AB4F81A80BF
:100AB000E7680844B8EEC55A07EE900A08F1010944
:100AC00007EB8807A4F81A90F8EEE77A87ED005A4A
:100AD000B4F81A80E76867EEA57A08F1010907EB18
:100AE00088071A44A4F81A90C7ED007A07EE902AF6
:100AF000F8EEE77AB4F81A80E76867EEA57A08F1AD
:100B0000010907EB8807A4F81A90C7ED007A1A4686
:100B100007EE901A59E7BAF1000F45D005EE901A8A
:100B2000F8EEE55AF4EE665AF1EE10FA08D105EE49
:100B3000903AF8EEE55AF4EE475AF1EE10FA33D057
:100B4000029B2783B3B1022389F80030628BE368EC
:100B5000511C03EB82036183C3ED006A628BE3687F
:100B6000511C03EB8203618383ED007A009807B088
:100B7000BDE8F08F052389F80030628BE368B8EE9A
:100B8000C66A511C03EB8203618307EE90EA83ED92
:100B9000006A628BE368F8EEE77A511C03EB82038C
:100BA0006183C3ED007AD1E705EE902A029927838D
:100BB0000523B8EEE75AF8EEE55A89F8003081B11E
:100BC000628BE368511C03EB8203618383ED005A5F
:100BD000628BE368511C03EB82036183C3ED005A0F
:100BE000B4E7658BE1686E1C01EB8501668381EDDE
:100BF000005A658BE1686E1C01EB85016683C1EDCF
:100C0000005A658BE1686E1C01EB850117EE900AB6
:100C100016EE105A284407EE900AF8EEE77AF6EE40
:100C2000005A67EEA57A72446683C1ED007A07EE3A
:100C3000902AF8EEE77A618BE56867EEA57A4E1C9C
:100C400005EB81016683C1ED007A228BA168551CFA
:100C500025838B5491E700002DE9F0478EB00446C0
:100C6000884615469946169E9DF864A01A9FF0F78F
:100C700077FC6060B9F1000F00F0E880002800F018
:100C8000E58005A800F0F9F8336830469B6D984779
:100C900005A8F0EE400A00F0F4F86068BAF1030F1E
:100CA0003BD8DFE80AF00210719F03682A469B6870
:100CB00041469847DDED1B7AF8EEE70A07EE907A99
:100CC000B8EEE70A26E0B5F90620B8F804306988DE
:100CD000ADF810209B1A5B1AADF80C302B88ADF8DC
:100CE0000E30AB88ADF81230036803AA9B6841460A
:100CF00098479FED580A05A800F0E8F8B8F90430C5
:100D00001B9A07EE907A9B1A00EE103AF8EEE70A6B
:100D1000B8EEC00A05A800F027F96068036805A9C5
:100D20005B6B984760681799036841F07F419B6A45
:100D3000984760689DF860100368DB6A98476068B0
:100D400003680121DB6800259847B9F80070A561A8
:100D500004F1100304F1080204F1140104F10C0081
:100D600009F10206F3F7F2F8AF4260DD318801F1D4
:100D70000F03B21CC3F3071302EB43032046FFF734
:100D8000A3FD01350646EFE7B5F90420B8F80430B5
:100D90002988ADF810209B1A5B1AADF80C30B5F914
:100DA0000610B8F806306D88ADF812105B1A5B1BA0
:100DB000ADF80E30036803AA9B68414698479FED43
:100DC000260A05A800F082F8B8F906301B9A9B1A8B
:100DD00000EE903AB8F90430DB1B00EE103AF8EE62
:100DE000E00A95E76B88ADF80C30B5F90420B8F847
:100DF00006302988ADF812209B1A5B1AADF80E3028
:100E0000EB88ADF81030036803AA9B684146984709
:100E10009FED120A05A800F059F8B8F90630DDED8B
:100E20001B7ADB1B00EE903AF8EEE00A48E76068B8
:100E3000228B036800210191618B00911D6AD4E926
:100E40000213A84760680368DB6998470EB0BDE8E5
:100E5000F08700BF0000B442000034430000874325
:100E600000234FF07E52026043608360C3600261E2
:100E700043618361C3610262704708B5FFF7F0FF09
:100E800008BDD0ED007A67EE807AC0ED007AD0ED33
:100E9000017A67EE807AC0ED017AD0ED027A27EE12
:100EA000800AD0ED037A80ED020A67EEA07AC0EDE9
:100EB000037AD0ED047A67EEA07AC0ED047AD0ED23
:100EC000057A67EEA00AC0ED050A704710B5DFEDA0
:100ED000247A20EE270ADFED237A2DED028BC0EE77
:100EE000278A0446B0EE680A11F0AEF8B0EE408AE8
:100EF000B0EE680A11F0ECF8D4ED036AD4ED004AC4
:100F000094ED047A94ED015AD4ED025A60EE667ABB
:100F100066EE886AE8EE247AE0EE246AC4ED007A90
:100F200060EE477A27EE087AE8EE057AA0EE057AB9
:100F3000C4ED017AD4ED057AC4ED036A20EE676A48
:100F400067EE887AA8EE256ABDEC028BE0EE257A82
:100F500084ED026A84ED047AC4ED057A10BD00BF09
:100F6000DB0F49400000344390ED066AD0ED007A73
:100F7000D0ED076A90ED087AE6EE007AC0ED007ACF
:100F8000D0ED017AE6EE807AC0ED017AD0ED027AFA
:100F9000E7EE007AC0ED027AD0ED037AE6EE207A31
:100FA000C0ED037AD0ED047AE6EEA07AC0ED047AC3
:100FB000D0ED057AE7EE207AC0ED057A7047D0EDE6
:100FC000016AD0ED047A90ED037A60EEA77A60EEC4
:100FD000A60AD0ED006AE7EE007A84B0E6EE800A59
:100FE00090ED057A90ED020A30EE800A77EE870ADE
:100FF00004B0704730B58380BDF80C30C3809DF8D5
:10100000103003729DF814309DF818504372837AA3
:10101000416165F306039DF81C50028365F3C71315
:1010200083729DF82030C3729DF824300373BDF89D
:101030002830C381BDF82C300382014B036030BDE2
:10104000A4580208F0B54469BCB3A388028BCB1A3C
:1010500002F1FF3231D493420CDD0E2303FB024335
:101060009B885B1AD31A9A4227DB002BBCBF022352
:1010700092FBF3F300250E2695421EDC06FB03408F
:101080008788B9421AD00DD25A1E954215DC30F825
:101090000A3C5B1AD31A9A420FDB9D42ECDD5319CE
:1010A0005B10E9E75D1CAA4207DB438ACB1A2B449D
:1010B0009D4202DC9A42DFDAF1E70020F0BDF8B58C
:1010C000044617461E4611B900252846F8BD0A29D0
:1010D000FAD04FF6FF629142F6D042F20B029142F3
:1010E000F2D0FFF7AFFF054650B9236820461B69D1
:1010F000984701462046FFF7A5FF05460028E3D0A4
:1011000023682946DB6D20469847386023682046CF
:10111000DB6B98473070D8E700207047012070479C
:1011200002207047704770477047704710B50C2118
:10113000044610F040FF204610BD10B510210446B3
:1011400010F039FF204610BD10B50C21044610F0F8
:1011500032FF204610BD10B53C21044610F02BFF95
:10116000204610BD30B50D46016B87B0044601B373
:1011700001A8FFF783FB2A89BDF804302879B5F967
:1011800006108DF81000D21AA38E206BADF8121045
:101190001A446B89BDF80650ADF814205B1BE58E30
:1011A0002B44054D0395ADF81630036803A99B6CDD
:1011B000984707B030BD00BF345902082DE9F0410F
:1011C000036B8AB004460D4613B10B79002B44D053
:1011D00004F10408414603A8FFF750FB2B79BDF941
:1011E0000C70BDF90E6083B92A89E98804F13603D1
:1011F000921BC91B019304F13403009312B204F152
:10120000300309B24046F8F72BFA216B29B305A841
:10121000FFF734FBBDF814202B79206B8DF82030BC
:10122000BF1AEA881744A28E1744BDF81620ADF8FD
:101230002270B61A2A891644E28E1644ADF824604C
:10124000074A07920026ADF82660036807A95B6C81
:1012500098472B790BB1C4E90C660AB0BDE8F08160
:101260000C5902082DE9F0410C46016B88B0054687
:1012700000296DD06846FFF701FBA98EE388BDF910
:101280000080BDF902700B441BB2434531DBBDF851
:1012900004C0C4440FFA8CFC63452ADAEA8E26891E
:1012A000164436B2BE4224DBBDF80600384400B214
:1012B00086421EDA6389194409B2414508DB61455B
:1012C00006DAA3891A4412B2BA4201DB824210DB69
:1012D000214B049302238DF81430286B0023ADF8C2
:1012E0001630ADF81830ADF81A30036804A95B6CFD
:1012F0009847291D02A8FFF7C1FABDF80830E08819
:101300002179B5F834C02289EE8E8DF81410A3EB44
:101310000808BDF80A30DF1BBBB21FFA88F86789DE
:10132000A489404460441A44B8442344ADF81600EC
:1013300033443244E044094C286B0494ADF818203F
:10134000ADF81A80ADF81C30036804A9DB6C98472F
:1013500008B0BDE8F08100BF0C590208205902080E
:1013600037B5044634F90C2F013212D10368B0F9B5
:101370000810B0F90A20ADF80410002500956D465C
:101380002946ADF806209B6A984795E8030084E853
:101390000300204603B030BD13B5B0F9203001334F
:1013A000044609D101466846FFF768FABDF80030E7
:1013B0002384BDF802306384B4F9200002B010BD6C
:1013C00013B5B0F922300133044609D1014668460D
:1013D000FFF754FABDF800302384BDF8023063846F
:1013E000B4F9220002B010BD70B50546164B45F8A1
:1013F000043B0023038143818381C38103824382B1
:101400008382C382C0E9063303628384C38480F885
:1014100028300E4A4363C0E90B330D4B4260B3F9E9
:101420000060936B0B4A0446012180F8291080F874
:101430003810B2F900102846984763682846DB6BDD
:1014400031469847204670BD4859020808540208A2
:10145000423501204035012007B5094BB3F9002082
:10146000084BADF80420B3F90030ADF8063003683E
:10147000002100919B686946984703B05DF804FB22
:1014800040350120423501202DE9F04FB1F90430FB
:10149000002B89B080460C4615460EDDB1F90630AA
:1014A000002B0ADD2846FFF75BFF2146FDF7B9FE5A
:1014B000EB6928B91D46002BF4D109B0BDE8F08FC7
:1014C00004AE002B00F0B5802B682946DB6802A82B
:1014D00098472846FFF760FFBDF808700744284684
:1014E000FFF76EFFBDF80A30BDF90C20ADF81420EF
:1014F00018442146BDF90E30ADF812003FB2304617
:10150000ADF81630ADF81070F8F78EF92846FFF7F1
:1015100027FF024696E8030006AB83E80300114666
:101520001846F8F781F9BDF91830B4F90010BDF983
:101530001AA0BDF91CB0BDF91E9099420BD1B4F9A7
:101540000220524507D1B4F904205A4503D1B4F919
:1015500006204A456DD0BBF1000F65DDB9F1000FE3
:1015600062DDB4F902201FFA8AF05245009012DAC7
:101570000193009BB4F90400ADF812209A1AADF85B
:101580001010ADF81400ADF81620EA693146404657
:10159000FFF77AFF019BB4F900209A429FB20DDA5F
:1015A000ADF81020BA1AADF812A0ADF81420ADF8BD
:1015B0001690EA6931464046FFF766FF2288A38805
:1015C0005F4413449BB2BFB23AB219B291420DDDEF
:1015D000DB1BADF81020ADF812A0ADF81430ADF85B
:1015E0001690EA6931464046FFF74EFFE28863886D
:1015F0001344009A4A449BB21FFA82F90FFA89F207
:1016000019B28A4215DAB4F90410B4F90000ADF841
:101610001410A3EB0903ADF81000ADF81220ADF8DB
:101620001630EA69314601E0EA6921464046FFF793
:101630002BFF2846FFF794FE616802462068334678
:1016400003C311463046F8F7EFF8BDF91430002B0C
:101650007FF733AFBDF91630002B7FF72EAF28464A
:10166000FFF79AFEBDF81030181AADF810002846A2
:10167000FFF7A6FEBDF81230181AADF812002B685D
:1016800031469B682846984717E770B50C4686B0E8
:10169000061D00233146054602A80193FFF7EEF828
:1016A000BDF808302288BDF80A10B4F90400ADF87E
:1016B0001400D21A6388ADF810205B1AB4F9061032
:1016C000ADF8161001AA04A93046ADF81230F8F7AB
:1016D00083F9019A1AB121462846FFF7D5FE06B0D4
:1016E00070BD30B50246044652F8080F85B00D466D
:1016F00051686B4603C329466846F8F795F894F895
:1017000038302BB169462046FFF7BFFF05B030BD2A
:101710000434214602A8FFF7B1F8BDF80030BDF847
:1017200008209B1AADF80030BDF80A20BDF8023041
:1017300069469B1A2046ADF80230F8F714F9E5E740
:101740000A680B469269011D1846104738B50025F6
:1017500002230446C0E90055037445610576C5833C
:101760000584C5860587C587A0F84050C0E9115596
:101770000E2229464C3011F062FD01232046A4F8C8
:101780005A50A4F85C50A4F85E5084F8603084F895
:101790006150F2F769FB204638BDC38E00EB430071
:1017A000408CB0FA80F04009704730B50025012424
:1017B000436813B9036813B34360037E43B14369BD
:1017C0002BB11A881AB19A1C4261188830BD05766F
:1017D0004368198899B19A1C02294260F5D1037CAB
:1017E000012BE5D85A1C0233027450F823304361B0
:1017F000002BDDD01B88002BDAD00476D8E7002040
:10180000E4E730B4016000214160156885605268EA
:101810004364029BC26001744161017601870184C7
:10182000A0F84010836430BCF2F71EBB08B410B5BA
:1018300085B007AC54F8043B00931346224603944A
:10184000FFF7DFFF05B0BDE8104001B07047F0B50D
:1018500005460846E9B105F14C040B4601F10807BD
:10186000224618685968264603C60833BB423446E8
:10187000F7D1186830609B88B38095F859305B01C8
:1018800003F4807195F852300B435B4285F8553074
:101890001046F0BD38B50C4611681046CD681946A3
:1018A000A847002808BF204638BD00002DE9F041B8
:1018B0008C460546144642B9A5F85A20A5F85C2086
:1018C000A5F85E202046BDE8F081507B9388060194
:1018D00006F48072E6796FF4636116435A1891B288
:1018E0001D29B7B27ED801228A408A490A424FEAAE
:1018F000E6062DD112F4607F74D005F14C02234628
:1019000004F1080E1446186859689446ACE80300C0
:10191000083373456246F6D11868CCF800009B88FE
:10192000ACF80430B5F85C1095F85900B3B2CA1A97
:1019300092B285F85420D21020F0600002F06002CC
:101940000243CF1B85F85920FB1AA5F85C30B9E794
:1019500005F14C02234604F108081446186859683A
:101960009646AEE80300083343457246F6D1186840
:10197000CEF800009B88AEF80430EB8E05EB4303F5
:10198000598C40F63363994211D1DCF8003060463F
:10199000DB689847417BCB0003F48072037A1343E2
:1019A0004A0644BFA3F500731BB2A5F85A30B5F838
:1019B0005A3095F859203B4433449BB2A5F85A302D
:1019C00085F85430DB1022F0600203F0600313430B
:1019D00085F8593095F85E2095F855309B1A85F8B2
:1019E00055306FE723F0040240F61B618A4203D0B2
:1019F00040F61D62934237D105F14C06224604F1B0
:101A00000808344610685168B646AEE8030008324C
:101A100042457646F6D11068CEF800009288AEF8BE
:101A20000420013B9BB2624621462846FFF732FF65
:101A3000417BCB0003F48072037A480643EA020339
:101A400044BFA3F500731BB2A5F85A3095F859307E
:101A500095F856205B0003F4807313435A1102EB90
:101A60009303A5F85E3046E0C20002F48071227A4A
:101A70000A43410644BFA2F5007212B2A5F85A20EB
:101A800040F6096123F010028A4203D040F6136247
:101A900093423DD105F14C0204F1080896462068B6
:101AA0006168164603C6083444453246F7D12068BB
:101AB0003060A188B18095F85960760006F4807294
:101AC00095F85660164340F6136293421ABF03F12D
:101AD000FF339BB240F60C6362467146284674465B
:101AE000FFF7D8FE437B827A5B0003F480731343D5
:101AF000F61AA5F85E60617BCB0003F48072237A4E
:101B000013434A0644BFA3F500731BB2DB1B1CE75B
:101B10000023A6E77900C03F2DE9F043044642B90F
:101B20004FF40043A0F85A30A0F85C30A4F85E30BF
:101B300047E0517B93880D0105F48070D57905430A
:101B4000042DCCBF4FEA950E4FF0010EB3F5DD6FBB
:101B500000F2AB8040F2E760834216D240F25B6055
:101B6000834259D840F2576083420ED2B3F5CA6F10
:101B70004AD240F24E60834207D240F21A6083425A
:101B80002AD021D8B3F5C26F5BD3B4F95A3013F51C
:101B9000004F40F0D080B4F95C0010F5004F40F0E9
:101BA000CA80CB0003F48070137A490643EA00032D
:101BB00044BFA3F500731BB2A4F85A305D1BA4F810
:101BC0005C501046BDE8F08340F24B60834238D34E
:101BD00040F24C608342D8D9B4F95A00B4F95C3071
:101BE00010F5004F40F0F28013F5004F40F0EE800A
:101BF000CB0003F48070137A4E0643EA000344BF1F
:101C0000A3F500731BB2D9E740F254608342E3D8D6
:101C1000B3F5CA6FE0D9B8E740F274608342B4D03C
:101C20002DD840F25E60834204D840F25D6083426A
:101C3000D2D3AAE740F25F608342CDD0B3F5CE6F36
:101C4000A3D0CB0003F48070137A490643EA000363
:101C500044BFA3F500731BB25D1BA4F85A30A4F86F
:101C60005C50537B5B0103F4807193790B435B0001
:101C7000052193FBF1F392F909100B4456E740F26A
:101C8000E260834209D840F2DF608342BFF47DAF57
:101C9000A3F2D663052BD4D877E740F2E360834202
:101CA0009AD040F2E4608342CAE7B3F50F6F2BD2BB
:101CB00040F6ED0083428FD240F6E500834216D80D
:101CC00040F6E4008342BFF460AF40F2EC60834230
:101CD0000AD840F2EB608342BFF457AF40F2EA60AB
:101CE00083423FF479AFACE740F2ED60F8E740F6AD
:101CF000E800834202D840F6E70098E740F6E900A2
:101D000083427FF442AF67E740F6F60083423FF438
:101D100063AF02D840F6F200F2E740F6FA008342E1
:101D200005D840F6F9008342FFF42FAF54E740F6A0
:101D3000FE008342AFE704F14C0C174602F108089D
:101D4000664638687968E646AEE8030008374745D6
:101D5000F446F6D13868CEF80000B988AEF8041021
:101D6000B4F95E0010F5004F09D0517B927949011A
:101D700001F480711143A0EB510084F8550013F574
:101D8000004FADB20DD02B449BB294F8592084F88B
:101D90005430DB1022F0600203F06003134384F838
:101DA000593094F85910CB0003F4807294F85430F1
:101DB0004F0643EA020344BFA3F500731BB2A4F825
:101DC0005A305B1BA4F85C303246FAE604F14C0C46
:101DD000174602F10809664638687968E046A8E8BF
:101DE000030008374F45C446F6D13868C8F80000EC
:101DF000B988A8F80410B4F95E0010F5004F09D0B6
:101E0000517B9279490101F480711143A0EB51009B
:101E100084F8550013F5004F0ED0A3EB0E0394F891
:101E200059209BB284F85430DB1003F0600322F099
:101E30006002134384F8593094F85910CB0003F42E
:101E4000807294F85430480643EA020344BFA3F575
:101E500000731BB25D1BA4F85C50B5E72DE9F0419F
:101E60001E46C38E00EB430304461746B3F8228098
:101E7000F1F7B8FF054618B930602846BDE8F08193
:101E80003B680146DB6838469847A8F5C063B3F560
:101E9000407F0246306013D2434639462046FFF762
:101EA0003BFE3060336843B15A7B9B7A520002F4A8
:101EB000807213430CBF0123002384F86130DCE7F8
:101EC000A5F560639BB27F2B04D839462046FFF707
:101ED000EDFCE6E794F86130002BE3D040F6021306
:101EE0009D42DFD101462046FFF7B1FCD9E72DE93D
:101EF000F8431E46C38E00EB430304461746B3F86F
:101F00002280F1F76FFF054618B930602846BDE81A
:101F1000F8833B680146D3F808903846DDE908238A
:101F2000C847A8F5C063B3F5407F0246306013D2BE
:101F3000434639462046FFF7EFFD3060336843B132
:101F40005A7B9B7A520002F4807213430CBF012328
:101F5000002384F86130D9E7A5F560639BB27F2B3D
:101F600004D839462046FFF7A1FCE6E794F8613033
:101F7000002BE3D040F602139D42DFD101462046FC
:101F8000FFF765FCD9E710B50446B4F84010238F7D
:101F9000F1B10A2B2FD0E28F04EB42000139408FC0
:101FA000A4F84010511C89B2012984BF02F1FF320C
:101FB000E28703F101022287E28E98BFE187134492
:101FC0009BB2092B88BF0A3B04EB43035884DCE730
:101FD000238F0A2B0FD02046FFF7E7FB238F5A1CD5
:101FE0002287E28E13449BB2092B88BF0A3B04EB85
:101FF00043035884ECE710BD38B5C38E00EB4302B1
:102000000446558C028F013A02875A1C92B2092A63
:1020100086BF093BC386C286FFF7B5FF238C012B21
:102020009CBF01332384E38B0BB90223E383E38B4F
:10203000013B9BB2E38304EB43042846658338BD30
:102040008A422DE9F047C78E31D9058FB0F840801C
:10205000B0F83EC0EE19541A013E1FFA84FEB4B225
:10206000A4EB0E091FFA89F9092C264688BFA4F1B2
:102070000A06BCF1000F08BF4FF0020C00EB460649
:102080000CF1FF3C1FFA8CFC013CB6F822A0A4B274
:1020900000EB4C064C45A6F83AA0E5D1A5EB0E05A1
:1020A0000EEB08040587A0F84040A0F83EC0048F5E
:1020B000641A394489B2092988BF0A390487C1865C
:1020C0000A258AB1018F013A92B2013133F81240E8
:1020D0000187C18E01B9C586C18E013989B2C18619
:1020E00000EB41014C84ECE7BDE8F047FFF74BBF44
:1020F00070B50025954211D0C48B31F8026B1444A1
:10210000013C641BA4B2012C88BF023C00EB4404D8
:10211000648BB44217D10135ADB2EBE7BDF81020A6
:1021200000241344A2B29A420FDAC68E31F814503A
:10213000324492B2092A88BF0A3A00EB42020134C3
:10214000528CAA42EED0002070BD0120FCE72DE9A0
:10215000F74F054616468C1C09884FEA113A34F8A9
:102160001A30B34224D1C1F30329C1F3031801F09B
:102170000F07CDF800804B46524621462846FFF710
:10218000B7FF834668B10AEB0901414404EB410300
:102190003A4649462846FFF753FF584603B0BDE884
:1021A000F08F07EB0A014944414404EB4101D2E7B7
:1021B0004FF0000BF1E770B51088984217D8481E11
:1021C00032F82000984212D300248C420FD26018BB
:1021D0004010850032F82060B34202D9013084B249
:1021E000F3E701D281B2F0E72A44508870BD0020A5
:1021F000FCE72DE9F041456C6F8804467F080B260B
:10220000013E13D0E38E04EB43032A46B3F8228049
:10221000394643462046FFF7CEFF38B105EB400173
:1022200042462046FFF793FF0028E9D1BDE8F08140
:1022300070B54A698D6A4B68CE6A541B00F00681FE
:102240009B1B03D06343102293FBF2F30C688A6953
:10225000651B00F0FD80921B03D06A43102492FBA3
:10226000F4F29B1A07EE903A9FED884AF8EEE77A6F
:10227000B7EE007A67EE847A0A4687EE273A03467D
:1022800000F10C04B1EE436AD2ED027AC7EE276A80
:102290001432E3EC016A52ED027A67EEA67A9C42B0
:1022A000C3ED027A52ED017A67EEA67AC3ED057AA4
:1022B000EAD1CA6A8B69D0ED024AD0ED003AD0ED7E
:1022C000016A90ED055A90ED032AD0ED045A90ED85
:1022D000071AD0ED062A9B1A07EE903A4B689B1A14
:1022E00007EE103AF8EEE77A76EEE46A67EE847A63
:1022F00073EEE44AB8EEC77A64EEE77A27EE047A22
:1023000075EEC55AE6EE877A32EE455A67EE837A65
:10231000C0ED097A8C6A4A69131B07EE103AB8EED1
:10232000C77A0B6827EE047A1B1B64EEC74A07EED8
:10233000103AB8EEC77A27EE047AE6EE874A64EEE2
:10234000864AC0ED0A4ACA6A8B699B1A06EE903A21
:102350004B689B1A07EE103AF8EEE66AB8EEC77AB9
:1023600066EE846A27EE047A65EE666AE5EE876AB1
:1023700066EE836AC0ED0B6A8C6A4A69131B07EE2E
:10238000103AB8EEC77A0B6827EE047A1B1B25EECD
:10239000475A07EE103AB8EEC77A27EE047AA5EE50
:1023A000875AD0ED085A25EE065A31EE651A80EDAF
:1023B0000C5ACA6A8B699B1A07EE103A4B689B1A33
:1023C00001EE903AB8EEC77A72EEE55A27EE047A3B
:1023D000F8EEE11A25EEC77A61EE841AA1EE217AB1
:1023E00027EE037A80ED0D7A8C6A4A69131B03EE9F
:1023F000103AB8EEC33A0B6823EE043A1B1B65EEA5
:10240000C35A03EE103AB8EEC33A23EE044AE1EEA3
:10241000045A25EE866A62EE675A80ED0E6AE3EE94
:10242000A65AF5EEC05AF1EE10FA13DD4FF4004350
:1024300062EEE77AC363E3EE877AF5EEC07AF1EEF7
:1024400010FA15DD4FF40043036470BD2346FDE62A
:102450002A4606E702D547F6FF73E9E722EE642A2B
:10246000A3EE852AB5EEC02AF1EE10FADEDAF2E725
:1024700002D547F6FF73E7E762EEE44AE3EE864AE9
:10248000F5EEC04AF1EE10FADCDAF2E70000803D2A
:102490002DE9F04714275F4302EB070CDCF80450EA
:1024A00015F10F0E00F1A2804FEA2E1E089CC0F815
:1024B00014E01426664302EB0608D8F8045015F120
:1024C0000F0400F19F802411A4EB0E048461002C02
:1024D00000F08A80DCF80490D8F804409559A4EB09
:1024E0000908D459A5EB040A4FEA0A150EFB05FEAC
:1024F0000AFB19EE08FB04E44FEA0816013CA41994
:1025000000F18C8094FBF6FEC0F800E006FB1E4450
:102510000461002DC0F2958095FBF6F4446006FB43
:1025200014558560C660DCF804404569D259DFED7A
:102530004D6A91ED0A6AC4EB051407EE104A04686F
:10254000C2EB041207EE902AB8EEC77AF8EEE77AEB
:1025500001EB830327EE267A67EEA67AD3ED006AB5
:10256000E6EE076A91ED096AE6EE276AC0ED076AB2
:10257000D0ED016AD1ED095A91ED0A6AF8EEE66AEA
:10258000A6EEA56A80ED086A4A6A4262D1ED0C5A4D
:1025900093ED036AA5EE876AD1ED0B5AA5EEA76A03
:1025A00080ED0A6AD1ED0B5A91ED0C6AA6EEA56A90
:1025B00080ED0B6ACA6A026393ED066AD1ED0E5A8A
:1025C000A5EE876AB0EE467A91ED0D6AA6EE277AFF
:1025D00080ED0D7A91ED0D7AD1ED0E7AE6EE877AE7
:1025E000C0ED0E7A4B6BC363BDE8F087C5F1010502
:1025F00015F00F0518BF012510249EFBF4FEAEEB6D
:10260000050E53E7C5F1010515F00F0518BF0125AB
:102610004FF0100994FBF9F4641B55E7644294FBF6
:10262000F6FECEF1000806FB1E44C0F800800461EF
:10263000002C3FF46EAF6FEA0E0EC0F800E0341BC2
:1026400066E76D4295FBF6F4C4F1000E06FB1455E7
:10265000C0F804E08560002D3FF464AFE4434460BB
:10266000751B5EE70000803D024648B1002398B22A
:10267000013302EB430131F8021C0029F7D1704706
:10268000704730B5044659B148B1002398B2824230
:1026900005D9CD5C24F813500133002DF6D130BD9F
:1026A0000846FCE7F0B58BB08C4600218DF824106D
:1026B00004461F2601AF94FBF3FE03FB1E4484EA8D
:1026C000E475A5EBE475ECB2092DD4BF3034573472
:1026D000E4B2BC557446711E74B9002805DA0AAB21
:1026E00019442D2301F8243CB11E013139446046C0
:1026F000FFF7C7FF0BB0F0BD0E46DCE7F0B58BB0BF
:102700008C4600218DF8241001AE1F21B0FBF3F799
:1027100003FB1705ECB2092DD4BF30345734E4B2B3
:102720008C5538464C1E2FB931446046FFF7A9FF3F
:102730000BB0F0BD2146E9E72DE9F04F914685B099
:1027400002680192884683469DF840100391104626
:102750001C469DF848300293FFF786FFB8F1000F42
:102760000CBF844600F1010CB9F1690F9DF8386087
:102770000F9F139DDDF854A003991FFA8CFCDDE92F
:10278000012341D034D8B9F1630F59D0B9F1640FA6
:102790003AD0B9F1580F34D00024BDF85020013A96
:1027A00069B111998C4509DAA1EB0C0189B233B9F1
:1027B000002E51D000284FD00C44A4B200212B6829
:1027C000934207DAB8F1000F04D02AF813802B687F
:1027D00001332B603027002C4ED02E68013CB242D2
:1027E000A4B249DD2AF816702B6801332B60F2E79A
:1027F000B9F1730F1DD0B9F1780F02D0B9F16F0F95
:10280000C9E784464FF00008002CC6D047B901281C
:1028100006D11488302C02BF0232CBF80020384693
:10282000BC4514DABFB2A7EB0C04A4B2BC46002628
:10283000B3E784466CB1B84200DDB8B2002403E0CF
:102840004FF0010C002460462646A046A5E7002470
:10285000EDE72646A046A0E70029B0D020272E6845
:102860000029ACD00139964289B2A7DA2AF816704D
:102870002B6801332B60F2E788B12B6801389A424C
:1028800080B20CDDDBF800309C1CCBF800401C88CB
:102890002B682AF813402B6801332B60ECE72026C5
:1028A00051B128680139824289B205DD2AF81060E9
:1028B0002B6801332B60F3E705B0BDE8F08F2DE9FD
:1028C000F043DDE9078CDDE909E6DDE90B7500245D
:1028D00014801C7088F800408CF800408EF800408E
:1028E0003C700468A4B124884FF0010914B32B2C68
:1028F00001D0202C10D1148004680CB10234046083
:102900000C680CB101340C6004687CB12488EDE7DC
:102910000C687CB12478E7E72D2C02D183F8009075
:10292000EAE7232C07D188F80090E5E70C680CB1A2
:102930002478DBE70024A4F13003092B01D92A2CE9
:1029400022D10123302C8EF800300DD18CF80030CC
:1029500003680BB1023303600B680BB101330B60EA
:102960000368002B2FD01C882A2C35D14FF0FF3361
:10297000336003680BB1023303600B680BB10133A2
:102980000B6003681BB31C882E2C1AD101233B70EB
:1029900003680BB1023303600B680BB101330B60AA
:1029A0000368002B36D01B882A2B37D14FF0FF331A
:1029B0002B6003680BB1023303600B680BB101336A
:1029C0000B60BDE8F0830C6834B12478CCE70B6869
:1029D000002BF6D01C78D7E7002333600A22A4F13D
:1029E000300C1FFA8CF3092BCED8336802FB03C3DB
:1029F000336003680BB1023303600B680BB1013322
:102A00000B6003680BB11C88E9E70C68002CE6D06A
:102A10002478E4E70B680BB11B78C5E700222A6035
:102A20000A24303B9EB2092E2A6813D804FB0233D5
:102A30002B6003680BB1023303600B680BB10133E9
:102A40000B6003680BB11B88EBE70B68002BE8D029
:102A50001B78E6E7062AA8BF06222A60B1E72DE91F
:102A6000F04FA3B000260DF1440907468846CDE992
:102A700008323146422248462C9C0D9610F0DFFB6E
:102A80005FB108F1FF3A099A0D9B52B112880AB161
:102A90009A452EDC002227F81320384623B0BDE8E3
:102AA000F08F089A002AF5D01278F0E7002DEAD0CE
:102AB0002A7842B1252A01D09A4508DCBBF1000FE3
:102AC00021D1002DDFD02A784FF0000B1DE0BBF1A3
:102AD000000F78D0BBF8002027F81320BBF1000FBF
:102AE00002D00BF1020209920DB1013508950133B4
:102AF0000D93DDE9085B0D9BBBF1000FD6D0BBF851
:102B00000020002AD6D1BBF80020002ABBD09A456D
:102B1000B9DDADF832608DF82D608DF82E608DF83E
:102B20002F608DF830600E968DF831600F96BBF1F6
:102B3000000F02D00BF1020309930DB16B1C089337
:102B40000FAB05930DF1310304930EAB03930CAB64
:102B500002930DF12F0301930DF12E0300930DF15C
:102B600032020DF12D0308A909A8FFF7A8FE0E9B5C
:102B7000002BBEBF236823EAE3730E930F9BB8BFFD
:102B80000434002BB8BF2368DDE90821BEBF23EA67
:102B9000E3730F930434D9B10B88692B1FD02FD85E
:102BA000582B1CD018D8252B34D0CDE9085B0D9BB1
:102BB000BBF1000F00F0B880BBF8005027F81350AD
:102BC00001330D9329E00DB12A7885E72A4683E782
:102BD000002AEAD01378E0E7633B012BE5D8CDF873
:102BE000409029B30B88692B63D025D8632B38D04C
:102BF000642B5ED0582B7BD0ADF84460254636E080
:102C0000732BECD002D86F2BCFD1E8E7752BE6D031
:102C1000782BF9E70D9A27F81230099B0BB1023394
:102C20000993089B002B3FF42EAF013308932AE74A
:102C3000002AE1D01378D6E7732B36D007D86F2B54
:102C4000DAD10D9A251DA8EB020208234AE0752B64
:102C500043D0782BD0D10D9A251DA8EB020210236A
:102C600040E02368ADF84430251DADF84660099B6F
:102C7000BDF83210002B52D01A889DF831300DA8C3
:102C800005909DF82D0004900E9803909DF830005B
:102C900002900F9801909DF82F000090CDE90687D3
:102CA00010A8FFF749FD2C46B7E72368251D1093B0
:102CB000DDE70D9A2068A8EB02020A2392B249468A
:102CC000FFF7F0FCBDF844302D2B04F10405CED104
:102CD000ADF83230109B0233E9E70D9A251DA8EBC1
:102CE00002020A2392B249462068FFF707FDBEE7B9
:102CF0000D9A2068A8EB020292B210234946FFF712
:102D0000FDFC251D0DF1420232F8023F002BAED032
:102D1000A3F161011929F7D8203B1380F4E7089A41
:102D2000002AAAD01278A8E7002D3FF447AF2D78EB
:102D300044E707B5009313460022FFF790FE03B067
:102D40005DF804FB0CB407B504AB53F8042B0193F6
:102D5000FFF7EFFF03B05DF804EB02B0704700002F
:102D6000014B1860704700BFB4350120064B1A882C
:102D7000824207D8054B1B8813449842ACBF002001
:102D80000120704700207047D4350120D83501203C
:102D900008B50146FFF7EAFF18B1024B1B6853F86C
:102DA000210008BDB8350120F0B5244C2368002B64
:102DB00042D0234A234D1188B5F800C0224861440F
:102DC0004A1C22F001028F001204DE19120C07EBDC
:102DD000420706601D4EDA1932600E2202FB0CF229
:102DE000033222F003023A44194F13443B60194F57
:102DF00000233B80184F3F68BA1A184F3A60184AB0
:102E00009C4613804FF6FF778B420DD12D8830689A
:102E100000230E249D420FD904FB03020133117BD2
:102E20006FF345111173F5E7226842F823C0026879
:102E300022F813700133E7E7F0BD00BFB835012079
:102E4000D4350120D8350120CC350120BC350120F6
:102E5000C4350120D6350120C0350120D0350120F0
:102E6000C8350120064B1B6843B939B1054B1A80A0
:102E7000054B1960054B1860FFF796BF704700BF00
:102E8000C4350120D8350120C0350120B8350120D6
:102E900070B4074C266805461046039A36B925607B
:102EA000044C218070BC1946FFF7DCBF70BC704732
:102EB000DC350120D4350120124A03881288934260
:102EC00007D2114A1268142101FB0323B3F9080049
:102ED00070470E49098811448B4204DA9B1A0C4A48
:102EE0000E211268F0E74FF6FE72934208D1094BAB
:102EF0001B781BB9084BB3F900007047074BFAE782
:102F000000207047D4350120DC350120D835012060
:102F1000BC350120443501204635012048350120CB
:102F2000124A03881288934207D2114A1268142168
:102F300001FB0323B3F90A0070470E4909881144C5
:102F40008B4204DA9B1A0C4A0E211268F0E74FF606
:102F5000FE72934208D1094B1B781BB9084BB3F999
:102F600000007047074BFAE700207047D435012076
:102F7000DC350120D8350120BC3501204435012045
:102F8000483501204635012030B5224A0B88128889
:102F9000934213D2204A1268142101FB03231A8A98
:102FA000B3F90C40B3F90E105B8A0480C2F30C0233
:102FB000C3F30C0341808280C38024E01749098851
:102FC00011448B4210DA9B1A0E225343144A1168A3
:102FD000CA18CD5EB2F90240B2F90410B2F9063057
:102FE000058044808180E7E74FF6FE7293420BD163
:102FF0000C4BB3F900100C4B8180B3F90020C28058
:1030000000230380438030BD0023038043808380FE
:10301000D2E700BFD4350120DC350120D8350120AE
:10302000BC3501204035012042350120174A038874
:103030001288934213D2164A1268142101FB03230B
:103040001A8A1989C2F30C028A421DDB588AC0F31E
:103050000C005B899842ACBF0020012070470D49ED
:10306000098811448B420DDA9B1A0B4A12680E2113
:1030700001FB0323B3F904101A89914204DBB3F96D
:103080000600E6E70020704701207047D435012094
:10309000DC350120D8350120BC350120124A0388D7
:1030A00011888B420BD2114A126812B152F82300D8
:1030B000C0B90F4A116814225343C85870470D4ACB
:1030C00012880A44934204DA084A126852F823002C
:1030D00070474FF6FE72934203D1074B1B68586C42
:1030E00070470020704700BFD4350120B83501205B
:1030F000DC350120D83501204C350120244B0288D5
:103100001888824221D2234B1968142303FB02132F
:10311000586800283AD020490968002936D051F86B
:103120002210002932D01A89588950435A7CDB7CFE
:103130005209C3F3421343EAC2030B2B18BF4000EA
:10314000033020F0030008447047144B1B880344ED
:103150009A421ADA124B1B68101A0E2101FB00303A
:10316000037B03F01F030B2B0BD1038940895843CA
:10317000094B1968033020F0030351F8220018446A
:1031800070470D2B01D10D3070470020704700BFF4
:10319000D4350120DC350120B8350120D835012097
:1031A000BC35012010B51F4B02881B889A421AD2E9
:1031B0001D4B1B68142101FB02314B7C5809CB7C51
:1031C0001A49C3F34213096843EAC003D8B249B1AC
:1031D00051F8222032B10E2B21D00F281DD01028FB
:1031E00008BF022010BD1249098819448A4209DA31
:1031F000D31A104A12680E2101FB0323187B00F03A
:103200001F00EFE74FF6FE739A4208D1F0F744F93A
:103210000368BDE81040DB6A18470120E2E70020A0
:10322000E0E700BFD4350120DC350120B8350120AE
:10323000D8350120BC350120102070470020704790
:10324000024B1888400080B2704700BF463501200D
:10325000FF2B5ED00B2A58D00ED8032A4DD004D8AD
:10326000012A4CD04DD9C36B31E0092A4DD04AD840
:10327000082A48D000232AE02F2A2CD011D82D2A42
:1032800018D031D82C2AF5D14A6813785278002A00
:10329000F0D1012B1DD0002B2DD0022BEAD1C36819
:1032A00015E0312A04D032D3322A30D0332AE1D18A
:1032B000436F0CE04A6813785278002ADAD1012B68
:1032C00004D00FD3022BD5D1436900E0436A1846DE
:1032D0007047C369FBE74B681A785B78002BC9D14C
:1032E000002AF4D1436BF2E74B681A785B78002B25
:1032F000C0D1002AEBD1C36AE9E7C36CE7E7436DAD
:10330000E5E7436CE3E7C36DE1E7436EDFE7C36ED8
:10331000DDE70B2A59D00ED8032A50D004D8012A51
:103320004FD050D9036CD2E7092A4ED001D8082AD1
:10333000A0D1036ECBE72F2A2DD011D82D2A18D07B
:1033400033D82C2A96D14A6813785278002A91D122
:10335000012B1ED0002B30D0022B8BD10369B6E796
:10336000312A04D033D3322A31D0332A82D1836F29
:10337000ADE74A6813785278002A7FF47BAF012BBF
:1033800005D010D3022B7FF475AF83699FE7836A62
:103390009DE7036A9BE74B681A785B78002B7FF404
:1033A00069AF002A93D1836B91E74B681A785B78F9
:1033B000002B7FF45FAF002A89D1036B87E7036D91
:1033C00085E7836D83E7836C81E7836E7FE7036F17
:1033D0007DE72DE9F04F87B0159805929DF86420A0
:1033E0000292DDE9162401914168DDF860E001FBFD
:1033F0000424026802EB4404DEF800200392DEF8A5
:10340000042004320492029AD643F6B2019A002AAA
:1034100003DC059A002A40F32981119ABEF908C0FD
:10342000BEF90C7002F50041129A02F50042002B21
:103430000EDD081405D4604503DA101401D4B84237
:1034400007DB139801441498013B02440234EEE771
:1034500071D0139D581E05FB00152D145FD46545D2
:103460005DDA149D05FB0020001458D4B84256DAEA
:10347000BDF808B09946A246B9F1000F57DDBEF974
:10348000087003984FEA224C0D1407FB0C0009F159
:10349000FF39405D049D35F81000BAF800502F1236
:1034A0004FEA202C07F0F80717FB06F74FEAE5086C
:1034B0000CF0F80CED000CFB0B7C08F0FC08C710BE
:1034C000EDB2C00018FB06F815FB06F507F0FC0787
:1034D000C0B21FFA8CFC07FB0B8700FB0B5080B2BD
:1034E000BFB20CF1010505EB1C2C07F10108451CCE
:1034F00005EB102508EB172813980CF4784CC5F34E
:10350000C4254FEA581845EA0C0C08F4FC6801443D
:1035100014984CEA080C2AF802CB0244ACE7BDF838
:1035200008A04FF0000803EB0800002841DC23EA64
:10353000E37304EB4304019B002B40F3978030EED0
:10354000040AB7EE007AC7EE007A109B70EEA40A68
:1035500031EE051A20EEA77AF0EE626A61EE277A64
:10356000FEEEC86A77EE622ACDED116AFEEEC82A39
:10357000F0EE436A37EEC33A12EE902ABEEEC83A36
:1035800092FBF3F313EE102A1393109B92FBF3F3C9
:103590001493019B059AFEEEC86A013B0193CDEDA1
:1035A000126A109BB0EE673A08BF1346F0EE472A46
:1035B0002CE70F1453D4DEF80850BD424FDD5FEA0C
:1035C000224C4CD4DEF80C00604548DD03982DB247
:1035D0000CFB0505E85D049D35F810006FF0010552
:1035E00005FB08FB4FEA202C34F80B502F1207F094
:1035F000F80717FB06F74FEAE5090CF0F80CED00A9
:103600000CFB0A7C09F0FC09C710EDB2C00019FBE5
:1036100006F915FB06F507F0FC07C0B21FFA8CFC93
:1036200007FB0A9700FB0A50BFB280B20CF10105FC
:1036300005EB1C2C07F10109451C05EB102509EBD6
:1036400017290CF4784CC5F3C4254FEA591945EAFB
:103650000C0C09F4FC694CEA090C24F80BC0139813
:103660000144149808F1FF3802445CE707B0BDE854
:10367000F08F2DE9F04F85B09346139E169D70682C
:103680000091DDE9142400FB0424326802EB4404B9
:103690002A6801926A68DDE911EC04320292F7EEC1
:1036A000006A009A002A03DCBBF1000F40F3A080FF
:1036B0000F9AB5F90890B5F90C8002F50040109A00
:1036C00002F50042002B0CDD061405D44E4503DA4A
:1036D000161401D4464505DB70446244013B0234B4
:1036E000F0E70FD05E1E0EFB06073F1441D504EB3A
:1036F000430698460396B8F1000F59DC23EAE373BA
:1037000004EB4304009B002B72DD30EE040A70EEE4
:10371000A40AC6EE807A0E9B31EE051A20EEA77A37
:10372000B0EE626A61EE277ABEEEC86A77EE622A70
:103730008DED0F6AFEEEC82AB0EE436A37EEC33A4B
:1037400012EE902ABEEEC83A92FBF3FE13EE102A58
:1037500092FBF3FC009BBEEEC86A013B00938DED2B
:10376000106A0E9BB0EE673A08BF5B46F0EE472A40
:1037700097E74F45BBDA0CFB06263614B7D446450F
:10378000B5DA1E46A046002EB8DDB5F908A00199AD
:1037900017144FEA20490AFB0717029917F8097016
:1037A00031F8177028F8027B70446244013EEAE762
:1037B0005FEA204917D4AE684E4514DD5FEA224A1D
:1037C00011D4EF6857450EDD019F36B20AFB06762D
:1037D000029F16F809606FF0010137F8167001FBBF
:1037E00008F603998F537044624408F1FF3882E76A
:1037F00005B0BDE8F08F2DE9F04F87B0159C05921C
:103800009DF864200392DDE9162002916168DDF8DD
:1038100060C001FB0020226802EB40020092DCF84D
:1038200000200492DCF8042004320192039AD5436C
:10383000EDB2029A002A03DC059A002A40F32C819B
:10384000119ABCF908E0BCF90C7002F50041129A1B
:1038500002F50042002B10DD0C1405D4744503DA88
:10386000141401D4BC4209DB139C00982144149C1D
:1038700002302244013B0090ECE771D0139E5C1EA5
:1038800006FB041636145DD476455BDA149E06FBFF
:103890000424241456D4BC4254DADDF80090BDF858
:1038A0000CA09846B8F1000F54DDBCF908700498DC
:1038B000141407FB04040E14019814F806E0B9F878
:1038C00000400EEB4E0E00EB0E0B27129BF8026031
:1038D0009BF801B010F80EE0139816FB0AF607F0FB
:1038E000F80707FB0567E610E400E4B21BFB0AFBE0
:1038F00014FB05F406F0FC06BFB206FB05B60EFB92
:103900000A4EB6B21FFA8EFE7C1C04EB172706F196
:10391000010B0EF1010404EB1E240BEB162B07F434
:103920007847C4F3C4244FEA5B1B27430BF4FC6BBA
:103930000144149847EA0B0729F8027B024408F176
:10394000FF38AFE7BDF80C904FF0000E03EB0E040C
:10395000002C43DC009A23EAE37302EB4303009359
:10396000029B002B40F3988030EE040AB7EE007AF9
:10397000C7EE007A109B70EEA40A31EE051A20EE15
:10398000A77AF0EE626A61EE277AFEEEC86A77EEF9
:10399000622ACDED116AFEEEC82AF0EE436A37EED8
:1039A000C33A12EE902ABEEEC83A92FBF3F313EE3E
:1039B000102A1393109B92FBF3F31493029B059A26
:1039C000FEEEC86A013B0293CDED126A109BB0EE89
:1039D000673A08BF1346F0EE472A2AE70F1454D47B
:1039E000DCF80860BE4250DD5FEA22484DD4DCF8C6
:1039F0000C40444549DD049C36B208FB06466FF096
:103A0000010016F80780019C00FB0EFA08EB48083D
:103A1000009804EB080B30F80A409BF8026001980C
:103A20009BF801B010F808800098271216FB09F6E1
:103A300007F0F80707FB0567E610E400E4B21BFB9C
:103A400009FB14FB05F406F0FC06BFB206FB05B645
:103A500008FB0948B6B21FFA88F87C1C04EB17274C
:103A600006F1010B08F1010404EB18240BEB162BF3
:103A700007F47847C4F3C4244FEA5B1B27430BF4D5
:103A8000FC6B47EA0B0720F80A701398014414985E
:103A90000EF1FF3E024459E707B0BDE8F08F000089
:103AA0002DE9F04F85B0F7EE006A139E0392DDE931
:103AB00014247068169DDDF844C06F68019100FB06
:103AC0000424326802EB44042A6802920437019A03
:103AD000002A03DC039A002A40F3CC800F9AB5F940
:103AE0000890B5F90C8002F50040109A02F50042EA
:103AF000002B0DDD061405D44E4503DA161401D44F
:103B0000464506DB129E60443244013B0234EFE737
:103B10000FD05E1E0CFB060E5FEA2E4E43D5984674
:103B200004EB430AB8F1000F71DC23EAE37304EB02
:103B30004304019B002B40F39D8030EE040A70EE9D
:103B4000A40AC6EE807A0E9B31EE051A20EEA77A03
:103B5000B0EE626A61EE277ABEEEC86A77EE622A3C
:103B60008DED0F6AFEEEC82AB0EE436A37EEC33A17
:103B700012EE902ABEEEC83A92FBF3FC13EE102A26
:103B800092FBF3F31293019B039ABEEEC86A013BCA
:103B900001938DED106A0E9BB0EE673A08BF134695
:103BA000F0EE472A93E7CE45B9DA129901FB0626D3
:103BB0003614B4D44645B2DA9846A246B8F1000F9E
:103BC000B3DDB5F908900299161409FB06164FEA01
:103BD000204E2A4916F80EE00EEB4E0E07EB0E0BA8
:103BE00060449BF801609BF80290F60001EA092905
:103BF00006F4FC6649EA060617F80E90129946EAA2
:103C0000D9062AF8026B0A4408F1FF38D6E75FEAC2
:103C1000204929D4AE684E4526DD5FEA224B23D4E5
:103C2000E968594520DD02990FFA86FE0BFB0E1E4E
:103C30006FF001011EF809E00EEB4E0E07EB0E06C9
:103C400001FB08F996F802B07678A1F2FE71F60051
:103C500001EA0B2B06F4FC664BEA060617F80EB0D9
:103C600046EADB062AF80960129960440A4408F122
:103C7000FF3857E705B0BDE8F08F00BF00F8FFFF41
:103C80002DE9F04F87B08B46159804929DF864207B
:103C90000592DDE916244168DDF860C001FB0424CB
:103CA000026802EB4404DCF800200192DCF80420F6
:103CB00004320292F7EE006ABBF1000F03DC049AB3
:103CC000002A40F33881119ABCF90870BCF90C60E5
:103CD00002F50040129A02F50041002B0EDD02149D
:103CE00005D4BA4203DA0A1401D4B24207DB139AAC
:103CF0001044149A013B11440234EEE719D0139D8D
:103D00005A1E05FB02052D1409D4BD4207DA149D85
:103D100005FB0212121402D4B242C0F2AC804FF082
:103D2000000E03EB0E02002A3EDC23EAE37304EBF1
:103D30004304BBF1000F40F3FE8030EE040A70EE46
:103D4000A40AC6EE807A109BBBF1010B31EE051A76
:103D500020EEA77AB0EE626A61EE277ABEEEC86AFC
:103D600077EE622A8DED116AFEEEC82AB0EE436A44
:103D700037EEC33A12EE902ABEEEC83A92FBF3F346
:103D800013EE102ABEEEC86A1393109B92FBF3F356
:103D9000049A14938DED126A109BB0EE673A08BF37
:103DA0001346F0EE472A87E706145DD4DCF8085086
:103DB000B54259DD0F1457D4DCF80C20BA4253DD5C
:103DC000019A2DB207FB0525AA5D029D55F82250E8
:103DD0002E0E49D06FF0010202FB0EF2039234F86E
:103DE0000280059A5643721C02EB262212121FFA19
:103DF00082F94FEA2827C5F30746D243D2B216FB11
:103E000009F607F0F80707FB0267C5F3072A4FEA30
:103E1000E806EDB24FEAC8085FFA88F815FB09F525
:103E200008FB0255BFB21AFB09FAADB206F0FC0658
:103E300006FB02A67A1C05F1010A02EB17270AEB22
:103E4000152AB6B2CAF3C42A07F478474AEA070724
:103E500006F1010A0AEB162A4FEA5A1A0AF4FC6A1A
:103E6000039A47EA0A07A752139A1044149A0EF1CC
:103E7000FF3E114455E74FF00008A3EB0802002A6B
:103E80007FF753AFBCF90860019F0A14051406FBC5
:103E90000272525D029D55F822502E0E44D0059AB2
:103EA00034F818E05643721C02EB262212121FFA55
:103EB00082F94FEA2E27C5F30746D243D2B216FB4A
:103EC00009F607F0F80707FB0267C5F3072A4FEA70
:103ED000EE06EDB24FEACE0E5FFA8EFE15FB09F547
:103EE0000EFB0255BFB21AFB09FAADB206F0FC0692
:103EF00006FB02A67A1C05F1010A02EB17270AEB62
:103F0000152AB6B2CAF3C42A07F478474AEA070763
:103F100006F1010A0AEB162A4FEA5A1A0AF4FC6A59
:103F200047EA0A0724F81870139A1044149A08F103
:103F300001081144A1E707B0BDE8F08F2DE9F04F6B
:103F400085B08B4613980392DDE914244168DDF8AF
:103F500058E001FB0424026802EB4404DEF8002070
:103F60000092DEF8042004320192F7EE006ABBF101
:103F7000000F03DC039A002A40F353810F9ABEF925
:103F80000870BEF90C6002F50041109A02F500427B
:103F9000002B0EDD081405D4B84203DA101401D446
:103FA000B04207DB119801441298013B02440234ED
:103FB000EEE717D0119D581E05FB00152D1409D4EE
:103FC000BD4207DA129D05FB0020001402D4B04266
:103FD000C0F2BC800026981900283EDC23EAE37377
:103FE00004EB4304BBF1000F40F31B8130EE040AE5
:103FF00070EEA40AC6EE807A0E9BBBF1010B31EE87
:10400000051A20EEA77AB0EE626A61EE277ABEEE5C
:10401000C86A77EE622A8DED0F6AFEEEC82AB0EE0E
:10402000436A37EEC33A12EE902ABEEEC83A92FBCC
:10403000F3F313EE102ABEEEC86A11930E9B92FBA7
:10404000F3F3039A12938DED106A0E9BB0EE673A6C
:1040500008BF1346F0EE472A89E70F1426D4DEF88E
:104060000850BD4222DD5FEA224C1FD4DEF80C006E
:1040700060451BDD00982DB20CFB0505E85D019D38
:1040800055F82000070EFF2F16D16FF0010505FB34
:1040900006F7A5F2FE7505EA102C450905F4FC6546
:1040A0004CEA0505C0F3C4000543E55311980144EB
:1040B0001298013E02448EE7FDB2002FF6D06FF059
:1040C000010777431FFA85F934F8078002974FEA12
:1040D000282CC0F30747ED43EDB217FB09F70CF0AE
:1040E000F80C0CFB057CC0F3072A4FEAE807C0B2C6
:1040F0004FEAC8085FFA88F810FB09F008FB0500D2
:1041000080B21FFA8CFC1AFB09FA07F0FC0707FBC8
:1041100005A700F1010A0CF101050AEB102A05EBD5
:104120001C2CBFB2CAF3C42A0CF4784C4AEA0C0C1B
:1041300007F1010A0AEB172A4FEA5A1A0AF4FC6A35
:1041400002984CEA0A0C24F800C0AFE74FF00008D0
:10415000A3EB080000287FF741AFBEF90860009F7D
:1041600010140D1406FB0070405D019D55F82050A1
:104170002E0EFF2E12D12C4800EA1526680900F4F5
:10418000FC603043C5F3C405284324F81800119897
:104190000144129808F101080244D9E7F0B2002E58
:1041A000F5D034F818C01FFA80F94FEA2C27C5F370
:1041B0000746C043C0B216FB09F607F0F80707FB35
:1041C0000067C5F3072A4FEAEC06EDB24FEACC0CC4
:1041D0005FFA8CFC15FB09F50CFB0055BFB21AFB0E
:1041E00009FAADB206F0FC0606FB00A6781C05F144
:1041F000010A00EB17270AEB152AB6B2CAF3C42A44
:1042000007F478474AEA070706F1010A0AEB162A7B
:104210004FEA5A1A0AF4FC6A47EA0A0724F81870A7
:10422000B5E705B0BDE8F08F00F8FFFF2DE9F04FCE
:1042300087B08B46159C04929DF864200592DDE9B9
:1042400016206168DDF860E001FB0020226802EBC7
:104250004000DEF800200192DEF804200292F7EE22
:10426000006ABBF1000F03DC049A002A40F342818C
:10427000119ABEF90870BEF90C6002F50041129A5D
:1042800002F50042002B0EDD0C1405D4BC4203DA0B
:10429000141401D4B44207DB139C2144149C013B49
:1042A00022440230EEE719D0139D5C1E05FB041575
:1042B0002D1409D4BD4207DA149D05FB04242414EF
:1042C00002D4B442C0F2B1804FF0000803EB0804FE
:1042D000002C3EDC23EAE37300EB4300BBF1000F4C
:1042E00040F3088130EE040A70EEA40AC6EE807A2C
:1042F000109BBBF1010B31EE051A20EEA77AB0EE50
:10430000626A61EE277ABEEEC86A77EE622A8DEDA8
:10431000116AFEEEC82AB0EE436A37EEC33A12EED7
:10432000902ABEEEC83A92FBF3F313EE102ABEEECB
:10433000C86A1393109B92FBF3F3049A14938DEDC8
:10434000126A109BB0EE673A08BF1346F0EE472A98
:1043500087E70E1462D4DEF80850B5425EDD17140C
:104360005CD4DEF80C40BC4258DD2DB207FB05657D
:10437000029C665D002E51D0019C34F815906FF0C0
:10438000010404FB08F40394055B059C6643741C5C
:1043900004EB16242412A7B22E12E443E4B24FEA2F
:1043A000292C06F0F80616FB04F64FEAE50A0CF095
:1043B000F80CED000CFB076CEDB24FEAE9064FEA92
:1043C000C90915FB04F55FFA89F90AF0FC0A09FB33
:1043D00007551AFB04FA1FFA8CFCADB206F0FC0676
:1043E00006FB07A60CF1010405F1010A04EB1C2CE5
:1043F0000AEB152AB6B2CAF3C42A0CF4784C4AEA7E
:104400000C0C06F1010A0AEB162A4FEA5A1A0AF4B2
:10441000FC6A039C4CEA0A0C20F804C0139C21445B
:10442000149C08F1FF38224450E74FF00009A3EB39
:104430000904002C7FF74EAFBEF908600D14141468
:1044400006FB0454029D2E5D002E4CD0019D35F8D4
:104450001480059C30F819506643741C04EB162434
:104460002412A7B22E12E443E4B24FEA282C06F03D
:10447000F80616FB04F64FEAE50A0CF0F80CED001E
:104480000CFB076CEDB24FEAE8064FEAC80815FBD3
:1044900004F55FFA88F80AF0FC0A08FB07551AFBD6
:1044A00004FA1FFA8CFCADB206F0FC0606FB07A668
:1044B0000CF1010405F1010A04EB1C2C0AEB152A8E
:1044C000B6B2CAF3C42A0CF4784C4AEA0C0C06F1D2
:1044D000010A0AEB162A4FEA5A1A0AF4FC6A4CEA55
:1044E0000A0C20F819C0139C2144149C09F10109FD
:1044F00022449CE707B0BDE8F08F2DE9F04F85B06E
:104500008B46139C0392DDE914206168DDF8588026
:1045100001FB0020226802EB4000D8F80020009246
:10452000D8F804200192F7EE006ABBF1000F03DC1B
:10453000039A002A40F346810F9AB8F90870B8F937
:104540000C6002F50041109A02F50042002B0EDDCE
:104550000C1405D4BC4203DA141401D4B44207DBB2
:10456000119C2144129C013B22440230EEE717D0FB
:10457000119D5C1E05FB04152D1409D4BD4207DAFC
:10458000129D05FB0424241402D4B442C0F2B3806B
:1045900000269C19002C3EDC23EAE37300EB430069
:1045A000BBF1000F40F30E8130EE040A70EEA40A56
:1045B000C6EE807A0E9BBBF1010B31EE051A20EEA0
:1045C000A77AB0EE626A61EE277ABEEEC86A77EE2D
:1045D000622A8DED0F6AFEEEC82AB0EE436A37EE0E
:1045E000C33A12EE902ABEEEC83A92FBF3F313EEF2
:1045F000102ABEEEC86A11930E9B92FBF3F3039A46
:1046000012938DED106A0E9BB0EE673A08BF134609
:10461000F0EE472A89E70F1418D4D8F80850BD42A5
:1046200014DD5FEA224C11D4D8F80C4064450DDD4E
:104630002DB20CFB0575019C645DFF2C0CD1009C18
:1046400034F815506FF0010474430553119C214454
:10465000129C013E22449CE7002CF7D0009F37F8C3
:1046600015906FF0010575430295455B1FFA84FCB8
:104670002F12E443E4B24FEA292E07F0F80717FBA4
:1046800004F74FEAE50A0EF0F80EED000EFB0C7E83
:10469000EDB24FEAE9074FEAC90915FB04F55FFAE5
:1046A00089F90AF0FC0A09FB0C551AFB04FA1FFAF7
:1046B0008EFEADB207F0FC0707FB0CA70EF101045C
:1046C00005F1010A04EB1E2E0AEB152ABFB2CAF34C
:1046D000C42A0EF4784E4AEA0E0E07F1010A0AEBDC
:1046E000172A4FEA5A1A0AF4FC6A029C4EEA0A0E8A
:1046F00020F804E0AAE74FF00009A3EB0904002C1E
:104700007FF74AAFB8F9086014140D1406FB04557E
:10471000019C645DFF2C0BD1009C34F8154020F8FF
:104720001940119C2144129C09F101092244E4E73B
:10473000002CF6D0009E36F815E030F81950A7B2DC
:104740002E12E443E4B24FEA2E2C06F0F80616FBD4
:1047500004F64FEAE50A0CF0F80CED000CFB076CD0
:10476000EDB24FEAEE064FEACE0E15FB04F55FFA06
:104770008EFE0AF0FC0A0EFB07551AFB04FA1FFA1C
:104780008CFCADB206F0FC0606FB07A60CF101049A
:1047900005F1010A04EB1C2C0AEB152AB6B2CAF388
:1047A000C42A0CF4784C4AEA0C0C06F1010A0AEB14
:1047B000162A4FEA5A1A0AF4FC6A4CEA0A0C20F844
:1047C00019C0AEE705B0BDE8F08F2DE9F04F85B018
:1047D000139803929DF85C200192DDE91424009166
:1047E0004168DDF858E001FB0424026802EB440450
:1047F000DEF800200292019AD643F6B2009A002A0F
:1048000003DC039A002A40F324810F9ABEF908C002
:10481000BEF90C7002F50041109A02F50042002B1F
:104820000EDD081405D4604503DA101401D4B84233
:1048300007DB119801441298013B02440234EEE771
:104840006ED0119D581E05FB00152D145CD46545D6
:104850005ADA129D05FB0020001455D4B84253DAF1
:10486000BDF804B09946A246B9F1000F54DDBEF977
:1048700008700D14101407FB0050029D35F810004D
:10488000BAF800502F124FEA202C07F0F80717FB58
:1048900006F74FEAE5080CF0F80CED000CFB0B7C7A
:1048A00008F0FC08C710EDB2C00018FB06F815FBB5
:1048B00006F507F0FC07C0B21FFA8CFC07FB0B875C
:1048C00000FB0B5080B2BFB20CF1010505EB1C2CB4
:1048D00007F10108451C05EB102508EB1728119876
:1048E0000CF4784CC5F3C4254FEA581845EA0C0C73
:1048F00008F4FC68014412984CEA080C2AF802CB30
:10490000024409F1FF39AFE7BDF804A04FF00008F9
:1049100003EB0800002841DC23EAE37304EB4304C3
:10492000009B002B40F3958030EE040AB7EE007A2E
:10493000C7EE007A0E9B70EEA40A31EE051A20EE47
:10494000A77AF0EE626A61EE277AFEEEC86A77EE29
:10495000622ACDED0F6AFEEEC82AF0EE436A37EE0A
:10496000C33A12EE902ABEEEC83A92FBF3F313EE6E
:10497000102A11930E9B92FBF3F31293009B039A60
:10498000FEEEC86A013B0093CDED106A0E9BB0EEBF
:10499000673A08BF1346F0EE472A2FE70F1451D4A9
:1049A000DEF80850BD424DDD5FEA224C4AD4DEF805
:1049B0000C00604546DD2DB20CFB0575029830F801
:1049C00015006FF0010505FB08FB4FEA202C34F8B9
:1049D0000B502F1207F0F80717FB06F74FEAE5090F
:1049E0000CF0F80CED000CFB0A7C09F0FC09C71078
:1049F000EDB2C00019FB06F915FB06F507F0FC0740
:104A0000C0B21FFA8CFC07FB0A9700FB0A50BFB22A
:104A100080B20CF1010505EB1C2C07F10109451CC6
:104A200005EB102509EB17290CF4784CC5F3C425C8
:104A30004FEA591945EA0C0C09F4FC694CEA090CD7
:104A400024F80BC011980144129808F1FF38024471
:104A50005EE705B0BDE8F08F2DE9F04F85B09346D5
:104A6000139E169D70680191DDE9142400FB042457
:104A70003268DDE911EC02EB44042A680292F7EE99
:104A8000006A019A002A03DCBBF1000F40F39A8010
:104A90000F9AB5F90890B5F90C8002F50040109A0C
:104AA00002F50042002B0CDD061405D44E4503DA56
:104AB000161401D4464505DB70446244013B0234C0
:104AC000F0E70FD05E1E0EFB06073F1441D504EB46
:104AD000430698460396B8F1000F56DC23EAE373C9
:104AE00004EB4304019B002B6CDD30EE040A70EEF6
:104AF000A40AC6EE807A0E9B31EE051A20EEA77A44
:104B0000B0EE626A61EE277ABEEEC86A77EE622A7C
:104B10008DED0F6AFEEEC82AB0EE436A37EEC33A57
:104B200012EE902ABEEEC83A92FBF3FE13EE102A64
:104B300092FBF3FC019BBEEEC86A013B01938DED35
:104B4000106A0E9BB0EE673A08BF5B46F0EE472A4C
:104B500097E74F45BBDA0CFB06263614B7D446451B
:104B6000B5DA1E46A046002EB8DDB5F908A00299B8
:104B700017144FEA20490AFB0797704431F8177061
:104B800028F8027B6244013EEDE75FEA204914D435
:104B9000AE684E4511DD5FEA224A0ED4EF685745F4
:104BA0000BDD36B20AFB0696029F6FF0010137F863
:104BB000167001FB08F603998F537044624408F1A4
:104BC000FF3888E705B0BDE8F08F2DE9F04F87B0DA
:104BD0008B46159803929DF864200492DDE9162512
:104BE0004168DDF8609001FB0525026802EB450590
:104BF000D9F800200192F7EE006ABBF1000F03DC48
:104C0000039A002A40F35981119AB9F90870B9F949
:104C10000C6002F50040129A02F50041002B0EDDF7
:104C2000021405D4BA4203DA0A1401D4B24207DBF3
:104C3000139A1044149A013B11440235EEE717D041
:104C4000139C5A1E04FB0204241409D4BC4207DA44
:104C5000149C04FB0212121402D4B242C0F2BF80B0
:104C60000027DA19002A3EDC23EAE37305EB43054B
:104C7000BBF1000F40F3218130EE040A70EEA40A6C
:104C8000C6EE807A109BBBF1010B31EE051A20EEC7
:104C9000A77AB0EE626A61EE277ABEEEC86A77EE56
:104CA000622A8DED116AFEEEC82AB0EE436A37EE35
:104CB000C33A12EE902ABEEEC83A92FBF3F313EE1B
:104CC000102ABEEEC86A1393109B92FBF3F3039A6B
:104CD00014938DED126A109BB0EE673A08BF13462D
:104CE000F0EE472A89E706142DD4D9F80840B442DB
:104CF00029DD5FEA214C26D4D9F80C20624522DD5B
:104D000024B2019A0CFB046452F82440220E1AD0FB
:104D1000049E7243561C06EB22221212260AFF2A18
:104D2000059616D16FF0010202FB07FC26F4FF6620
:104D3000620902F4FC6226F007061643C4F3C404B9
:104D4000264325F80C60139A1044149A013F11442D
:104D500087E76FF001067E431FFA82FA35F8068076
:104D600002964FEA282EC4F3074CD243D2B21CFB62
:104D70000AFC0EF0F80E0EFB02CEE4B24FEAE80C8D
:104D80004FEAC8089DF814605FFA88F814FB0AF42B
:104D900008FB02441FFA8EFE16FB0AF6A4B20CF0C2
:104DA000FC0C0CFB026C0EF10102661C02EB1E2EC9
:104DB00006EB14261FFA8CFCC6F3C4260EF4784EBC
:104DC00046EA0E0E0CF1010606EB1C26760906F4E7
:104DD000FC66029A4EEA060E25F802E0B3E74FF0B1
:104DE0000008A3EB0802002A7FF73EAFB9F908607C
:104DF00004140A1406FB0242019C54F82240220EBD
:104E000016D0049E7243561C06EB22221212FF2A71
:104E10004FEA142613D1620926F4FF6602F4FC62FD
:104E200026F007061643C4F3C404264325F8186089
:104E3000139A1044149A08F101081144D1E735F887
:104E400018E01FFA82FA4FEA2E2CC4F30747D24328
:104E5000D2B217FB0AF70CF0F80C0CFB027CE4B2A0
:104E60004FEAEE074FEACE0E5FFA8EFE14FB0AF40D
:104E70000EFB0244F6B21FFA8CFC16FB0AF6A4B233
:104E800007F0FC0707FB02670CF10102661C02EB4E
:104E90001C2C06EB1426BFB2C6F3C4260CF4784CC7
:104EA00046EA0C0C7E1C06EB1726760906F4FC6617
:104EB0004CEA060C25F818C0BAE707B0BDE8F08F39
:104EC0002DE9F04F85B08B4613980392DDE9142449
:104ED0004168DDF8588001FB0424026802EB4404B9
:104EE000D8F800200192F7EE006ABBF1000F03DC56
:104EF000039A002A40F34F810F9AB8F90870B8F965
:104F00000C6002F50041109A02F50042002B0EDD04
:104F1000081405D4B84203DA101401D4B04207DBF8
:104F2000119801441298013B02440234EEE717D075
:104F3000119D581E05FB00152D1409D4BD4207DA3A
:104F4000129D05FB0020001402D4B042C0F2BA80CA
:104F50000026981900283EDC23EAE37304EB43049F
:104F6000BBF1000F40F3178130EE040A70EEA40A83
:104F7000C6EE807A0E9BBBF1010B31EE051A20EED6
:104F8000A77AB0EE626A61EE277ABEEEC86A77EE63
:104F9000622A8DED0F6AFEEEC82AB0EE436A37EE44
:104FA000C33A12EE902ABEEEC83A92FBF3F313EE28
:104FB000102ABEEEC86A11930E9B92FBF3F3039A7C
:104FC00012938DED106A0E9BB0EE673A08BF134640
:104FD000F0EE472A89E70F1424D4D8F80850BD42D0
:104FE00020DD5FEA224C1DD4D8F80C00604519DDA5
:104FF0002DB20CFB0575019850F82500070EFF2F08
:1050000016D16FF0010505FB06F7A5F2FE7505EA5E
:10501000102C450905F4FC654CEA0505C0F3C400F5
:105020000543E553119801441298013E024490E76C
:10503000FDB2002FF6D06FF0010777431FFA85F914
:1050400034F807E002974FEA2E2CC0F30747ED43F0
:10505000EDB217FB09F70CF0F80C0CFB057CC0F364
:10506000072A4FEAEE07C0B24FEACE0E5FFA8EFE75
:1050700010FB09F00EFB050080B21FFA8CFC1AFB36
:1050800009FA07F0FC0707FB05A700F1010A0CF17C
:1050900001050AEB102A05EB1C2CBFB2CAF3C42A87
:1050A0000CF4784C4AEA0C0C07F1010A0AEB172AB7
:1050B0004FEA5A1A0AF4FC6A02984CEA0A0C24F8DD
:1050C00000C0AFE74FF0000EA3EB0E0000287FF703
:1050D00043AFB8F908600D14101406FB0050019D91
:1050E00055F820502E0EFF2E12D12C4800EA15261E
:1050F000680900F4FC603043C5F3C405284324F874
:105100001E001198014412980EF1010E0244DBE7D3
:10511000F0B2002EF5D034F81EC01FFA80F94FEA25
:105120002C27C5F30746C043C0B216FB09F607F0AB
:10513000F80707FB0067C5F3072A4FEAEC06EDB254
:105140004FEACC0C5FFA8CFC15FB09F50CFB005503
:10515000BFB21AFB09FAADB206F0FC0606FB00A6C8
:10516000781C05F1010A00EB17270AEB152AB6B2E5
:10517000CAF3C42A07F478474AEA070706F1010A86
:105180000AEB162A4FEA5A1A0AF4FC6A47EA0A0797
:1051900024F81E70B5E705B0BDE8F08F00F8FFFFFA
:1051A0002DE9F04F87B08B46159803929DF8642047
:1051B0000492DDE916244168DDF8609001FB0424C7
:1051C000026802EB4404D9F80820013222F00102FF
:1051D0000092D9F800200192F7EE006ABBF1000FAF
:1051E00003DC039A002A40F36981119AB9F9087027
:1051F000B9F90C6002F50040129A02F50041002B4B
:105200000EDD021405D4BA4203DA0A1401D4B24204
:1052100007DB139A1044149A013B11440234EEE761
:1052200017D0139D5A1E05FB02052D1409D4BD424B
:1052300007DA149D05FB0212121402D4B242C0F226
:10524000C7800027DA19002A3EDC23EAE37304EB67
:105250004304BBF1000F40F3318130EE040A70EEDD
:10526000A40AC6EE807A109BBBF1010B31EE051A41
:1052700020EEA77AB0EE626A61EE277ABEEEC86AC7
:1052800077EE622A8DED116AFEEEC82AB0EE436A0F
:1052900037EEC33A12EE902ABEEEC83A92FBF3F311
:1052A00013EE102ABEEEC86A1393109B92FBF3F321
:1052B000039A14938DED126A109BB0EE673A08BF03
:1052C0001346F0EE472A89E7051435D4D9F80820AB
:1052D000AA4231DD0E142FD4D9F80C20B2422BDDB6
:1052E000009A06FB02556A08019EB25CEE0754BFA5
:1052F00002F00F02121102EB0212D2B2E2B1049DCF
:105300006A43551C05EB22226E4D2D6812122E0A9F
:10531000FF2A059616D16FF0010202FB07FC26F466
:10532000FF666A0902F4FC6226F007061643C5F31D
:10533000C4052E4324F80C60139A1044149A013FBC
:1053400011447FE76FF001067E431FFA82FA34F8BA
:10535000068002964FEA282EC5F3074CD243D2B2FC
:105360001CFB0AFC0EF0F80E0EFB02CEEDB24FEA6B
:10537000E80C4FEAC8089DF814605FFA88F815FB3E
:105380000AF508FB02551FFA8EFE16FB0AF6ADB2AF
:105390000CF0FC0C0CFB026C0EF101026E1C02EB1B
:1053A0001E2E06EB15261FFA8CFCC6F3C4260EF43F
:1053B000784E46EA0E0E0CF1010606EB1C26760925
:1053C00006F4FC66029A4EEA060E24F802E0B3E701
:1053D0004FF00008A3EB0802002A7FF736AF009ECB
:1053E00002140D1406FB05256A08019EB25CED0748
:1053F00054BF02F00F02121102EB0212D2B2C2B17C
:10540000049D6A43551C05EB22222E4D12122E6874
:10541000FF2A4FEA162513D1720925F4FF6502F41D
:10542000FC6225F007051543C6F3C406354324F88E
:105430001850139A1044149A08F101081144C9E74E
:1054400034F818E01FFA82FA4FEA2E2CC6F3074709
:10545000D243D2B217FB0AF70CF0F80C0CFB027C1B
:10546000F6B24FEAEE074FEACE0E5FFA8EFE16FB5B
:105470000AF60EFB0266EDB21FFA8CFC15FB0AF56C
:10548000B6B207F0FC0707FB02570CF10102751CCE
:1054900002EB1C2C05EB1625BFB2C5F3C4250CF49A
:1054A000784C45EA0C0C7D1C05EB17256D0905F4BD
:1054B000FC654CEA050C24F818C0BAE707B0BDE853
:1054C000F08F00BF5C3501202DE9F04F87B0DFF889
:1054D0000C8315980592DDE9162401914168DDF8E9
:1054E00060B001FB0424026802EB4404DBF80820EE
:1054F000013222F001020292DBF800200392F7EE63
:10550000006A019A002A03DC059A002A40F36281AE
:10551000119ABBF90870BBF90C6002F50040129AB1
:1055200002F50041002B0EDD021405D4BA4203DA65
:105530000A1401D4B24207DB139A1044149A013BB7
:1055400011440234EEE717D0139D5A1E05FB0205E5
:105550002D1409D4BD4207DA149D05FB0212121462
:1055600002D4B242C0F2C38000255A19002A3FDC9F
:1055700023EAE37304EB4304019B002B40F32A81ED
:1055800030EE040A70EEA40AC6EE807A109B31EE6B
:10559000051A20EEA77AB0EE626A61EE277ABEEEB7
:1055A000C86A77EE622A8DED116AFEEEC82AB0EE67
:1055B000436A37EEC33A12EE902ABEEEC83A92FB27
:1055C000F3F313EE102A1393109B92FBF3F314934F
:1055D000019B059ABEEEC86A013B01938DED126AEC
:1055E000109BB0EE673A08BF1346F0EE472A88E7F3
:1055F00006142CD4DBF80820B24228DD0F1426D480
:10560000DBF80C20BA4222DD029A07FB0266720820
:10561000039FBA5CF60754BF02F00F02121102EBAF
:105620000212D2B2FF2A18D1D8F800206FF001067A
:1056300006FB05F7A6F2FE7606EA122C560906F4DA
:10564000FC664CEA0606C2F3C4021643E653139AFC
:105650001044149A013D114487E7002AF7D06FF0F7
:1056600001066E43D8F800C034F806E004961FFA2D
:1056700082F94FEA2E27CCF30746D243D2B216FB6B
:1056800009F607F0F80707FB0267CCF3072A4FEA91
:10569000EE065FFA8CFC4FEACE0E5FFA8EFE1CFB24
:1056A00009FC0EFB02CCBFB21AFB09FA1FFA8CFCF4
:1056B00006F0FC0606FB02A67A1C0CF1010A02EBBE
:1056C00017270AEB1C2AB6B2CAF3C42A07F4784794
:1056D0004AEA070706F1010A0AEB162A4FEA5A1AA4
:1056E0000AF4FC6A049A47EA0A07A752AFE74FF0A8
:1056F000000EA3EB0E02002A7FF73AAF029E0214BF
:105700000D1406FB05256A08039EB25CED0754BF25
:1057100002F00F02121102EB0212D2B2FF2A15D1CF
:10572000D8F80050A2F6FF0202EA15266A0902F430
:10573000FC623243C5F3C4052A4324F81E20139AA1
:105740001044149A0EF1010E1144D2E7002AF6D04B
:10575000D8F8007034F81EC01FFA82F94FEA2C26E0
:10576000C7F30745D243D2B215FB09F506F0F80698
:1057700006FB0256C7F3072A4FEAEC05FFB24FEAD1
:10578000CC0C5FFA8CFC17FB09F70CFB0277B6B266
:105790001AFB09FABFB205F0FC0505FB02A5721C55
:1057A00007F1010A02EB16260AEB172AADB2CAF37B
:1057B000C42A06F478464AEA060605F1010A0AEB0D
:1057C000152A4FEA5A1A0AF4FC6A46EA0A0624F82D
:1057D0001E60B4E707B0BDE8F08F00BF5C35012064
:1057E0007047704770477047704770477047704701
:1057F00070477047704770477047704770477047F1
:1058000070477047704770477047704770477047E0
:1058100070477047704770477047704770477047D0
:1058200070472DE9F04788B008AC064624F80C3DD7
:10583000204688469146FDF731FC336805462046F0
:105840009F69FDF739FB82462046FDF769FB00950D
:10585000CDE901A04B4606A842463146B847284646
:1058600008B0BDE8F08700002DE9FF470023009352
:105870003D4B1B78002B37D13C4AB2F90020ADF8E4
:105880000420002B32D13A4BB3F900300868496844
:10589000ADF8063002AC02AB03C369462046F9F707
:1058A0002FFC6846F9F704FCBDF80830BDF800206D
:1058B000304D1344ADF80830BDF80220BDF80A3071
:1058C00028681344ADF80A300368DB6B984710F082
:1058D000010F2F460CD02868036894E806001B6E61
:1058E000984704B0BDE8F087214AC6E71F4BCBE7D5
:1058F0003868BDF90C800368BDF90E505B6B9847A2
:10590000BDF90830BDF80A20BDF8046016FB023668
:1059100000EB460638680368DB6A9847134ABDF90E
:105920000A401388BDF9081003FB041400EB44047B
:105930005D4304EB45054FEA480891463868AC42A0
:1059400003680ED2D3F838A0324643462146D047EA
:10595000B9F8003004EB4304BDF9043006EB43060C
:10596000ECE71B6B9847BCE7443501204635012026
:10597000483501204C3501202DE9F04F8BB00F4602
:105980009DF850B09DF854401646BBF1000F4AD028
:105990001068516806AD03C51868596808AD03C59D
:1059A00006A8F9F785FB314608A8F9F7A9FBBDF968
:1059B0002020BDF92230BDF81C60BDF92480BDF95E
:1059C000265016FB032107EB4106BDF818105F4F68
:1059D0000A44ADF82020BDF81A2038681344ADF809
:1059E00022300368DB6B9847BBF1FF0FB9461DD12E
:1059F000FCB910F0010F1CD0D9F80000BDF822301E
:105A00000168CDF80CB00027CDE90447BDF81C4073
:105A10000294ADB21FFA88F4019500948C6CBDF825
:105A200020203146A0470BB0BDE8F08F10F0040FE6
:105A3000E1E7D9F800000368DB6A9847444BBDF9F9
:105A400022401A88BDF92010BBF1FF0F02FB04149D
:105A500000EB44049A4605FB02F54FEA480759D08B
:105A6000CBF1FF0904EB45051FFA8BF21FFA89F908
:105A70009E46AC4264D204EB070A54453DD22188CD
:105A800036F8023B08124FEA232C00F0F80010FB16
:105A900009F04FEAE10B0CF0F80CC9000CFB020C0A
:105AA0000BF0FC0BD810C9B2DB001FFA8CFC1BFBFF
:105AB00009FB00F0FC00DBB211FB09F100FB02B0B6
:105AC00003FB02130CF1010B9BB20BEB1C2C80B2FD
:105AD0000CF4784B03F1010C0CEB132C431C03EB7F
:105AE0001020CCF3C42C40094CEA0B0C00F4FC60F1
:105AF0004CEA000C24F802CBBFE7BEF80030A3EB61
:105B0000080304EB4304BDF91C30A3EB080306EBC8
:105B10004306AEE704EB4505D9F80000AC42036844
:105B20000ED2D3F8388032463B462146C047BAF8F9
:105B3000003004EB4304BDF91C3006EB4306EBE7F1
:105B4000024B186803681B6B98476CE74C350120C3
:105B50004635012010B58C2104460CF02CFA204665
:105B600010BD10B5042104460CF025FA204610BDE6
:105B700010B5042104460CF01EFA204610BD10B5E5
:105B800040F6440104460CF016FA204610BD10B54C
:105B90004FF4827104460CF00EFA204610BD10B589
:105BA000042104460CF007FA204610BD10B504216C
:105BB00004460CF000FA204610BD10B5042104463E
:105BC0000CF0F9F9204610BD10B5042104460CF084
:105BD000F2F9204610BD10B5042104460CF0EBF993
:105BE000204610BD10B5042104460CF0E4F920460F
:105BF00010BD10B5042104460CF0DDF9204610BD9F
:105C000010B5042104460CF0D6F9204610BD10B59D
:105C1000042104460CF0CFF9204610BD10B5042134
:105C200004460CF0C8F9204610BD10B50421044606
:105C30000CF0C1F9204610BD10B5042104460CF04B
:105C4000BAF9204610BD10B5042104460CF0B3F992
:105C5000204610BD10B5042104460CF0ACF92046D6
:105C600010BD10B5042104460CF0A5F9204610BD66
:105C700010B5042104460CF09EF9204610BD10B565
:105C8000042104460CF097F9204610BD10B50421FC
:105C900004460CF090F9204610BD10B504210446CE
:105CA0000CF089F9204610BD10B5042104460CF013
:105CB00082F9204610BD10B5042104460CF07BF992
:105CC000204610BD10B5042104460CF074F920469E
:105CD00010BD10B5042104460CF06DF9204610BD2E
:105CE00010B5042104460CF066F9204610BD10B52D
:105CF000042104460CF05FF9204610BD10B50421C4
:105D000004460CF058F9204610BD10B50421044695
:105D10000CF051F9204610BD10B5042104460CF0DA
:105D20004AF9204610BD00002DE9F04F8FB016460D
:105D30009DF86020059282460D46002A00F0B78249
:105D4000306871680AAC03C4186859680CAC03C4A5
:105D50000AA8F9F7ADF931460CA8F9F7D1F9BDF960
:105D60002C20B2F5806FD7BF93B201234FF480612E
:105D700091FBF3F3009305F1080300990693BDF935
:105D80002E300B44013B93FBF1F30699013B9BB290
:105D900001EB830307930099BDF9323093FBF1F0D7
:105DA00084B20294029D009CBDF8301005FB1434AF
:105DB00014FB02F40C44A4B2002D6CD06A1E0698A9
:105DC00050F82260079A36BA1644BDF82820BDF96B
:105DD0003650DFF834931144BDF82A20ADF8301066
:105DE0001344ADF83230BDF934300193C44B186818
:105DF0000368DB6A9847C34BBDF930201B88BDF9A7
:105E0000328003FB082800EB48086B4308EB430390
:105E100009930025BDF92C3094FBF3F304930AF1A8
:105E200004034FF480722946184608930DF007FAD0
:105E3000099B434540F23682032207210B20002CA8
:105E400000F031813378DBB2FE2B26D196F801E0E9
:105E500096F802C096F803B05FFA8EFE5FFA8CFCEB
:105E60006EF307056CF30F255FFA8BFB0CEB8C0CC4
:105E70006BF3174512FB0BCC2B0E11FB0ECC10FB5A
:105E800003C303F03F030AEB8303013C371DA4B2B5
:105E90005D603E46D3E7079E97E7FF2B27D196F834
:105EA00001C0B37896F803E096F804B05FFA8CFC72
:105EB000DBB26CF3070563F30F255FFA8EFE03EB8D
:105EC000830312FB0E335FFA8BFB6EF3174511FB56
:105ED0000C336BF31F6510FB0B3B0BF03F0B0AEB16
:105EE0008B0B013C771DA4B2CBF80450D1E75FEADD
:105EF000A31C06F1010707D103F03F030AEB83035C
:105F00005D68013CA4B2C4E7BCF1010F2CD103F0E1
:105F1000030EAEF1020E05EBCE0E5FFA8EFE03F01D
:105F20000C0C6EF30705ACF1080C0CEB152C0CF007
:105F3000FF0C6CF30F25C3F30113C5F30746023BB7
:105F400006EBC303DBB20CEB8C0C63F3174512FBBF
:105F500003CC2E0E11FB0ECC10FB06C606F03F063E
:105F60000AEB86067560CCE7BCF1020F03F03F0335
:105F70002AD1B71C7678F6B206F00F0C203BACF1B4
:105F8000080C9C4405EBCC0C5FFA8CFC6CF3070509
:105F9000C5F3072E0EEB830E5FFA8EFE36116EF3FD
:105FA0000F25083E3344C5F3074606EBC303DBB2B7
:105FB0000EEB8E0E63F3174512FB03EE2E0E11FB54
:105FC0000CEE10FB06E6C9E75E1CA6424EDD361B52
:105FD000002E4EDCDDF804B00024BBF1000F40F3CE
:105FE00022817B1C03933B78DBB2FE2B60D1797856
:105FF000BA78F878C9B261F30705D2B23B1D62F3F3
:106000000F25C0B2039302EB8202032313FB00228D
:1060100060F31745072313FB01212E0E0B2313FBFF
:10602000061303F03F030AEB83035D600126374646
:106030002B0EABEB070BA6EB070640F0D3808CB121
:106040004846A100EAF77CFF059B224649464046A8
:10605000EAF7C4FF2C4B2D4A994508BF134608EBBD
:106060004408994608EB47080024DAE0A61BB4B2BE
:106070000FE7019B019AB342A8BF33462C0EA2EB57
:10608000030BA6EB03060BD0A9F104011A46002A64
:1060900002DC23EAE374A0E741F8045F013AF6E783
:1060A00008EB430899E73746DDF804B0264694E745
:1060B000FF2B1DD17878BA78FE787B1DC0B2039390
:1060C0003B7960F30705D2B2D9B262F30F25F6B27D
:1060D000032302EB820213FB0622072313FB00209B
:1060E00066F317450B2361F31F6513FB010398E764
:1060F0009E110DD103F03F030AEB83035D6895E722
:106100004C3501204635012080010020800200200E
:10611000012E4FEA15612BD103F00300023805EB85
:10612000C000C0B203F00C0260F30705083A02EBAE
:10613000152202F0FF0262F30F25C3F301139F1E25
:10614000C5F3074303EBC703DBB2032702EB82026D
:1061500017FB0322072763F3174517FB00200B23C8
:1061600013FB010101F03F010AEB81014D605EE785
:10617000022E03F03F032FD17878BA1CC0B20392ED
:1061800000F00F02203B083A1A4405EBC202D2B2DB
:1061900062F30705C5F3072606EB8306F6B2001186
:1061A00066F30F2508380344C5F3074000EBC3032B
:1061B000DBB2032006EB860610FB0366072063F3C1
:1061C000174510FB02620B2313FB012101F03F0175
:1061D0000AEB81014D6029E75E1CB3455F46A8BF0D
:1061E000374625E73B19402B13DD4846A100EAF767
:1061F000A7FE4946059B22464046EAF7EFFE2D4B97
:1062000099450CBFDFF8B890DFF8A89008EB440878
:10621000002409EB84023B46013B42F8045BFBD1BE
:106220003C44039FD9E65CB1A1004846EAF788FEEA
:106230004046059B22464946EAF7D0FE08EB440853
:106240001D4B019A1B889B1A08EB4308049B0133E2
:106250000493049A009B93421DD1029B029ABDF8BD
:106260003040BDF82860089803F1010B069B53F8F5
:106270002270079B00253FBAA41B4FF48072294669
:106280001F44A4B20CF0DBFFCDF808B00495EAF788
:106290004DFE3E46CCE5BDF82C40019BE41AA41B04
:1062A000A4B2F4E7054B186803681B6B98470FB05E
:1062B000BDE8F08F80010020463501204C350120DB
:1062C000800200202DE9F04F8FB01C4605929DF80A
:1062D00064200091189B0192002A00F0158120682B
:1062E00061680AAA03C2186859680CAA03C20AA8FE
:1062F000F8F7DEFE21460CA8F8F702FFBDF92C6086
:10630000BDF92E50BDF83000B6F5806FDEBFB3B2D8
:106310004FF4806292FBF3F3BDF93220C8BF012332
:1063200092FBF3F11FFA81FC0CFB132414FB06F41F
:106330001D4404446146013DA4B295FBF3F531B11F
:10634000059B009953F82C301BBA19440091BDF8F5
:106350002830BDF93480BDF936601844BDF82A30C4
:10636000ADF830001A446A4BADF832201868036863
:10637000DB6A98476749BDF932200B88BDF930C008
:10638000099103FB02C200EB42007343ADB200EB84
:106390004303AD0006932B1D0793019BBDF804102A
:1063A0000391C3F1FF02002C0CBFC6464FF0000E54
:1063B000002392B21FFA8EFE02930492069A824242
:1063C00040F29D8063B9009B1A78930902F03F0266
:1063D00002925A1E022A15D8009A013200929BB2EC
:1063E000B4B19C4295BF1C1BE41A1FFA84FAA4B2F4
:1063F00087BF71464FF0000A1FFA88F10024534608
:106400008E46DBE7009A009B02325B780092E7E75A
:10641000022215460799029A15FB02120599734547
:1064200031F802C0019A2BBFA3EB0E0AAEEB0301B9
:10643000F146994627BF1FFA8AFA214689B2A24639
:10644000FF2A4FEA490905D18144814545D020F80A
:1064500002CBFAE7039D4FEA2C224FEAEC0B02F045
:10646000F8024FEACC0C6A430BF0FC0B5FFA8CFC91
:1064700008920BFB05FB0CFB05FC814481452CD0ED
:106480000288049D049F161206F0F80616FB05F616
:10649000089D2E44D510D200D2B212FB07F2B6B23C
:1064A00005F0FC05624415FB07F592B2771C07EB7B
:1064B0001626571C5D4407EB1222ADB2C2F3C4226C
:1064C00006F4784616436A1C02EB15256D0905F49F
:1064D000FC652E4320F8026BD0E773458FD3BDF8DF
:1064E0002C40099B1FFA88F1641A1B88A4B2002C67
:1064F000A3EB080318BF002100EB43007FE7044B28
:10650000186803681B6B98470FB0BDE8F08F00BF99
:106510004C350120463501202DE9F04F9FB0CDE9E3
:1065200013129DF8A42009921D460446289B002AB8
:1065300000F0EB81286869681AAA03C218685968D4
:106540001CAA03C21AA8F8F7B3FD29461CA8F8F73D
:10655000D7FDBDF96C30BDF96E80BDF97660B3F53D
:10656000806FD7BF9AB201224FF4806191FBF2F2A3
:1065700002920298BDF9722092FBF0F080B2109066
:1065800002990298109D884405FB102515FB03F520
:1065900008F1FF38BDF8683098FBF1F8BDF87010CD
:1065A0000D441944BDF86A30ADF870101A44BDF9B5
:1065B00074300493954BADF8722018680368DB6A59
:1065C0009847934BBDF972101A88BDF970701893F3
:1065D00002FB017100EB4100564300EB460208F15B
:1065E00001080A92149ABDF824300F931FFA88F814
:1065F00002EB880808F104021192099A854BC2F156
:10660000FF02ADB21592002D049A4FF0000118BFA1
:1066100000221B1B92B20D91199310990D9B11FA38
:1066200083F3149901EB8303043306930A9B83429B
:1066300040F266810299BDF86C30B5FBF3F3CB1ADA
:106640009BB21693069B069E59789B7836781296D5
:106650001B0243EA01430699C9780B43139901369B
:10666000194405964E1C03964978139E0902F35C63
:1066700001F4FF7119438BB20C9300234FF0010A10
:1066800007939C46BDF8543084F80418D346574607
:106690000E93002D7ED0AF426ED20A9B0192ED1B6D
:1066A0008342ADB202D873E0002B5FD1039B5B78CD
:1066B000CBF1070293405B0003F4FF72039B1B784E
:1066C00043FA0BF3DBB213430BF101025FFA82FBD7
:1066D000039ABBF1080F15BF0132023203920392F5
:1066E000129A9FB208BF4FF0000BBA4209D384F848
:1066F00004380123059AB2F5007F0ED39A4600268E
:1067000035E0059B9F4218D304EB0A0394F8042854
:1067100083F804280AF101039BB2059A94F80468EF
:106720000C9904EB820216710AF10106D1805671B0
:10673000059A013292B20592E0E704EB87033A46EC
:106740005B7903F604062644199901EB060CBCF1AB
:10675000000F07DD04EB820292F804C006F801CDB9
:10676000D288F1E784F804289BB2C3E70C9F0C970A
:10677000019AB4461F468CE77B1BBDF8102001929E
:106780000CEB05069BB2B6B200250A9A82428BD862
:10679000019A4BE7974232D3BB1A9BB208920195FC
:1067A0000999FF2908990CEB010635D1A0F1020ED9
:1067B000B6B2B44540F08C800899974200EB410096
:1067C000E2D3189A04991288521A00EB4200079AF1
:1067D000169901328A42079240F08780BDF87050C6
:1067E000BDF86870049BED1BADB2002D08BF1A46C2
:1067F0000D9B18BF002201330D9392B20DE7D11B00
:106800008BB2019308972B46CAE700BF4C35012095
:1068100046350120FBF7FFFFB6B20B90B445CBD055
:106820000CF10101A44417919CF80458119931F816
:1068300015500B99B1F800C00E994FEA2C2E0EF0AE
:10684000F80E1EFB01FE4FEA25280F9908F0F80804
:1068500008FB01E84FEAEC090E9909F0FC0919FB65
:1068600001F94FEAE50E0F990EF0FC0E0EFB019EAA
:106870004FEACC0C0E995FFA8CFC1CFB01FCED007E
:106880000F99EDB205FB01C51FFA88F81FFA8EFEBD
:10689000ADB208F1010C0CEB18280EF1010905F15D
:1068A000010C0CEB152C09EB1E29CCF3C42C08F4BD
:1068B00078484FEA59194CEA08080B99BDF85CC0B2
:1068C00009F4FC6948EA090821F8028B0B91A5E755
:1068D0000CF10108A44411999CF8045831F81550A2
:1068E0002EF8025F1FFA88FC63E7BDF81020BDF8A0
:1068F0006C50AD1AADB2002D18BF0022019244E7D2
:10690000034B186803681B6B98471FB0BDE8F08FF6
:106910004C3501202DE9F04F93B016469DF87020BC
:1069200003900D460192002A00F0048330687168DC
:106930000EAC03C41868596810AC03C40EA8F8F76D
:10694000B7FB314610A8F8F7DBFBBDF93C20B2F5E8
:10695000806FD7BF93B201234FF4806191FBF3F3B3
:10696000049305F1080304990893BDF93E300B44E4
:10697000013B93FBF1F30899013B9BB201EB8303CD
:1069800009930499BDF9423093FBF1F084B2059468
:10699000DDE90445BDF8401005FB143919FB02F987
:1069A00089441FFA89F9002D5DD06A1E089850F8B5
:1069B00022A0099A9AFA8AFA9244BDF83820BDF9C1
:1069C00046501144BDF83A20ADF840101344ADF8DC
:1069D0004230BDF944300293CB4B18680368DB6A40
:1069E0009847CA4BBDF940201B88BDF9424003FBC4
:1069F000042400EB44046B4304EB43030D93BDF903
:106A00003C3099FBF3F30693019BDB43DBB20A9323
:106A1000039B04331846802200210B930CF00FFCDB
:106A2000BB4B009300234FF0000607930D9BA3423E
:106A300040F27B824FF0070EB9F1000F00F0598150
:106A40009AF80050EDB2AA110AF101070ED1039B8A
:106A500005F03F0503EB4505AE8809F1FF391FFA44
:106A600089F9BA46E8E7DDF824A0A6E7012A29D18A
:106A7000C6F3040305F00302023B134403F01F03B3
:106A8000C5F3810263F30406023A02EB561202F0E8
:106A90003F02C5F3011562F34A16023D05EBD62508
:106AA00005F01F0502EB8202032111FB05221EFBEC
:106AB0000323039A03F03F0302EB430365F3CF265E
:106AC0009E80CAE705F03F05022AABB236D101210C
:106AD00012FB051292443A4652451CD094464FF0A0
:106AE000030B1CF8021B527841EA0221C1F3451046
:106AF0004FEAD12800EB800001F01F021BFB0800C9
:106B00001EFB0200039A00F03F0002EB40000E461D
:106B100081806246E0E799450BD2A5EB0905002D7F
:106B200007EB490700F30982DDF80880012307938A
:106B30000CE007EB4507A9EB030990E79945FAD26A
:106B4000A5EB0905002D1DDCDDF808804FF0000BDA
:106B5000B8F1000F40F3A1813B78DBB29A1107F145
:106B6000010A40F0D780039A03F03F0302EB43038E
:106B70009E88019BFF2B40F0E981268008F1FF38B9
:106B80000234BEE0029B029AAB42A8BF2B46A2EBA6
:106B90000308079AED1A002A5AD0019AFF2A04EB3B
:106BA000430349D0BDF804E0BDF82890A34240F269
:106BB000A580BC4620881CF8022B797842EA012285
:106BC00012B291B24FEA202A0F120AF0F80A1AFB09
:106BD00009FA07F0F80707FB0EA74FEAE00AC00022
:106BE000C9100AF0FC0AD200C0B21AFB09FA10FB65
:106BF00009F001F0FC01D2B2BFB201FB0EA102FB11
:106C00000E0289B292B2781C00EB172701F1010A3B
:106C1000501C00EB12200AEB112A07F47847C0F34E
:106C2000C4204FEA5A1A07430AF4FC6A47EA0A07E3
:106C300024F8027B6746B9E7A3425FD93A4612F8C7
:106C4000021B787841EA002124F8021B1746F3E77B
:106C50000199FF2904EB4303B2B244D0BDF80410FC
:106C6000BDF828A04FEA22294FEAE20E09F0F80900
:106C70000EF0FC0E084609FB01F90EFB01FED100E7
:106C8000C9B241439C42BFF461AF228810124FEA5F
:106C9000E20C00F0F800D20000FB0A90D2B280B201
:106CA0000CF0FC0C02FB0A1292B200F1010B0CFB7F
:106CB0000AEC1FFA8CFC0BEB102B501C00EB122083
:106CC0000CF1010202EB1C2C0BF4784BC0F3C42036
:106CD0004FEA5C1C40EA0B0B0CF4FC6C4BEA0C0B0F
:106CE00024F802BBCEE79C42BFF430AF24F8022B5D
:106CF000F9E7DDF8088057464D4627E7002316E7F9
:106D0000BB44574624E700BF4C35012046350120DF
:106D100080010020012A2AD1C6F3040103F00302F6
:106D20000239114401F01F01C3F3810061F304062D
:106D3000023800EB561000F03F00C3F3011360F37C
:106D40004A16023B03EBD62202F01F0300EB800041
:106D5000032263F3CF2612FB0303072212FB013346
:106D6000039A03F03F0302EB43039E8001E703F025
:106D70003F05A8454746A8BF2F46022A54D1019B8C
:106D8000FF2B1AD00BEB0703402B16DD4FEA4B0904
:106D900049460098EAF7D4F85A46019B00992046E4
:106DA000EAF7F8F8009B1A466C4B9A420CBF6C4B02
:106DB0006A4B00934C444FF0000B52460021A9420D
:106DC0002CDA94464FF003091CF8023B527843EA50
:106DD0000223C3F345104FEAD32E00EB800003F0EB
:106DE0001F0219FB0E004FF0070E1EFB0200039A54
:106DF00000F03F0002EB4000B9421E4683800ADAF1
:106E0000019AFF2A15BF009A238022F81B30023412
:106E100018BF0BF1010B01316246D0E70AEB450ABE
:106E2000A8EB0708ED1B6CE7019BFF2BA8EB0708FD
:106E3000A5EB07051FFA86F927D00BEB0703402BBC
:106E400018DD4FEA4B03194600980C93EAF778F8DF
:106E50005A46019B00992046EAF79CF80C9B1C447B
:106E6000009B1A463D4B9A420CBF3D4B3B4B009357
:106E70004FF0000B009B03EB4B023B46002B3FF413
:106E80003FAF22F8029B013BF8E704EB4707A7421C
:106E90007FF637AF24F8029BF9E7BBF1000F0CD067
:106EA0004FEA4B0841460098EAF74AF82046019B12
:106EB00000995A46EAF76EF844442A4B029A1B8816
:106EC0009B1A04EB4304069B01330693069A049B2A
:106ED000934220D1059B059ABDF84090BDF83850EB
:106EE0000B9803F10108089B53F82270099B3FBAE5
:106EF000802200211F44A9EB05090CF0A0F9002312
:106F00001FFA89F94FF00006CDF814800693EAF7CE
:106F10000DF8BA468AE5BDF83C90029BA9EB03093F
:106F2000A9EB05051FFA85F9F1E70F4B186803680F
:106F30001B6B984713B0BDE8F08F029B029AAB42DF
:106F4000A8BF2B46A2EB0308ED1A26E608F1FF388E
:106F50001FFA86F9002501276FE700BF8001002096
:106F600080020020463501204C3501202DE9F04FEC
:106F70008FB01C4603929DF86420189B02920F4626
:106F8000002A00F02881206861680AAA03C21868F4
:106F900059680CAA03C20AA8F8F78AF821460CA877
:106FA000F8F7AEF8BDF92C60BDF92E50BDF83000F1
:106FB000B6F5806FDEBFB3B24FF4806292FBF3F39D
:106FC000BDF93220C8BF012392FBF3F11FFA81FC07
:106FD0000CFB132414FB06F41D4404446146013DDC
:106FE000A4B295FBF3F521B1039B53F82C301BBAE7
:106FF0001F44BDF82830BDF93490BDF936601844FF
:10700000BDF82A30ADF830001A44744BADF8322088
:1070100018680368DB6A9847714ABDF93210138813
:10702000BDF930C0099203FB01C100EB410073437D
:10703000ADB200EB4303AD00002C049305F1040353
:1070400005930CBFC8464FF0000800231FFA88F8CC
:107050000193049A824240F2B9805BB93A7893096D
:1070600002F03F0201925A1E022A8DBF7B7801373F
:107070009BB2023784B19C4295BF1C1BE41A1FFAD5
:1070800084FAA4B287BFC4464FF0000A1FFA89FCF5
:1070900000245346E046DCE7042215460599019A90
:1070A00015FB021203998A58434527BFA3EB080A30
:1070B000C646A8EB030C9E464FEA126127BF1FFA93
:1070C0008AFAA4461FFA8CFCA2464FEA4E0E00290B
:1070D00066D0FF294FEA122614D1029DFF2D11D14F
:1070E000510926F4FF6601F4FC6126F007060E4301
:1070F000C2F3C4021643B6B28644864551D020F886
:10710000026BFAE7029D69434D1C05EB21252D1208
:107110006FEA050BC2F30741ADB2F6B2D2B211FB72
:1071200005F116FB05F612FB05F289B2B6B292B272
:1071300006910796089286445FFA8BFB864530D00D
:1071400002880699161206F0F806D51046EA561679
:1071500006FB0B1605F0FC050799D20045EA9515CC
:1071600005FB0B15D2B2089942EA5212B6B202FBE5
:107170000B1292B2711C01EB1626511C01EB12226C
:10718000ADB2C2F3C42206F4784616436A1C02EB81
:1071900015256D0905F4FC652E4320F8026BCDE73B
:1071A00070444345FFF475AFBDF82C40099B1FFAAE
:1071B00089FCA4EB0C041B88A4B2002CA3EB0903EC
:1071C00018BF4FF0000C00EB430062E7034B186858
:1071D00003681B6B98470FB0BDE8F08F4C3501205A
:1071E000463501202DE9F04F93B01C4605929DF8DD
:1071F000742001911C9B0292002A00F02C812068CF
:1072000061680EAA03C21868596810AA03C20EA8C2
:10721000F7F74EFF214610A8F7F772FFBDF93C6063
:10722000BDF93E50BDF84000B6F5806FDEBFB3B289
:107230004FF4806292FBF3F3BDF94220C8BF0123F3
:1072400092FBF3F11FFA81FC0CFB132414FB06F4F0
:107250001D4404446146013DA4B295FBF3F531B1F0
:10726000059B019953F82C301BBA19440191BDF8C4
:107270003830BDF944B0BDF946601844BDF83A3025
:10728000ADF840001A44754BADF842201868036809
:10729000DB6A98477249BDF940C00B88BDF94220AE
:1072A0000D9103FB02C200EB42007343ADB200EB51
:1072B0004303AD0008932B1D0993029BBDF80810F2
:1072C0000691DA43002C0CBFDC464FF0000C002383
:1072D000D2B21FFA8CFC03930792089A824240F2C2
:1072E000B58063B9019B1A78930902F03F020392BB
:1072F0005A1E022A15D8019A013201929BB2B4B1EA
:107300009C4295BF1C1BE41A1FFA84F8A4B287BFE5
:1073100066464FF000081FFA8BF600244346B44639
:10732000DBE7019A019B02325B780192E7E70322D7
:1073300015460999039A15FB02120599634501EB5D
:107340000205029929BFA3EB0C08ACEB03061FFA58
:1073500088F8E1462FBF2646B6B29946A046FF29D7
:107360004AD0069FA978049079430A9169787943B5
:107370000B9105998A5C7A430C92CA46BAF1000FC8
:107380003DD0049A079F12881512BE4605F0F805F5
:107390000A9FD11045EA551505FB0E7501F0FC0159
:1073A0000B9FD20041EA911101FB0E71D2B20C9FEA
:1073B00042EA5212ADB202FB0E7292B205F1010E18
:1073C0000EEB152502F1010E0EEB122289B2C2F36B
:1073D000C42205F4784515434A1C02EB11214909E2
:1073E000049A01F4FC610D4322F8025B0AF1FF3AB2
:1073F00004921FFA8AFAC1E74946864699B963455D
:1074000000EB49008AD3BDF83C400D9B1FFA8BF678
:10741000A41B1B88A4B2002CA3EB0B0318BF0026EF
:1074200000EB43007AE7AA780E4F07EA022A6A784F
:10743000D20002F4FC624AEA020295F800A0013987
:1074400042EADA022EF8022B89B2D7E7034B18681A
:1074500003681B6B984713B0BDE8F08F4C350120D3
:107460004635012000F8FFFF2DE9F04F9DB0CDE932
:1074700011129DF89C200E921C468346269B002AE2
:1074800000F0E0812068616818AA03C21868596892
:107490001AAA03C218A8F7F70BFE21461AA8F7F795
:1074A0002FFEBDF96430BDF96640BDF96E60B3F5DD
:1074B000806FD7BF9AB201224FF4806191FBF2F244
:1074C00002920298BDF96A2092FBF0F080B20F9010
:1074D000029902980F9D0C4405FB102515FB03F53E
:1074E000013CBDF8603094FBF1F4BDF868100D4428
:1074F0001944BDF86230ADF868101A44BDF96C301B
:107500000693B34BADF86A2018680368DB6A9847A6
:10751000B04BBDF96A101A88BDF96870169302FB6A
:107520000171013400EB4108A4B2564308EB460256
:10753000A4000A92221DADB21392A74B069A002D09
:107540000CBF114600210022A3EB0B0389B20D9260
:1075500017930F9A0D9B12FA83F3129A02EB83038F
:10756000043308930A9B434540F26781029ABDF8B1
:107570006430B5FBF3F3D31A9BB21493089B0898BD
:107580005A789B78007810901B0243EA0243089ACD
:10759000D2781343119A01301A440790501C059079
:1075A000527811981202C35C02F4FF721A4393B22C
:1075B0000B930023099301230193049300238BF879
:1075C000042803934FF0010E002D7CD0AE456BD202
:1075D0000A9BA5EB0E054345ADB20C4602D870E000
:1075E000002B5CD1059B049A5B780499C2F10702D9
:1075F00093405B0003F4FF72059B1B780B41013144
:10760000C9B20829049105990ABF023101310591D7
:10761000DBB20ABF002105910491134310999AB27D
:1076200091420AD38BF8043801230799B1F5007F02
:107630000FD300210193039132E0079B9A4218D3A4
:10764000019B9BF804185B4483F80418019B0133E9
:107650009BB207999BF804080BEB810108710B980A
:10766000C8800198013048710799013189B20791AA
:10767000DFE70BEB820311465B7903F60400584405
:10768000179E0644002E06DD0BEB81010E7900F8F3
:10769000016DC988F4E78BF804189BB2C5E70B9A13
:1076A0000B9221469E468FE7039ABDF818402A4464
:1076B000AEEB050392B29BB2039200250A9A4245B3
:1076C0008ED821464EE78E4529BFAEEB0103A1EBD4
:1076D0000E049BB20C912FBF2C46A4B2CDF830E023
:1076E0002B464FF00009039A0C984A44484592B241
:1076F00074D05A440420054692F80428139815FBC8
:107700000202129880585FEA106A14D0BAF1FF0F93
:107710004FEA102512D10E9AFF2A0FD1420925F403
:10772000FF6502F4FC6225F007051543C0F3C400B1
:10773000054328F8195009F10109D4E738F819C0B0
:107740004FEAEC0606F0FC0215920E9A02FB0AFACA
:107750000AF1010202EB2A224FEA2C2712121FFA29
:1077600082FAC0F3074607F0F8074FEACC0CD24381
:10777000D2B216FB0AF65FFA8CFC47EA5717C0B282
:1077800007FB02674CEA5C1C159E10FB0AF00CFB21
:107790000200EDB2BFB215FB0AF580B246EA9616BA
:1077A00006FB02567A1C451C02EB172705EB102539
:1077B000B6B2C5F3C42507F478472F43751C05EB13
:1077C00016256D0905F4FC652F4328F81970B2E7FA
:1077D0004C35012046350120FBF7FFFF03920C9A40
:1077E0008E4508EB4208FFF468AF169A0699128896
:1077F000521A08EB4208099A149901328A420992F6
:1078000011D1BDF86850BDF86090069BA5EB090545
:10781000ADB2002D08BF19460D9B18BF00210133E2
:107820000D9389B295E6BDF81840BDF864502D1B44
:10783000ADB2002D18BF002440E7044B1868036860
:107840001B6B98471DB0BDE8F08F00BF4C35012081
:107850002DE9F04F9FB0CDE913129DF8A4200A92B4
:107860001D460446289B002A00F0FA8128686968B2
:107870001AAA03C2186859681CAA03C21AA8F7F703
:1078800017FC29461CA8F7F73BFCBDF96C30BDF985
:107890006E60BDF97670B3F5806FD7BF9AB20122E2
:1078A0004FF4806191FBF2F201920198BDF97220D0
:1078B00092FBF0F080B2109001990198109D0E4457
:1078C00005FB102515FB03F5013EBDF8683096FB5E
:1078D000F1F6BDF870100D441944BDF86A30ADF8EA
:1078E00070101A44BDF974300493964BADF87220B1
:1078F00018680368DB6A9847934BBDF972101A88C1
:10790000BDF970C0189302FB01C100EB410B574356
:107910000BEB470201360B92149A8C4BB6B202EB7A
:107920008606321D06920A9AD243D2B2ADB21592A1
:10793000049A002D0CBF1146002100221B1B89B2A6
:107940000D921993109A0D9B12FA83F3149A02EB7D
:107950008303043307930B9B5B4540F27C81019AC0
:10796000BDF86C30B5FBF3F3D31A9BB21693079BAB
:1079700007985A789B78007811901B0243EA0243DB
:10798000079AD2781343139A01301A440590501C79
:107990000390527813981202C35C02F4FF721A43E8
:1079A00093B20C93002384F8042808931A46BDF878
:1079B00028300E934FF00108BDF85430CDF8088000
:1079C000C4460F93002D7CD0AC456CD20B9BA5EB2D
:1079D0000C055B45ADB2084602D870E0002B5CD1C7
:1079E000039B029A5B780299C2F1070293405B0005
:1079F00003F4FF72039B1B780B410131C9B20829C4
:107A0000029103990ABF023101310391DBB20ABF2F
:107A1000002103910291134311999AB291420AD322
:107A200084F8043801230599B1F5007F0FD30021B4
:107A30009846009132E0059B9A4218D304EB080364
:107A400094F8041883F8041808F101039BB205990F
:107A500094F8046804EB81010E710C9ECE8008F14D
:107A600001064E710599013189B20591DFE704EBFA
:107A7000820311465B7903F604062644199F3744B6
:107A8000002F06DD04EB81010F7906F8017DC9881E
:107A9000F4E784F804189BB2C5E70C9A0C920146EF
:107AA000009A9C468EE75719ACEB0503BAB2BDF8B5
:107AB000100000929BB200250B9A5A458ED80146C1
:107AC00049E78C452CBF28462B460A9D27BF0991C4
:107AD000ACEB0103A1EB0C00CDF824C02CBF9BB292
:107AE00080B2FF2D099D02EB0507BDB200952FD195
:107AF0005E46009DAA4240F08480099A8C450BEBBB
:107B0000420BD8D3189A04991288521A0BEB420BE5
:107B1000089A169901328A42089240F09280BDF884
:107B20007050BDF868C0049BA5EB0C05ADB2002DEC
:107B300008BF19460D9B18BF002101330D9389B270
:107B400000E700BF4C35012046350120FBF7FFFF61
:107B5000D946009DAA42D0D0551C2244179592F8D0
:107B600004E8069A0EEB4E0E72441292129FB9F878
:107B7000002097F802A00E9F16121AFB07FA06F0D3
:107B8000F8060F9F46EA561606FB07A6129F97F8BF
:107B900001A00E9FD5101AFB07FA05F0FC050F9FF8
:107BA00045EA951505FB07A5069F17F80EE00E9F01
:107BB000D2001EFB07FED2B20F9F42EA5212B6B2AB
:107BC00002FB07E292B2ADB206F1010A0AEB1626F9
:107BD00002F1010E05F1010A0EEB122E0AEB152A35
:107BE00006F47846CEF3C42E4FEA5A1A4EEA060639
:107BF0000AF4FC6A46EA0A0629F8026BBDF85C2022
:107C0000A7E702F1010E2244069F92F80458069A53
:107C100005EB450502EB050A134A9AF8029002EAC1
:107C200009299AF80120D20002F4FC6249EA020212
:107C300017F8059042EAD90226F8022B1FFA8EF2B5
:107C400057E7BDF81000BDF86C502D1AADB2002DED
:107C500018BF002030E7054B186803681B6B984776
:107C60001FB0BDE8F08F00BF00F8FFFF4C350120CA
:107C70002DE9F04F91B09B460DF128081646BDF94D
:107C80006C90B3F90020BDF97070B3F90230ADF813
:107C9000282004460D4640465946ADF82A30ADF836
:107CA0002C90ADF82E70F1F7BFFD31464046F1F74C
:107CB000BBFD744B1888744B1988BDF92830002B14
:107CC00002B20EB207DABDF82CC06344ADF82C3016
:107CD0000023ADF82830BDF92830BDF92CC0D21AE8
:107CE0009445C4BFC21AADF82C20BDF92A20002A41
:107CF00007DABDF82EC06244ADF82E200022ADF8A0
:107D00002A20BDF92AA0BDF92E20A6EB0A06B24210
:107D1000C4BFA1EB0A02ADF82E205C4A1278A2B9CA
:107D2000BDF92C6086424046039314BF002601260D
:107D3000F1F7BDFD039B60B1002323806380A38026
:107D40002046E38011B0BDE8F08FBDF92E608E4271
:107D5000E9E7BDF92C200592BDF92E200692BBF86B
:107D600000200E909B1A1BB20393BBF80230ADF8B3
:107D70003C90AAEB030A0FFA8AF30493039BADF835
:107D80003030049BADF83230059BADF834300EA98D
:107D9000069BADF836300CA8ADF83E70F7F7B0F999
:107DA0004046F7F785F90EA8F7F782F9384BBDF989
:107DB0003CA01B8807932B68DFF8D8B01B6B2846C4
:107DC0009847BDF83250BDF9303081461AFB053373
:107DD000DBF800001A9D05EB430503685B6B9847D1
:107DE0000746DBF80000BDF928100368BDF92A201A
:107DF00009910892DB6B984710F0010FDDE908212B
:107E000012D0DBF80000BDF93420036800921E6F29
:107E100098E806002B46B047039B2380049B6380B1
:107E2000059BA380069B8BE709FB02F202EB410155
:107E30000F44BDF9363066B1079A924509D1DBF897
:107E40000000026809FB03F3966B29463A46B047E7
:107E5000E2E70AFB03F3DFF83CB005EB43084FEA27
:107E60004A064545D8D2DBF80000BDF93430026837
:107E70002946D2F838A05B003A46D0474F443544F3
:107E8000EFE700BF40350120423501204435012095
:107E9000463501204C350120F0B5064687B00C462A
:107EA00017461D4633B30846F1F701FD10BB2068A5
:107EB00061681C4C04AB03C304A8F7F7F9F8206809
:107EC0000368DB6B9847FF2D16D010F0080F206871
:107ED00015D000240168BDF81230BDF81020CDE99E
:107EE0000254BDF816400194BDF8144000944C6E45
:107EF0003946A04707B0F0BD10F0020FE7E703686E
:107F0000DB6A9847084B1A883368CDE9007501464B
:107F10005D6A304604ABA847206803681B6B98472E
:107F2000E8E700BF4C350120463501202DE9F04738
:107F30009DF82470089E884614461D46002F00F0C8
:107F4000A9801846F1F7B3FC002840F0A380B5F9EA
:107F50000010B5F90230B5F90400B5F9065004FB7C
:107F6000031308EB43016543FF2FA4EB000201EB71
:107F700045054FEA16284AD0BCB2C7F1FF0CC6F33C
:107F8000074E5FFA88F7F3B240000EFB04FE67432A
:107F900063434FEA42081FFA8CFCA9427AD201EBF4
:107FA0000009494531D20A881412D61004F0F804A9
:107FB000D200D2B244EA541414FB0CF442EA521236
:107FC000744412FB0CF2A4B206F0FC061A4492B2FE
:107FD00004F1010A46EA96160AEB142416FB0CF685
:107FE00002F1010A3E440AEB1222B6B204F47844CC
:107FF000C2F3C4222243741C04EB1626760906F44D
:10800000FC66324321F8022BCBE74144C5E7224FFF
:10801000730908EA070703F4FC633B43C6F3C4068D
:108020003343E7079BB20BD540005200A94231D23F
:108030000C18A14202D221F8023BFAE71144F5E7FD
:108040008E0708D066000A46AA4202D21380324444
:10805000FAE702310138C2070BD500F10042013ABC
:1080600001EB42026600AA4202D213803244FAE7D0
:10807000013878B1401043EA034380006400A9420C
:1080800008D20E180A46B24202D242F8043BFAE77E
:108090002144F4E7BDE8F08700F8FF000022124910
:1080A0000160C0E90122C0E90322C0E90522C0E95C
:1080B0000722C0E90922C0E90B22C0E90D22C0E96C
:1080C0000F22C0E91122C0E91322C0E91522C0E93C
:1080D0001722C0E91922C0E91B22C0E91D22C0E90C
:1080E0001F22C0E921227047185C02082DE9F04FD9
:1080F0000D468DB0044608684968994608AB03C32D
:10810000106851680AAB03C308A8F6F7D1FF2946E7
:108110000AA8F6F7F5FFBDF92820BDF92A30BDF809
:108120002410634DBDF92C802868BDF92E6011FB29
:10813000032104EB8104BDF820100A44ADF8282087
:10814000BDF822201344ADF82A300368DB6B984752
:10815000B9F1FF0F19D110F0200F286818D00025B1
:108160000168BDF82A30BDF82820CDE90395BDF897
:1081700024500295B6B21FFA88F5019600954D6D10
:108180002146A8470DB0BDE8F08F10F0400FE4E79E
:108190000368DB6A98474749BDF92A200B88BDF977
:1081A000285003FB025200EB4200734300EB4303F1
:1081B00007934FEA480306938A46079B984270D27A
:1081C000069B214600EB030B58455DD251F8044B4A
:1081D000230E14D0FF2B4FEA142C12D1B9F1FF0F4C
:1081E0000FD163092CF4FF6C03F4FC632CF0070C33
:1081F00043EA0C0CC4F3C4044CEA040404800230C7
:10820000E2E709FB03F307885A1C02EB2322121250
:108210003E1293B2C4F3074E06F0F806D243D2B230
:10822000FD101EFB03FEFF0046EA561606FB02E6A3
:1082300005F0FC05FFB25FFA8CFCE4B2B6B21CFBA1
:1082400003FC45EA951547EA571714FB03F405FBB1
:1082500002C506F1010E07FB0247ADB2BFB20EEB3D
:10826000162606F4784E05F1010C7E1C06EB172647
:108270000CEB1525C6F3C4266D0946EA0E0605F477
:10828000FC652E430680BAE7BAF80030BDF92440F9
:10829000A3EB0803A4EB080400EB430001EB840408
:1082A0008BE7034B186803681B6B98476AE700BFAE
:1082B0004C350120463501202DE9F0430C4685B0B0
:1082C000106851686D4603C518685968164603C59D
:1082D0006846F6F7EDFE314602A8F6F711FFBDF944
:1082E0000820BDF90A30BDF80410284D284E286832
:1082F000BDF90C70BDF90E8011FB032104EB810464
:10830000BDF800100A44ADF80820BDF8022013445F
:10831000ADF80A300368DB6A98473388BDF90A2054
:10832000BDF90810DFF86CE003FB021200EB42001D
:1083300008FB03F300EB43034FEA470C98421DD2BE
:1083400000EB0C0840450FD254F8041B4FEA5119BA
:108350000EEA112209F4FC6942EA0902C1F3C401E0
:108360000A4320F8022BEDE73288D21B00EB4200D3
:10837000BDF90420D21B04EB8204DFE72868036800
:108380001B6B984705B0BDE8F08300BF4C3501205A
:108390004635012000F8FFFF2DE9F0470E468EB06C
:1083A000044608684968DFF8D881DFF8D8911D468F
:1083B0000AAB03C3106851680CAB03C30AA8F6F7F5
:1083C00077FE31460CA8F6F79BFEBDF93020BDF9CB
:1083D0003230BDF82C10D8F80000BDF93470BDF96A
:1083E000366011FB032101EB41010C44BDF828105C
:1083F0000A44ADF83020BDF82A201344ADF83230DD
:108400000368DB6B9847FF2D24D110F0010FD8F8DB
:10841000000022D00021D0F800C0BDF83230BDF8F5
:108420003020CDE907114FF0010ECDF818E0B9F872
:1084300000E00395CDE9041EB6B2BDF82C10029100
:10844000BFB201960097DCF844502146A8470EB011
:10845000BDE8F08710F0040FD9E70368DB6A98479E
:10846000B9F80030BDF93220BDF93010BDF92CC08B
:1084700003FB0212ACEB070C00EB42005E434FEA39
:10848000470EFF2DA3EB070700EB46060CEB4C0C49
:108490004FEA470749D0EB431FFA85F9DBB2B042F8
:1084A00066D200EB0E0A5045214604F103045BD26C
:1084B000028814F8011C4FEA222808F0F80811FB82
:1084C00009F148EA5818D51008FB031814F8021CE3
:1084D00005F0FC0511FB09F145EA951505FB0315AF
:1084E000D20014F8031CD2B211FB09F142EA521275
:1084F0001FFA88F802FB031292B208F10101ADB233
:1085000001EB1828511C01EB1222691C01EB152507
:1085100008F47848C2F3C4226D0942EA080205F45F
:10852000FC652A4320F8022BBDE7144AB0421FD253
:1085300000EB0E05A842214604F1030410D214F802
:10854000023C14F8011CDB0002EA012103F4FC6385
:108550000B4314F8031C43EAD10320F8023BE9E77C
:10856000384401EB0C04E1E7384401EB0C0496E7D6
:10857000034B186803681B6B984768E700F8FFFF18
:108580004C35012046350120F0B41646012E1C461C
:108590000D46049A9DF814309DF8187012D003D33C
:1085A000022E0AD0F0BC70470568CDE90437ED68AB
:1085B0001346AC462246F0BC604721462846F0BC34
:1085C000FFF794BD21462846F0BCFFF7E5BE00004A
:1085D0002DE9F04F814693B010689DF870A06D4F63
:1085E000884651680EAC03C41868596810AC16462A
:1085F00003C40EA8F6F75CFD314610A8F6F780FD1F
:10860000BDF94020BDF94230BDF83C10624EBDF9C5
:1086100044403068BDF9465011FB03218944BDF840
:1086200038100A44ADF84020BDF83A201344ADF8A4
:1086300042300368DB6B984710F0800F30681DD024
:1086400000220168BDF84030CDE908220B220792D4
:108650003A8806920122CDE904A2BDF83C2003929B
:10866000A4B2BDF842200092ADB2029501940C6C08
:1086700042464946A04713B0BDE8F08F0368DB6A65
:1086800098473B88BDF94220BDF9401003FB021218
:108690005D4300EB420000EB45020C92BDF93C202B
:1086A000121B0D9262001C1B63000A920B934FF089
:1086B000040E0C9B984266D20A9B00EB030B5845B4
:1086C0005CD219F8013B1EFB03E358F80320110E9E
:1086D00012D0FF294FEA122710D1BAF1FF0F0DD1A6
:1086E000530927F4FF6703F4FC6327F007071F43D0
:1086F000C2F3C4023A4302800230E0E70AFB01F110
:1087000006884B1C03EB21233512F4101B12F600D4
:1087100099B2C2F3074C05F0F805F6B2DB43D2B2CA
:10872000DBB21CFB01FC45EA551546EA561612FB66
:1087300001F205FB03C504F0FC04FFB206FB0322B3
:10874000ADB217FB01F792B244EA941404FB037430
:1087500005F1010C571C0CEB152507EB1227A4B2F1
:10876000C7F3C42705F478453D43671C07EB142481
:10877000640904F4FC6425430580BDE70B9B1844A1
:108780000D9B994495E7044B186803681B6B984749
:1087900071E700BF463501204C3501202DE9F04F2F
:1087A00087B080469DF840600D461446002E00F0CC
:1087B000B9801068516802AF03C71868596804AFE0
:1087C00003C702A8F6F774FC214604A8F6F798FC44
:1087D000BDF91020BDF91230BDF80C40BDF916707E
:1087E00014FB032108EB0104BDF80810BDF9148047
:1087F0000A44ADF81020BDF80A201344ADF8123039
:108800004A4B18680368DB6A9847494BBDF9121058
:108810001A88BDF910C0FF2E02FB01C100EB410018
:1088200002FB07F205F104014FEA480A1D465AD03F
:10883000C6F1FF0E00EB4202B6B21FFA8EFE0193A4
:1088400082426AD900EB0A0B834540D914F8013BF8
:10885000058831F813302F124FEA232C07F0F80760
:1088600017FB0EF74FEAE5090CF0F80CED000CFBD6
:10887000067C09F0FC09DF10EDB2DB001FFA8CFC6E
:1088800019FB0EF907F0FC07DBB215FB0EF507FB31
:10889000069703FB06530CF101099BB209EB1C2C54
:1088A0000CF4784903F1010C0CEB132CBFB2CCF3A0
:1088B000C42C4CEA090C07F1010909EB17277F09C1
:1088C00007F4FC674CEA070C20F802CBBCE7019BDD
:1088D0001B88A3EB080300EB4300BDF90C30A3EBAE
:1088E00008031C44ACE700EB4202824215D900EBBE
:1088F0000A06864206D914F8013B31F8133020F8F5
:10890000023BF6E72B88A3EB080300EB4300BDF91D
:108910000C30A3EB08031C44E7E7044B186803681A
:108920001B6B984707B0BDE8F08F00BF4C350120A6
:10893000463501202DE9F04F91B080469DF86850F2
:108940000F461446002D51D010685168DFF8009290
:108950000CAE03C6186859680EAE03C60CA8F6F72D
:10896000A7FB21460EA8F6F7CBFBBDF93820BDF9D1
:108970003A30BDF83410D9F80000BDF93C60BDF9BB
:108980003EA011FB032108EB0104BDF83010DFF815
:10899000C4810A44ADF83820BDF832201344ADF844
:1089A0003A300368DB6B984710F0800FD9F800006D
:1089B0001FD000220168BDF83830CDE908220B2213
:1089C0000792B8F8002006920122CDE90452BDF8C2
:1089D000342003921FFA8AF20292B6B2BDF83A200E
:1089E000009201960D6C3A462146A84711B0BDE8A9
:1089F000F08F0368DB6A9847B8F80020BDF93A3079
:108A0000BDF93810FF2D02FB031300EB43004FEAC2
:108A100046090AFB02FA62D06FEA050C00EB4A0332
:108A20000A93ADB25FFA8CFCCDF82C800A9B984279
:108A300080F0858000EB090B584546D214F801EB15
:108A40000323042213FB0E2E07EB0E0A03889AF869
:108A5000028017F80EE0191201F0F80118FB05F872
:108A600041EA5111DA1001FB0C81DB009AF8018018
:108A700002F0FC02DBB218FB05F81EFB05FE42EA21
:108A8000921243EA531389B202FB0C8203FB0CE3FC
:108A900092B29BB201F1010808EB112103F1010E22
:108AA00002F101080EEB132E08EB122801F47841B5
:108AB000CEF3C42E4FEA58184EEA010108F4FC68C0
:108AC00041EA080120F8021BB6E70B9B1B889B1BA1
:108AD00000EB4300BDF934309B1B1C44A6E71B4947
:108AE00000EB4A0A03220425504528D200EB090C6A
:108AF0006045234619D293F800E012FB0E5E07EBA7
:108B00000E0B17F80EE09BF802309BF801B04FEA0D
:108B1000CB0B01EA03230BF4FC6B43EA0B0343EAA0
:108B2000DE03013420F8023BE2E7B8F800309B1B7B
:108B300000EB4300BDF934309B1B1C44D4E7044BCD
:108B4000186803681B6B984750E700BF00F8FFFFE9
:108B50004C35012046350120F0B40C4611469DF8F5
:108B600014500F784E78012F1A46049B38D01FD32B
:108B7000022F4DD1032E4BD8DFE806F00207141761
:108B800004952046F0BCFFF709BEC06F00283FD017
:108B90000668CDE90435B5681346AC460A46214659
:108BA000F0BC6047D0F88000F0E7D0F88400EDE733
:108BB000032E2DD8DFE806F002070E11049520469B
:108BC000F0BCFFF705BDC06F10B30668CDE90435F2
:108BD000F568E1E7D0F88000F6E7D0F88400F3E725
:108BE000032E15D8DFE806F002070E110495204683
:108BF000F0BCFFF79FBEC06F50B10668CDE90435E9
:108C00003569C9E7D0F88000F6E7D0F88400F3E7CB
:108C1000F0BC70472DE9F04F044687B010689DF80E
:108C200040A0DFF838920E46516802AD03C51868BF
:108C3000596804AD174603C502A8F6F739FA394654
:108C400004A8F6F75DFABDF91020BDF91230BDF8A1
:108C50000C10BDF91480BDF9165011FB032104EB73
:108C600041040E44BDF808100A44ADF81020BDF8C8
:108C70000A201344ADF81230774B18680368DB6A9A
:108C80009847B9F800B0BDF91230BDF910200BFBC0
:108C9000032300EB4300BAF1FF0F4FEA480305FB43
:108CA0000BF5009369D000EB450B584580F0CC8064
:108CB000009BC31801933146019B98424FD211F893
:108CC000012B002A48D00AFB02F2531C03EB1223AB
:108CD0001B1241D00288B4F800C09EB21512DB43CB
:108CE000DBB24FEA2C2705F0F80515FB03F54FEA38
:108CF000E20E07F0F807D20007FB06570EF0FC0E55
:108D00004FEAEC05D2B24FEACC0CBFB21EFB03FE19
:108D100005F0FC055FFA8CFC12FB03F205FB06E58F
:108D20000CFB062C07F1010E1FFA8CFC0EEB17272B
:108D300007F4784E0CF1010707EB1C27ADB2C7F31F
:108D4000C42747EA0E0705F1010E0EEB15256D0944
:108D500005F4FC652F43078002300234ACE7B9F814
:108D60000030BDF90C60A3EB0803A6EB080604EB8A
:108D7000460400EB43000E4497E700EB4505A8428C
:108D800062D2009B314600EB030B58454ED211F8DE
:108D9000013B2BB1FF2BB4F800E004D1A0F800E0B8
:108DA00002300234F1E702889FB21612DB43DBB2D5
:108DB0004FEA2E2C06F0F80616FB03F64FEAE20AFD
:108DC0000CF0F80CD2000CFB076CD2B24FEAEE06A6
:108DD0000AF0FC0A4FEACE0E1AFB03FA1FFA8CFCCB
:108DE00012FB03F306F0FC065FFA8EFE06FB07A6F5
:108DF0000CF101020EFB0733B6B29BB202EB1C2C46
:108E00000CF4784206F1010A03F1010C0CEB132C6F
:108E10000AEB1626CCF3C42C76094CEA020C06F4B5
:108E2000FC664CEA060CA0F800C0B9E7B9F80030BF
:108E3000BDF90C60A3EB0803A6EB080604EB46049F
:108E400000EB43000E449AE7034B186803681B6B62
:108E5000984707B0BDE8F08F4C350120463501201A
:108E60002DE9F04F89B007469DF84C60129C88466A
:108E700092469946002E48D00846FAF71DF8054656
:108E80004046FAF74DF8ADF80E004046ADF808A0A0
:108E9000ADF80C50ADF80A90FAF700F905464046D7
:108EA000FAF72CF982464046FAF77CF910282CD8BC
:108EB000DFE810F0CA00BA0011002B002B002B00D5
:108EC0002B002B002B002B002B00C1002B002B00B4
:108ED00080012B007301BC4B18680368DB6B98475B
:108EE000FF2E01D1830606D53346224602A9284625
:108EF000FFF7FCF809E04046FAF798F840B9234636
:108F000002AA29463846FFF7D7F909B0BDE8F08F25
:108F10000DF1180941464846FAF736F899E803007A
:108F20000DF1100888E8030040462146F0F77CFC6C
:108F30004046F0F7BCFC0028D6D1BDF91230B4F998
:108F40000220934212DD9B1AB4F90000B4F9041018
:108F5000ADF81800ADF81A20ADF81C10ADF81E30B1
:108F60004A46334602A92846FFF7C0F8BDF910303B
:108F7000B4F90020934212DD9B1ABDF91200BDF92D
:108F80001610ADF81820ADF81A00ADF81C30ADF889
:108F90001E10FF234A4602A92846FFF7A7F84346BA
:108FA00002AA29463846FFF787F9A2882388BDF828
:108FB00014101344BDF810200A449BB292B211B2AF
:108FC00018B2884212DD9B1ABDF91600BDF9126075
:108FD000ADF81810ADF81C30ADF81E00FF234A465E
:108FE00002A92846ADF81A60FFF780F8E288638886
:108FF000BDF816101344BDF812200A449BB292B279
:1090000011B218B2884280DD9B1AB4F90060B4F93D
:109010000400ADF81E30ADF81860ADF81A10ADF8C8
:109020001C00FF234A4661E73346224602A9284630
:10903000FFF7B2F969E7CDE9004602AB524629468F
:109040003846FFF789FD60E74046F9F7EFFF48B97A
:109050003B68CDE9006002AADE682946234638460F
:10906000B04752E70DF1180941464846F9F78CFF21
:1090700099E803000DF1100888E8030040462146F6
:10908000F0F7D2FB4046F0F712FC38B100962346C9
:1090900002AA51462846FFF7BDFD36E73B68CDE9F9
:1090A000006002AAD3F80CB0294643463846D84798
:1090B000BDF91230B4F90220934213DDB4F9000077
:1090C000B4F90410ADF818009B1AADF81A20ADF8E9
:1090D0001C10ADF81E3000964B4602AA5146284699
:1090E000FFF798FDBDF91030B4F90020934213DD6D
:1090F0009B1ABDF91200BDF91610ADF81820ADF895
:109100001A00ADF81C30ADF81E1000964B4602AAAE
:1091100051462846FFF77EFDA2882388BDF814102B
:109120001344BDF810200A449BB292B211B218B297
:10913000884213DD9B1ABDF91600BDF91270ADF817
:109140001810ADF81C30ADF81E0000964B4602AA70
:1091500051462846ADF81A70FFF75CFDE288638837
:10916000BDF816101344BDF812200A449BB292B207
:1091700011B218B288427FF7C8AEB4F90070B4F9E2
:109180000400ADF818709B1AADF81E30ADF81A1037
:10919000ADF81C0000964B467AE7D7F88800002807
:1091A0003FF4B3AE03680096DE68234602AA294660
:1091B000B047AAE6D7F8880000283FF4A6AE0368B7
:1091C00000969E68F1E700BF4C35012080B103296D
:1091D0001CD8DFE801F0021D081F104B1888C0F3EF
:1091E0000E00404270470D4B1888C0F30E007047C8
:1091F00003290BD801A353F821F000BF11920108F5
:10920000E791010815920108DB91010800207047E1
:10921000012070474FF0FF30704700BF46350120F6
:1092200080B103291CD8DFE801F01D021F07104B95
:109230001888C0F30E0070470D4B1888C0F30E005D
:109240004042704703290BD801A353F821F000BF17
:109250002F9201086992010839920108659201086C
:1092600000207047012070474FF0FF30704700BF6B
:10927000463501202DE9F04F99B00D9114A981E8F0
:109280000C00BDF98C300B93DDE926219DF8A4304C
:1092900010939DF8AC3008939DF8B03009934B7B48
:1092A000BDF98840BDF89050BDF89460289FDDF866
:1092B000A8909DF8B4A04FEA431808F4807091F884
:1092C000068058EA000800F0CE811B01C87903F43B
:1092D000807303430C9300F0C68191F909309BB26F
:1092E000002D00F02C81ED1AADB2290402D5641BCB
:1092F00024B20025B2F900009188844283B2B8BF3D
:10930000ED180B441BB20A93D388528813441BB246
:109310000F930C9B0E93B8BF2C1BB54B0B9A93F875
:1093200000B0BCBFA5B204465346214614A8F5F7C9
:1093300034FD2146ADF85C0053460B9A14A8F5F7AE
:1093400049FD18A921F8020D17A8F5F76FFEBAF12B
:10935000000F40F0F780BBF1010F40F0FB80109B45
:10936000002B40F0A8811FFA88F205B95EB1089879
:1093700006FB02534343314607EBD30703F00706CE
:109380000C9B5B1A0E930BF1FF314B424B4118467D
:1093900051460C93FFF71AFF0C9B83461846FFF7C4
:1093A0003FFF0F9903460B98A1EB000A0E998A45DF
:1093B000A8BF8A46BAF1000F40F355810A99641B91
:1093C0000C1B4445D4BFC5EB0405C5EB0805002DB7
:1093D00040F349810899521B4A430E920D9A002A84
:1093E00040F07581834A0A9310680268D26A9047F8
:1093F0000A9B089901228A40013A7F49D2B20C881F
:109400000C92BDF95C10BDF95E2004FB021200EB6A
:1094100042024FEA19240A92C9F307421292E2B2B9
:1094200011925FFA89F21092744A4FEA591101F4CD
:10943000FC6122400A43C9F3C40942EA09024FEA27
:109440004B0192B205FB1B3B0F920B463A780B91F6
:109450006B43324103EB4B03D2B213931AF1FF3A41
:10946000C0F04981DDF82880A94619F1FF39C0F024
:1094700032810C9B134054D0FF200C9990FBF1F1EA
:109480004B43FE2B03DD0999814200F022810999AB
:10949000B8F80040129811FB03F39BB2591C01EB82
:1094A0001323C3F307231FFA83FE211210FB0EFBC5
:1094B00001F0F8011198DB43DBB241EA511101FBE5
:1094C00003B14FEAE40C10FB0EFBE4001098E4B289
:1094D00044EA541410FB0EFE04FB03E40CF0FC0CF5
:1094E00089B2A4B24CEA9C1C0CFB03BC4B1C04F1DB
:1094F000010B03EB11210BEB142B1FFA8CFCCBF3AC
:10950000C42B01F478414BEA01010CF1010B0BEB88
:109510001C2B4FEA5B1B0BF4FC6B41EA0B01A8F818
:109520000010089B1E44B6B2072E98BF1A410B9B31
:1095300089BF7A78D2B201370026984495E71C4457
:1095400024B2D7E6BAF1010F7FF409AFBBF1010FE6
:109550007FF405AF0F9B0B9A991A0C9B9B1B9942AA
:10956000A8BF1946002912917DDD224A1192106888
:109570000368DB6B984710F48073129906D0089B40
:10958000042B33D1109B003318BF012382051FFA2F
:1095900088FC40F1B9800898082840F0B580002B7D
:1095A00064D00CF1010C2CF001039BB245BB0A9A6C
:1095B00008EB0400904223DC119ABDF85EE01068CD
:1095C000BDF85C20046806954FF480750595099DEB
:1095D000029389B2CDE90031CDE903954FEA5C0CE5
:1095E000A46D734606FB0C71A0473CE00023CDE759
:1095F000443501204C3501204635012000F8FF009C
:109600000A9AA4EB050EA2EB0E0EC645D4BFC5EB1D
:109610000E0EC5EB080EBEF1000F24D0E8073FF593
:109620009EAE1EF001007FF49AAE119ABDF85E80E6
:109630001468BDF85C206D084FEA5C0C06FB0C5604
:10964000256806904FF48070059009980293CDE943
:10965000039089B21FFA8EF301910093AD6D4346DA
:10966000B9192046A84719B0BDE8F08F284ABDF8BF
:109670005EE01068BDF85C20D0F800A006934FF4BF
:1096800000730593099BCDF808C0CDE903930A9BAD
:10969000641B1C1B06FB08564445D4BFC5EB0405E0
:1096A000C5EB080589B2ADB201910095DAF85840D2
:1096B0007346B91998E70822089B92FBF3F35A1EE8
:1096C000424492FBF3F212FB03F292B24DE60D9884
:1096D0008FE60F9923E70E9B43B11E44B6B207EB0A
:1096E000D60706F007063A783241D2B20A99139BA0
:1096F00019440A91B2E60D9B002BB4D1044B1868B3
:1097000003681B6B9847AEE7002B7FF44AAF26E651
:109710004C35012038B5154C2378BFF35B8FDA0741
:1097200005460BD4204608F048FC38B1204608F026
:1097300050FC0F4A0F49104808F038FC0F4C2378B2
:10974000BFF35B8FDB070BD4204608F036FC38B143
:10975000204608F03EFC064A09490A4808F026FC63
:10976000054B6B61074BAB6138BD00BF3036012044
:10977000000000201D580108EC00002034360120B4
:109780001B580108F000002038B5154C2378BFF3B2
:109790005B8FDA0705460BD4204608F00EFC38B183
:1097A000204608F016FC0F4A0F49104808F0FEFB4F
:1097B0000F4C2378BFF35B8FDB070BD4204608F0F8
:1097C000FCFB38B1204608F004FC064A09490A4867
:1097D00008F0ECFB054BEB60074B2B6138BD00BF7D
:1097E000083601200000002021580108C400002094
:1097F0000C3601201F580108C800002010B504468F
:10980000FFF788FF2046BDE81040FFF7BDBF00000E
:1098100038B5154C2378BFF35B8FDA0705460BD4B8
:10982000204608F0CAFB38B1204608F0D2FB0F4AA8
:109830000F49104808F0BAFB0F4C2378BFF35B8F39
:10984000DB070BD4204608F0B8FB38B1204608F0FF
:10985000C0FB064A09490A4808F0A8FB054B6B62A1
:10986000074BAB6238BD00BF383601200000002036
:1098700015580108F40000203C3601201358010857
:10988000F800002038B5154C2378BFF35B8FDA075A
:1098900005460BD4204608F090FB38B1204608F06E
:1098A00098FB0F4A0F49104808F080FB0F4C2378B3
:1098B000BFF35B8FDB070BD4204608F07EFB38B18B
:1098C000204608F086FB064A09490A4808F06EFB64
:1098D000054BEB61074B2B6238BD00BF10360120F2
:1098E0000000002019580108CC0000201436012087
:1098F00017580108D000002010B50446FFF788FF74
:109900002046BDE81040FFF7BDBF000038B5154C3C
:109910002378BFF35B8FDA0705460BD4204608F0A7
:109920004CFB38B1204608F054FB0F4A0F49104851
:1099300008F03CFB0F4C2378BFF35B8FDB070BD4A5
:10994000204608F03AFB38B1204608F042FB064AB0
:1099500009490A4808F02AFB054B6B63074BAB63C8
:1099600038BD00BF48360120000000200D58010816
:10997000040100204C3601200B580108080100208A
:1099800038B5154C2378BFF35B8FDA0705460BD447
:10999000204608F012FB38B1204608F01AFB0F4AA7
:1099A0000F49104808F002FB0F4C2378BFF35B8F80
:1099B000DB070BD4204608F000FB38B1204608F046
:1099C00008FB064A09490A4808F0F0FA054BEB6221
:1099D000074B2B6338BD00BF183601200000002064
:1099E00011580108D40000201C3601200F5801082E
:1099F000D800002010B50446FFF788FF2046BDE8D8
:109A00001040FFF7BDBF000038B5154C2378BFF3F9
:109A10005B8FDA0705460BD4204608F0CEFA38B142
:109A2000204608F0D6FA0F4A0F49104808F0BEFA4F
:109A30000F4C2378BFF35B8FDB070BD4204608F075
:109A4000BCFA38B1204608F0C4FA064A09490A4867
:109A500008F0ACFA054B6B65074BAB6538BD00BF32
:109A60005036012000000020FD5701080C010020A5
:109A700054360120FB5701081001002038B5154C61
:109A80002378BFF35B8FDA0705460BD4204608F036
:109A900094FA38B1204608F09CFA0F4A0F49104852
:109AA00008F084FA0F4C2378BFF35B8FDB070BD4ED
:109AB000204608F082FA38B1204608F08AFA064AB1
:109AC00009490A4808F072FA054BEB64074B2B650D
:109AD00038BD00BF583601200000002001580108A1
:109AE000140100205C360120FF57010818010020F6
:109AF00038B5154C2378BFF35B8FDA0705460BD4D6
:109B0000204608F05AFA38B1204608F062FA0F4AA7
:109B10000F49104808F04AFA0F4C2378BFF35B8FC7
:109B2000DB070BD4204608F048FA38B1204608F08D
:109B300050FA064A09490A4808F038FA054B6B649E
:109B4000074BAB6438BD00BF203601200000002069
:109B500005580108DC0000202436012003580108C4
:109B6000E000002038B5154C2378BFF35B8FDA078F
:109B700005460BD4204608F020FA38B1204608F0FC
:109B800028FA0F4A0F49104808F010FA0F4C2378B2
:109B9000BFF35B8FDB070BD4204608F00EFA38B119
:109BA000204608F016FA064A09490A4808F0FEF964
:109BB000054BEB63074B2B6438BD00BF40360120DB
:109BC0000000002009580108FC0000204436012054
:109BD000075801080001002010B50446FFF714FFE4
:109BE0002046FFF785FF2046FFF748FF2046BDE8E7
:109BF0001040FFF7B7BF000038B5154C2378BFF30E
:109C00005B8FDA0705460BD4204608F0D6F938B149
:109C1000204608F0DEF90F4A0F49104808F0C6F94F
:109C20000F4C2378BFF35B8FDB070BD4204608F083
:109C3000C4F938B1204608F0CCF9064A09490A4867
:109C400008F0B4F9054B6B66074BAB6638BD00BF37
:109C50002836012000000020F5570108E40000200C
:109C60002C360120F3570108E800002038B5154CC8
:109C70002378BFF35B8FDA0705460BD4204608F044
:109C80009CF938B1204608F0A4F90F4A0F49104852
:109C900008F08CF90F4C2378BFF35B8FDB070BD4F4
:109CA000204608F08AF938B1204608F092F9064AB1
:109CB00009490A4808F07AF9054BEB65074B2B6612
:109CC00038BD00BF0036012000000020F957010810
:109CD000BC00002004360120F7570108C000002016
:109CE00010B50446FFF788FF2046BDE81040FFF797
:109CF000BDBF000038B5154C2378BFF35B8FDA0782
:109D000005460BD4204608F058F938B1204608F033
:109D100060F90F4A0F49104808F048F90F4C2378B2
:109D2000BFF35B8FDB070BD4204608F046F938B150
:109D3000204608F04EF9064A09490A4808F036F963
:109D4000054B6B67074BAB6738BD00BFF83501208B
:109D500000000020ED570108B4000020FC35012070
:109D6000EB570108B800002038B5154C2378BFF335
:109D70005B8FDA0705460BD4204608F01EF938B190
:109D8000204608F026F90F4A0F49104808F00EF94E
:109D90000F4C2378BFF35B8FDB070BD4204608F012
:109DA0000CF938B1204608F014F9064A09490A4866
:109DB00008F0FCF8054BEB66074B2B6738BD00BF7E
:109DC000F035012000000020F1570108AC00002010
:109DD000F4350120EF570108B000002010B504460B
:109DE000FFF788FF2046BDE81040FFF7BDBF10B564
:109DF0000446FFF7F3FF2046FFF772FF2046FFF708
:109E0000F9FD2046FFF7FAFC2046FFF775FD2046D6
:109E1000BDE81040FFF7E0BE38B50B4C2378BFF328
:109E20005B8FDB0705460BD4204608F0C6F838B137
:109E3000204608F0CEF8054A0549064808F0B6F86D
:109E4000044BEB6738BD00BFE43501200000002063
:109E5000E9570108A400002038B50B4C2378BFF364
:109E60005B8FDB0705460BD4204608F0A6F838B117
:109E7000204608F0AEF8054A0549064808F096F86D
:109E8000044BC5F8803038BDE835012000000020C3
:109E9000E7570108A800002070B50D4D0D4C2B7838
:109EA000BFF35B8F13F0010F06460DD1284608F073
:109EB00084F848B1084B2360284608F08AF8074A1E
:109EC0000749204608F072F8C6F8844070BD00BF0C
:109ED000EC35012064370120B4590208000000204D
:109EE000E557010810B50446FFF796FF2046FFF737
:109EF000B3FF2046BDE81040FFF7CEBF70B50D4D53
:109F00000D4C2B78BFF35B8F13F0010F06460DD17C
:109F1000284608F052F848B1084B2360284608F05C
:109F200058F8074A0749204608F040F8C6F8884024
:109F300070BD00BFE035012060360120D059020815
:109F400000000020E35701082DE9F04FDDE90B4543
:109F5000BDF924E0BDF928B09DF834909DF8387023
:109F60009DF83C60088805FB0E4C002D02EB0C0AA6
:109F7000C0F2B080AB4540F3AD80002CC0F2A880A9
:109F8000A64540F3A58012F80C2033F81280621C1D
:109F900000F1A380964540F3A080B9F1000F00F0D6
:109FA0009C809AF8012033F812C0013500F19980A5
:109FB000AB4540F39680002F00F09380002CC0F258
:109FC0008E80A64540F38B801AF80E2033F812508D
:109FD000013400F18980A64540F38680B9F1000F75
:109FE00000F08280D6449EF8012033F812304FEA08
:109FF000084404F0FC6428F4FC6819FB07FE44EAFA
:10A0000008084FEA0C44CEF3C70EC7F1100204F063
:10A01000FC642CF4FC6C44EA0C0CA2EB0902CEEBC1
:10A0200049040EEB420204FB0CF402FB08481A043C
:10A0300002F0FC6223F4FC6313432A0402F0FC6286
:10A0400025F4FC650EFB03832A43CEEB470707FB91
:10A050000232530D520903F4FC6322F4FC621A43EA
:10A0600093B2B4B20212F643F6B21D1202F0F80235
:10A0700012FB06F2C71005F0F805C00005FB042529
:10A08000C0B2DA10DB00DBB207F0FC0710FB06F011
:10A09000ADB203FB040002F0FC0217FB06F780B22E
:10A0A0006B1C02FB047292B203EB1525431C03EBFD
:10A0B0001023501C00EB122205F47845C3F3C4238F
:10A0C00052092B4302F4FC6213430B80BDE8F08F6E
:10A0D00080465CE78446804667E7844665E7054638
:10A0E00076E70346054682E7034680E72DE9F04F11
:10A0F00099B0DDE923A515920993279A9DF8AC3014
:10A100000D930C91DDE9281316905068126800FB3E
:10A11000031302EB43082A9B1B680B932A9B5E6880
:10A120000D9BDB43DBB204360A930C9B002B03DC54
:10A13000159B002B40F325822A9BB3F90810B3F935
:10A140000C20481E571E099B002B40F3E3805FEA5A
:10A150002A4C4FEA254306D4844504DA002B02DB5F
:10A16000BB42C0F2D8801CF1010C00F1C9806145EE
:10A17000C0F2C680013300F1C3809A42C0F2C080B1
:10A18000DDF824B04746BBF1000F40F3E3802A9A84
:10A190002A9BD2F80CE09B685FEA2A424FEA254CE2
:10A1A000CAF30330C5F3033100F1218103F1FF3914
:10A1B0004A4580F21C81BCF1000FC0F218810EF1FB
:10A1C000FF39CC4580F213811BB20CFB03220B9CA0
:10A1D00004EB0209A25C36F812E0002800F0FE80D1
:10A1E00099F8012036F81220119251B109EB0302BF
:10A1F00019F8033036F813300F93537836F81330CC
:10A200001293119B129C4FEA034C0CF0FC6C23F44C
:10A21000FC634CEA030C129B1B0410FB01F224F4B8
:10A22000FC6403F0FC63D2102343C2EB40095343A8
:10A2300009FB0C334FEA0E4C0CF0FC6C2EF4FC6E58
:10A240004CEA0E0EC1F1100CACEB000C02EB4C0C06
:10A250000CFB0E3C0F9B0A9C180400F0FC6023F4DE
:10A26000FC631843C2EB410202FB00C2530D5209CA
:10A27000388803F4FC6322F4FC621A4392B20112A0
:10A28000BDF834304FEA222C01F0F80111FB04F143
:10A290004FEAE00E0CF0F80CC0000CFB031C0EF0B3
:10A2A000FC0ED110C0B2D200D2B201F0FC011EFBF4
:10A2B00004FE10FB04F01FFA8CFC01FB03E102FB1F
:10A2C00003039AB20CF1010389B203EB1C2C531C5B
:10A2D00003EB12234A1C02EB11210CF4784CC3F35C
:10A2E000C423490943EA0C0301F4FC610B433B809E
:10A2F000259B9A44269B02371D440BF1FF3B42E706
:10A30000259B9A44269B1D44099B013B099308F118
:10A31000020818E723D0099B2598013B00FB03A006
:10A3200000143FF52DAF01398842BFF629AF2699B9
:10A3300001FB03531B143FF523AF013A9342BFF6D1
:10A340001FAFDDF824E0BDF83490CDF83880BEF1C1
:10A35000000F6CDC099B23EAE37408EB44080C9BB8
:10A36000002B40F30E8130EE040AB7EE007AC7EE00
:10A37000007A229B70EEA40A31EE051A20EEA77A2D
:10A38000F0EE626A61EE277AFEEEC86A77EE622A24
:10A3900016EE90AAFEEEC82AF0EE436A37EEC33AF4
:10A3A00012EE902ABEEEC83A92FBF3F313EE102A97
:10A3B0002593229B92FBF3F326930C9B159A013B6A
:10A3C000FEEEC86A0C93229B08BF134616EE905A05
:10A3D0000993B0EE673AF0EE472AA6E600293FF46B
:10A3E00010AF19F8033036F813300F9309E712F164
:10A3F00001093FF57DAF4B45FFF67AAF1CF101092E
:10A400003FF576AFCE45FFF673AF0D9C02921BB2BF
:10A410000FFA8EF2CDE90514CDE903C00192009345
:10A420000B9A169833463946FFF78EFD60E72A9B54
:10A430000B9CB3F908304FEA2A42291403FB01218F
:10A440000B9A0A44615CCAF3033CC5F3033036F847
:10A450001110BCF1000F00F08C80577836F81740CF
:10A46000139440B1D718D35C36F8133010937B782F
:10A4700036F813301493139B149C1CFB00F21F043A
:10A48000D21023F4FC6307F0FC671F43C2EB4C03BC
:10A490001793149B1B0424F4FC6B03F0FC6343EA46
:10A4A0000B03179C53434FEA014B04FB073721F47E
:10A4B000FC610BF0FC6343EA010BC0F11001109B3F
:10A4C0000A9CA1EB0C0C02EB4C0C0CFB0B774FEA3B
:10A4D000034C23F4FC6B0CF0FC6CC2EB40024CEA26
:10A4E0000B0C02FB0C770E9A790D7F09128801F490
:10A4F000FC6127F4FC670F43BBB21112181201F084
:10A50000F80111FB04F1D71000F0F800D20000FBB5
:10A51000091007F0FC07D910D2B2DB0017FB04F7D3
:10A5200012FB04F201F0FC01DBB280B201FB097105
:10A5300003FB09239BB289B2421C02EB10204F1C83
:10A540005A1C02EB132207EB112100F47840C2F3EE
:10A55000C42249090E9B104301F4FC61084323F80F
:10A56000020B0E93259B9A44269B0EF1FF3E1D4441
:10A57000EDE600283FF47FAFD35C36F8133010933C
:10A5800079E719B0BDE8F08F2DE9F047DDE90A4819
:10A59000BDF920E0BDF924A09DF830509DF834604D
:10A5A000088808FB0E47B8F1000F02EB070967DBCC
:10A5B000C24565DD002C61DBA6455FDDD25D33F869
:10A5C00012C0621C5FD496455DDD002D5BD099F80A
:10A5D000012033F8127018F1010858D4C24556DD35
:10A5E000002E54D0002C50DBA6454EDD19F80E206D
:10A5F00033F81220013407D4A64505DD25B1CE4439
:10A600009EF8010033F810004FEA0C4315FB06F4E6
:10A6100003F0FC634FEA074E2CF4FC6CC4F3C70450
:10A6200043EA0C0C0EF0FC6EC6F1100327F4FC6735
:10A630005B1B4EEA0707C4EB450504EB43037D4370
:10A6400003FB0C5C030403F0FC6320F4FC60184380
:10A65000130403F0FC6322F4FC62134304FB00C008
:10A66000C4EB460606FB0300430D400903F4FC63FC
:10A6700020F4FC6018430880BDE8F0878446A0E71A
:10A6800007468446A7E70746A5E70246B2E7024623
:10A69000BAE72DE9F04F93B0DDE91D460F92219AFC
:10A6A00008910693DDE9221310905068126800FBB0
:10A6B000031302EB4309249B1B680793249B5F68E9
:10A6C000F7EE006A0437089B002B03DC0F9B002B7E
:10A6D00040F3B281249BB3F90810B3F90C20481E53
:10A6E00002F1FF3C069B002B40F3A9805FEA244E59
:10A6F0004FEA264306D4864504DA002B02DB634585
:10A70000C0F29E801EF1010E00F18F807145C0F2F3
:10A710008C80013300F189809A42C0F28680DDF896
:10A7200018B0C846BBF1000F40F3A680249A249BC2
:10A73000D2F80CE09B6822144FEA264CC4F3033095
:10A74000C6F3033100F1E38003F1FF3A524580F292
:10A75000DE80BCF1000FC0F2DA800EF1FF3AD44582
:10A7600080F2D5801BB20CFB0322079D05EB020A89
:10A77000AA5C37F812E0002800F0C0809AF80120A7
:10A7800037F812200B9251B10AEB03021AF803308A
:10A7900037F813300993537837F813300C930B9B29
:10A7A0000C9D4FEA034C0CF0FC6C23F4FC634CEA68
:10A7B000030C0C9B1B0410FB01F203F0FC6325F45B
:10A7C000FC65D2102B43C2EB400A53430AFB0C3307
:10A7D0004FEA0E4C0CF0FC6C2EF4FC6E4CEA0E0EA4
:10A7E000C1F1100CACEB000C02EB4C0C0CFB0E3C62
:10A7F000099B180400F0FC6023F4FC631843C2EBCF
:10A80000410202FB00C2530D520903F4FC6322F41F
:10A81000FC621A43A8F800201F9B1C44209B08F1EF
:10A8200002081E440BF1FF3B7CE71F9B1C44209B4E
:10A830001E44069B013B069309F1020952E720D012
:10A84000069B1F98013B00FB034000143FF567AFD8
:10A8500001398842BFF663AF209901FB03631B14E3
:10A860003FF55DAF013A9342BFF659AFDDF818806E
:10A87000CA46B8F1000F67DC069B23EAE37509EBD3
:10A880004509089B002B40F3D78030EE040A70EE98
:10A89000A40AC6EE807A1C9B31EE051A20EEA77A38
:10A8A000B0EE626A61EE277ABEEEC86A77EE622A7F
:10A8B00016EE104AFEEEC82AB0EE436A37EEC33AEF
:10A8C00012EE902ABEEEC83A92FBF3F313EE102A72
:10A8D0001F931C9B92FBF3F32093089B0F9A013B61
:10A8E000BEEEC86A08931C9B08BF134616EE106A9A
:10A8F0000693B0EE673AF0EE472AE4E600293FF40B
:10A900004EAF1AF8033037F81330099347E712F1C6
:10A91000010A81D45345FFF67FAF1CF1010A3FF5D0
:10A920007BAFD645FFF678AFCDE9022C1BB20FFA0C
:10A930008EF2CDE9040101920093079A10983B46EC
:10A940004146FFF721FE67E7249B079DB3F90830D6
:10A950002214311403FB0121079A0A44695CC4F3F1
:10A96000033EC6F3033037F81110BEF1000F5CD080
:10A9700092F801C037F81C500D9550B102EB030C52
:10A98000D35C37F813300A939CF8013037F8133052
:10A990000E930D9B0E9D1EFB00F24FEA034CD2104E
:10A9A00023F4FC630CF0FC6C4CEA030CC2EB4E038A
:10A9B00011930E9B1B0425F4FC6B03F0FC6343EA2C
:10A9C0000B03119D53434FEA014B05FB0C3C21F453
:10A9D000FC610BF0FC6343EA010BC0F110010A9B20
:10A9E000A1EB0E0E02EB4E0E0EFB0BCC4FEA034B0F
:10A9F00023F4FC6E0BF0FC6B4BEA0E0EC2EB400234
:10AA000002FB0ECC4FEA5C534FEA5C1C03F4FC6380
:10AA10002CF4FC6C43EA0C0C1F9B2AF802CB1C4460
:10AA2000209B08F1FF381E4423E70028B1D0D35CF7
:10AA300037F813300A93ACE713B0BDE8F08F2DE977
:10AA4000F04F0D8887B0EF104FEA252A07F0FC077A
:10AA5000ED000197EDB20295019D0391DDE912062B
:10AA6000BDF940900299BDF944B09DF850409DF861
:10AA700054E09DF858800AF0F80A2D0245EA0A458C
:10AA800006FB09070D43002E02EB070C0595C0F2EB
:10AA9000B680B34540F3B3800028C0F2AE80814554
:10AAA00040F3AB80D75D07EB47071F44421C00F122
:10AAB000A980914540F3A680002C00F0A3809CF86B
:10AAC000015005EB45051D44013600F19F80B3455B
:10AAD00040F39C80BEF1000F00F098800028C0F287
:10AAE0009380814540F390801CF8096006EB460690
:10AAF0001E44013000F18D80814540F38A80002C96
:10AB000000F08780E14499F8012002EB42021344EF
:10AB1000A4B21FFA8EFE04FB0EFB2401CBEB0E1E2B
:10AB2000C4F58079A4EB0B041FFA8EF0A2B2AC78C6
:10AB300097F802C00199A9EB00091FFA89F954435B
:10AB400009FB0C4496F802C000FB0C4493F802C0C9
:10AB50001FFA88FE6FEA08085FFA88F80BFB0C4CB6
:10AB60001AFB08FACCF3072C0CFB0EAC95F801A0ED
:10AB70007C782D783F7802FB0AFA09FB04AA7478E6
:10AB80006A43357800FB04AA09FB07225C781B782E
:10AB900000FB05200BFB04A40BFB030B029B11FB2A
:10ABA00008FA1FFA8CFC13FB08F8CBF3072BC4F34D
:10ABB000072404FB0EA40CF101030BFB0E8E1FFAFD
:10ABC0008EFEA4B203EB1C2C0CF4784304F1010AB2
:10ABD0000EF1010C0CEB1E2C0AEB1424CCF3C42C4C
:10ABE00064094CEA030C04F4FC64039B4CEA040C77
:10ABF000A3F800C007B0BDE8F08F05AF56E705AD7C
:10AC00002F4661E705AD5FE705AE72E705AB1E466F
:10AC10007EE705AB7CE72DE9F04F95B012920993E2
:10AC2000239A9DF89C300F930E91DDE92413139025
:10AC30005068126800FB031302EB43030A93269B40
:10AC40001B680D93269B5C680F9BDB43DBB20434CF
:10AC50000B930E9B002B03DC129B002B40F35582C1
:10AC6000269BB3F90810B3F90C20481E551E099B0A
:10AC7000002B40F3F9801F9E209B36144FEA23439C
:10AC800006D4864204DA002B02DBAB42C0F2ED8030
:10AC9000013600F1DA80B142C0F2D780013300F111
:10ACA000D4809A42C0F2D180099B11930A9B0C93E5
:10ACB000119B002B40F3FA802698209B209AC668AF
:10ACC0001F981D14C2F303311F9B269A0014C3F36F
:10ACD0000333926800F13E81571EB84280F23A81F8
:10ACE000002DC0F23781771EBD4280F2338112B24F
:10ACF00005FB02000D9D15F800A00AEB4A0A2E186C
:10AD000004EB0A05002B00F0178196F801C00CEB4C
:10AD10004C0CA444002900F01781B018B25C4078B4
:10AD200002EB420200EB4000224420449BB289B275
:10AD300003FB01F9C9EB01111B0189B29CF80270F8
:10AD400095F802B00C9E14F80AA0B6F800E0BDF821
:10AD50003C60C3F58078A3EB09039BB2A8EB010824
:10AD60001FFA88F85F4308FB0B7792F802B0109344
:10AD700001FB0B7790F802B00B9B09FB0B774FEAB6
:10AD80002E2B0BF0F80B1BFB03FBC7F3072707FB6E
:10AD900006B7109B95F801B09CF801509CF800C0D4
:10ADA0005D4308FB0B5592F801B00B9B01FB0B5563
:10ADB00090F801B009FB0B554FEAEE0B0BF0FC0BC2
:10ADC0001BFB03FB109B03FB0CF392F800C008FB7A
:10ADD0000A3301FB0C3390F800C04FEACE0E09FB9A
:10ADE0000C3C0B9B5FFA8EFEBFB21EFB03FEC5F34D
:10ADF0000725CCF3072C05FB06B57B1C0CFB06E6F0
:10AE0000ADB2B6B203EB172707F4784305F1010B97
:10AE1000771C07EB16270BEB1525C7F3C4276D0925
:10AE20001F4305F4FC650C9B3D431D800C9B219A40
:10AE300002330C931F9B13441F93229A209B1344AD
:10AE40002093119B013B119332E71F9B219E3344BA
:10AE50001F93229E209B33442093099B013B09931F
:10AE60000A9B02330A9302E727D0099B21981F9D72
:10AE7000013B00FB035000143FF516AF0139884237
:10AE8000BFF612AF2299209801FB03031B143FF574
:10AE90000BAF013A9342BFF607AF099B1193BDF880
:10AEA0003CA00A9B0C93119B002B70DC099B0A9A17
:10AEB00023EAE37302EB43030A930E9B002B40F358
:10AEC000248130EE040AB7EE007AC7EE007A1E9BAA
:10AED00070EEA40A31EE051A20EEA77AF0EE626A4F
:10AEE00061EE277AFEEEC86A77EE622ACDED1F6A20
:10AEF000FEEEC82AF0EE436A37EEC33A12EE902A0D
:10AF0000BEEEC83A92FBF3F313EE102A21931E9B78
:10AF100092FBF3F322930E9B129A013BFEEEC86A5A
:10AF20000E931E9BCDED206A08BF13460993B0EE29
:10AF3000673AF0EE472A8CE649B1B25C02EB420276
:10AF400022442846AC46F1E628462A46EEE6284644
:10AF50002A46F7E7471C3FF569AFBA42FFF666AFEE
:10AF60006F1C3FF563AFBE42FFF660AF0F9F0290CC
:10AF700036B212B2CDE90517CDE90353009201961E
:10AF80002346DDE90C121398FFF759FD4EE7209A8E
:10AF900020981F9D1F9BC2F30331269AB2F9082007
:10AFA0002D14001402FB00500D9D15F80090C3F302
:10AFB000033309EB49092E1804EB0905002B00F0B7
:10AFC0009680777807EB47072744002900F09780A1
:10AFD000B018B25C407802EB420200EB4000224421
:10AFE00020449BB289B203FB01F80C9E95F802B095
:10AFF000B6F800C0BE7814F809901B01C8EB011127
:10B0000089B2C3F5807EA3EB08039BB2AEEB010EC1
:10B010001FFA8EFE5E430EFB0B6692F802B0109391
:10B0200001FB0B6690F802B00B9B08FB0B664FEA26
:10B030002C2B0BF0F80B1BFB03FBC6F3072606FBC0
:10B040000AB6109B95F801B07D783F785D430EFB02
:10B050000B5592F801B00B9B01FB0B5590F801B01A
:10B0600008FB0B554FEAEC0B0BF0FC0B1BFB03FB37
:10B07000109B7B4317780EFB093301FB07330778DE
:10B080004FEACC0C08FB07370B9B5FFA8CFC1CFBD0
:10B0900003FCC5F30725C7F3072705FB0AB507FB24
:10B0A0000AC7B6B2ADB2BFB2731C7A1C05F1010B70
:10B0B00003EB162602EB17220BEB1525C2F3C42275
:10B0C00006F478466D090C9B164305F4FC652E4387
:10B0D00023F8026B219A0C931F9B13441F93229A0F
:10B0E000209B13442093119B013B1193DBE649B154
:10B0F000B25C02EB4202224428462F4671E7284602
:10B100002A466EE728462A46F7E715B0BDE8F08FD5
:10B110002DE9F74F0F88BDF930E0BDF934909DF867
:10B1200040009DF844603C02DDE90EC504F4780B54
:10B130007C0104F47C44FF004BEA0404FFB205FBED
:10B140000ECA2743002D02EB0A0801977EDBA945B2
:10B150007CDDBCF1000F77DBE64575DD12F80A7087
:10B1600007EB47071F441CF1010272D4964570DDBE
:10B1700000286ED098F8014004EB44041C440135CB
:10B180006BD4A94569DD002E67D0BCF1000F62DBEE
:10B19000E64560DD18F80E5005EB45051D441CF131
:10B1A00001025DD496455BDD002859D0C6449EF867
:10B1B000012002EB4202134480B2B2B200FB02F65D
:10B1C0000001C6EB0212C0F58078801B1FFA82FCDA
:10B1D00082B2A07897F802E097F800907F78A8EB09
:10B1E0000C081FFA88F8504308FB0E0EA8780CFBD9
:10B1F00000E093F802E006FB0E0E0EF4784094F89F
:10B2000000E002FB0EFE08FB09E995F800E00CFBEC
:10B210000E9993F800E05B7806FB0E9ECEF3C42EE9
:10B220004EEA000E607850436A7808FB07000CFB7A
:10B23000020206FB03235B0903F4FC634EEA0303EB
:10B240000B8003B0BDE8F08F01AF8CE701AC27465F
:10B2500095E701AC93E701ADA1E701AB1D46ABE774
:10B2600001ABA9E72DE9F04F8FB0DDE919B50C92DC
:10B270001D9A0A910693DDE91E130D90506812681D
:10B2800000FB031302EB43030793209B1B68089307
:10B29000209B5C6804340A9B002B03DC0C9B002B76
:10B2A00040F3D681209BB3F90810B3F90C20481E57
:10B2B000561E069B002B40F3B7805FEA2B474FEAF0
:10B2C000254306D4874204DA002B02DBB342C0F2E6
:10B2D000AC80013700F19D80B942C0F29A80013301
:10B2E00000F197809A42C0F29480069B0B93079BD3
:10B2F00009930B9B002B40F3B5802098209AC768D8
:10B3000092685FEA2B404FEA2546CBF30333C5F33F
:10B31000033100F1FB8002F1FF3C604580F2F680D2
:10B32000002EC0F2F38007F1FF3C664580F2EE800C
:10B3300012B206FB0200089E3718305C00EB400892
:10B3400004EB080C002B00F0D3807E7806EB460659
:10B350002644002900F0D480B818BA5C407802EB8B
:10B36000420200EB4000224420449BB289B203FB1E
:10B3700001F9C9EB01111B0189B2B7789CF802A051
:10B380009CF801C0C3F5807EA3EB09039BB2AEEB32
:10B39000010E1FFA8EFE5F430EFB0A7792F802A0A1
:10B3A00001FB0A7790F802A009FB0A7A14F80870EA
:10B3B00096F80080767803FB08F80EFB078817786C
:10B3C00001FB0788077809FB07870AF4784AC7F367
:10B3D000C42747EA0A07734392F801A00EFB0C3317
:10B3E00001FB0A3190F801A0099B09FB0A1A4FEAF8
:10B3F0005A1A0AF4FC6A47EA0A071F80099B0233BB
:10B4000009931B9B9B441C9B1D440B9B013B0B9373
:10B410006FE71B9B9B441C9B1D44069B013B0693B3
:10B42000079B0233079344E723D0069B1B98013BFD
:10B4300000FB03B000143FF558AF01398842BFF656
:10B4400054AF1C9901FB03531B143FF54EAF013A57
:10B450009342BFF64AAF069B0993079B0B93099B48
:10B46000002B70DC069B079A23EAE37302EB43038D
:10B4700007930A9B002B40F3EB8030EE040AB7EEF3
:10B48000007AC7EE007A189B70EEA40A31EE051A16
:10B4900020EEA77AF0EE626A61EE277AFEEEC86AC5
:10B4A00077EE622A16EE90BAFEEEC82AF0EE436AF4
:10B4B00037EEC33A12EE902ABEEEC83A92FBF3F38F
:10B4C00013EE102A1B93189B92FBF3F31C930A9B19
:10B4D0000C9A013BFEEEC86A0A93189B08BF1346FC
:10B4E00016EE905A0693B0EE673AF0EE472AD2E68F
:10B4F00049B1BA5C02EB420222446046664634E738
:10B500006046624631E760466246F7E710F1010C9B
:10B510003FF574AF6245FFF671AF16F1010C3FF5D0
:10B520006DAF6745FFF66AAF3FB212B2CDE90431A5
:10B53000CDE90206009201972346DDE908210D9826
:10B54000FFF7E6FD5AE7209AB2F908204FEA2B46AA
:10B55000281402FB0060089E16F80080CBF303332A
:10B5600008EB4808C5F30331371804EB080C002B2F
:10B5700060D07E7806EB46062644002962D0B818D3
:10B58000BA5C407802EB420200EB400022442044C7
:10B590009BB289B203FB01F9C9EB01111B0189B20E
:10B5A000B7789CF802A09CF801C0C3F5807EA3EB9D
:10B5B00009039BB2AEEB010E1FFA8EFE5F430EFB3A
:10B5C0000A7792F802A001FB0A7790F802A009FB23
:10B5D0000A7A14F8087096F80080767803FB08F869
:10B5E0000EFB0788177801FB0788077809FB078798
:10B5F0000AF4784A7343C7F3C427567847EA0A0720
:10B600000EFB0C3390F801A001FB063309FB0A3A4C
:10B610004FEA5A1A0B9B0AF4FC6A47EA0A0723F816
:10B62000027B0B931B9B9B441C9B1D44099B013B72
:10B63000099314E749B1BA5C02EB42022244604626
:10B640006646A5E760466246A2E760466246F7E7BF
:10B650000FB0BDE8F08F2DE9F04F85B0DDE9107433
:10B66000BDF938C00291002C04FB0C71BDF93C807F
:10B670009DF848609DF84C0002EB010EC0F222815B
:10B68000A04540F31F81002FC0F21A81BC4540F352
:10B690001781525C53F822507A1C00F116819445B0
:10B6A00040F31381002E00F012819EF8012053F820
:10B6B0002210013400F10F81A04540F30C810028D5
:10B6C00000F00C81002FC0F20481BC4540F30181E1
:10B6D0001EF80C2053F82240013700F10281BC45CE
:10B6E00040F3FF80002E00F0FE80F4449CF801201F
:10B6F00053F82220B6B280B200FB06FECEEB00105B
:10B700003601A6EB0E0780B2C6F580734FEA116AC8
:10B71000BFB21B1A4FEA156B9BB20AFB07F64FEA42
:10B7200014690BFB03664FEA126800FB09660EFB07
:10B730000866C6F307260096002E00F0BE8005F0CE
:10B74000FF1C0BFB0CFC05F47F450BFB05F54FEADA
:10B750001C2B0BF0FF1B0CF1011CDC444FEA1C2CD2
:10B7600001950CF0FF150395019D029E05F5807C67
:10B770000CEB152501F0FF1C0AFB0CFC4FEA152B06
:10B780004FEA1C2505F0FF150CF1011C654404F07F
:10B79000FF1C04F47F4409FB0CFC09FB04F909F5C8
:10B7A000807404EB192902F0FF1408FB04F401F47F
:10B7B0007F4102F47F4208FB02F80AFB01FA220AE9
:10B7C0000AF5807102F0FF1204F1011401EB1A2A4C
:10B7D00014444FEA1C2108F580722D0A02EB182848
:10B7E00005F0FF15039A368801F0FF110CF1011CDA
:10B7F0007D436144240A02FB0355090A04F0FF1447
:10B8000004FB0E5401F0FF1101FB00414FEA1A2A1C
:10B81000090A0AF47F4A01F0FF1407FB0AF74FEA0E
:10B8200018280BF47F4103FB01714FEA192908F432
:10B830007F480EFB081E09F47F4100FB01E19DF8E3
:10B840005000009A87B27A43090A531C01F47F41E1
:10B85000214303EB122335120A0C6FEA1323DBB2E8
:10B8600012FB07F205F0F80505FB0325C1F30724D9
:10B87000F210C8B2F60014FB07F402F0FC02F6B2B4
:10B8800010FB07F002FB0342ADB206FB030399B2C3
:10B8900094B26B1C03EB1525621C4B1C03EB1123AC
:10B8A00002EB142205F47845C3F3C423520902F4D1
:10B8B000FC622B431343029A138005B0BDE8F08F5E
:10B8C0000025E9E600210D46F3E60021F1E63146C8
:10B8D000EFE6002400E7002214460BE70246044688
:10B8E00008E7002206E7324604E72DE9F04F9FB053
:10B8F0001B9209932D9A9DF8C4301C931991DDE990
:10B900002E131D90506812682A9D00FB031302EB52
:10B9100043030C93309B1B681293309B5E68BDF809
:10B9200070300D930436199B002B03DC1B9B002BFE
:10B9300040F38883309BB3F90810B3F90C20481EFC
:10B94000571E099B002B40F39581299C5FEA244CEC
:10B950004FEA254306D4844504DA002B02DBBB42C0
:10B96000C0F289811CF1010C00F177816145C0F2C0
:10B970007481013300F171819A42C0F26E81099B9A
:10B980000C9F1A931A9B002B40F39381299BC3F3BE
:10B990000332309BD3E9020E299B1B144FEA254C3E
:10B9A000C5F3033100F1D68100F1FF38434580F241
:10B9B000D181BCF1000FC0F2CD810EF1FF38C4453A
:10B9C00080F2C88100B20CFB0033129C04EB030828
:10B9D000E35C56F823304FEA136E002A00F0AF8183
:10B9E00098F801C056F82C400E94240E159479B1A5
:10B9F00008EB000C18F8000056F820000A90000E22
:10BA000013909CF8010056F820000F90000E16903D
:10BA100092B289B202FB01F9C9EB01111201A2EB4A
:10BA2000090889B2C2F580721598139C1FFA88F82C
:10BA3000521A92B208FB00F002FB0E0001FB040058
:10BA4000169C09FB0400C0F30720002800F0FA80D0
:10BA5000BEF1FF0F1BD003F0FF1A0EFB0AFA03F42E
:10BA60007F430EFB03FE4FEA1A2303F0FF130AF194
:10BA7000011A0EF5807C53440CEB1E2C1B0A4FEA76
:10BA80001C2C03F0FF130CF47F4C43EA0C03159CB1
:10BA9000FF2C21D00E9C04F0FF1B159C04FB0BFB1C
:10BAA0000E9C04F47F4A159C4FEA1B2E04FB0AFAF5
:10BAB0000EF0FF1E0BF1011B0AF5807CDE440CEB3F
:10BAC0001A2A4FEA1E2E4FEA1A2A0EF0FF1E0AF417
:10BAD0007F4A4EEA0A040E94139CFF2C21D00A9C44
:10BAE00004F0FF1B139C04FB0BFB0A9C04F47F4A2D
:10BAF000139C4FEA1B2E04FB0AFA0EF0FF1E0BF1FB
:10BB0000011B0AF5807CDE440CEB1A2A4FEA1E2E3C
:10BB10004FEA1A2A0EF0FF1E0AF47F4A4EEA0A0480
:10BB20000A94169CFF2C21D00F9C04F0FF1B169C3E
:10BB300004FB0BFB0F9C04F47F4A169C4FEA1B2E60
:10BB400004FB0AFA0EF0FF1E0BF1011B0AF5807CC4
:10BB5000DE440CEB1A2A4FEA1E2E4FEA1A2A0EF088
:10BB6000FF1E0AF47F4A4EEA0A040F940E9C04F06A
:10BB7000FF1C0A9C03F0FF1E08FB0CFC02FB0ECC12
:10BB800004F0FF1E0F9C01FB0ECC04F0FF1E0E9C68
:10BB900009FB0ECC04F47F4E08FB0EF803F47F4340
:10BBA00002FB03830A9A0D9C02F47F4A0F9A01FB61
:10BBB0000A3302F47F410D9A09FB013942434FEAEF
:10BBC0001C2C4FEA19293B88501C0CF0FF1C09F46F
:10BBD0007F494CEA090C00EB122019124FEA1C4273
:10BBE0006FEA1020C0B212FB04F201F0F80101FB71
:10BBF0000021CCF3072EDA105FFA8CFCDB001CFB73
:10BC000004FCDBB289B203FB00C31FFA83FC4B1CAC
:10BC100003EB112102F0FC021EFB04FE0CF10103F8
:10BC200002FB00E203EB1C2392B201F47841C3F360
:10BC3000C4230B43511C01EB1222520902F4FC6293
:10BC400013433B802B9B299A1A442C9B29921D4419
:10BC50001A9B013B02371A9394E62B9B299C1C44A8
:10BC60002C9B29941D44099B013B09930C9B023397
:10BC70000C9366E624D0099B2B98299C013B00FB82
:10BC8000034000143FF57BAE01398842BFF677AE22
:10BC90002C9901FB03531B143FF571AE013A9342FB
:10BCA000BFF66DAEDDF824B0DDF83090BBF1000FCB
:10BCB00070DC099B23EAE3740C9B03EB44030C93B5
:10BCC000199B002B40F3BE8130EE040AB7EE007AD8
:10BCD000C7EE007A289B70EEA40A31EE051A20EE1A
:10BCE000A77AF0EE626A61EE277AFEEEC86A77EE16
:10BCF000622ACDED296AFEEEC82AF0EE436A37EEDD
:10BD0000C33A12EE902ABEEEC83A92FBF3F313EE5A
:10BD1000102A2B93289B92FBF3F32C93199B1B9ACD
:10BD2000013BFEEEC86A1993289B08BF134616EE26
:10BD3000905A0993B0EE673AF0EE472AF3E50029EE
:10BD40003FF466AE18F8000056F820000A90000E86
:10BD500013905DE613F101083FF574AF4045FFF61F
:10BD600071AF1CF101083FF56DAFC645FFF66AAF34
:10BD70001C9C029300B20FFA8EF3CDE90514CDE9B5
:10BD800003C2019300903346129A1D983946FFF77B
:10BD900062FC57E7299B299CC3F30332309BB3F91C
:10BDA000081027142B1401FB0373129CE718E35CA3
:10BDB00056F82330C5F303304FEA136C002A00F025
:10BDC000378197F801E056F82E401094240E17940E
:10BDD00070B107EB010E795C56F821100B91090E3A
:10BDE00014919EF8011056F821101191090E189126
:10BDF00092B280B202FB00F8C8EB00101201A2EB75
:10BE0000080E80B2C2F580721799149C1FFA8EFE3C
:10BE1000121A92B20EFB01F102FB0C1100FB04118D
:10BE2000189C08FB0411C1F30721002900F0F580DC
:10BE3000BCF1FF0F19D003F0FF1A0CFB0AFA03F450
:10BE40007F430CFB03FC4FEA1A2303F0FF130AF1B4
:10BE5000011A0CF58077534407EB1C271B0A3F0A95
:10BE600003F0FF1307F47F473B43179CFF2C20D0C0
:10BE7000109C04F0FF17179C6743109C04F47F4A42
:10BE8000179C4FEA172C04FB0AFA07F101170CF074
:10BE9000FF1CBC440AF5807707EB1A2A4FEA1C2CDA
:10BEA0004FEA1A2A0CF0FF1C0AF47F4A4CEA0A04F3
:10BEB0001094149CFF2C20D00B9C04F0FF17149CB2
:10BEC00067430B9C04F47F4A149C4FEA172C04FB35
:10BED0000AFA07F101170CF0FF1CBC440AF5807741
:10BEE00007EB1A2A4FEA1C2C4FEA1A2A0CF0FF1C07
:10BEF0000AF47F4A4CEA0A040B94189CFF2C20D0C9
:10BF0000119C04F0FF17189C6743119C04F47F4AAE
:10BF1000189C4FEA172C04FB0AFA07F101170CF0E2
:10BF2000FF1CBC440AF5807707EB1A2A4FEA1C2C49
:10BF30004FEA1A2A0CF0FF1C0AF47F4A4CEA0A0462
:10BF40001194109C04F0FF170B9C03F0FF1C0EFBD8
:10BF500007F702FB0C7704F0FF1C119C00FB0C7729
:10BF600004F0FF1C109C08FB0C7704F47F4C0EFBC4
:10BF70000CFE03F47F4302FB03E30B9A0D9C02F4D7
:10BF80007F4A119A00FB0A3302F47F4C08FB0C3CF9
:10BF90000D9BB9F800004B433F0A4FEA1C2C0CF4F0
:10BFA0007F4C591C07F0FF1747EA0C0701EB1321E0
:10BFB00002123B0C6FEA1121C9B213FB04F302F029
:10BFC000F80202FB0132C7F3072CC310FFB2C00016
:10BFD00092B21CFB04FC03F0FC03C0B217FB04F795
:10BFE00003FB01C300FB017002F1010C80B20CEBFA
:10BFF000122202F4784C421C02EB10229BB2C2F3D4
:10C00000C42242EA0C0203F1010C0CEB13235B097E
:10C0100003F4FC631A43A9F800202B9B299A1A44C5
:10C020002C9B299209F102091D440BF1FF3B3DE6CF
:10C0300000283FF4DDAE795C56F821100B91090E13
:10C040001491D5E61FB0BDE8F08F2DE9F04F89B00F
:10C0500001910198BDF948C00088BDF94C809DF858
:10C0600058509DF85C400612DDE9141706F0F806FA
:10C070000296C610C000C0B206F0FC060490002F65
:10C0800007FB0C10039602EB000EC0F20A81B845C4
:10C0900040F307810029C0F202818C4540F3FF8004
:10C0A000125C53F822004A1C00F1FE80944540F3D4
:10C0B000FB80002D00F0FA809EF8012053F82260EA
:10C0C000013700F1F780B84540F3F480002C00F010
:10C0D000F48000290EEB0C02C0F2EA808C4540F39C
:10C0E000E7801EF80C7053F82770013100F1E880EA
:10C0F0008C4540F3E580002D00F0E480527853F841
:10C1000022100B0E4FEA106A0093A4B2ABB200F0FB
:10C11000FF1503FB04F90AFB05F51B01A3EB090E50
:10C12000C3F5807200F47F43280A00F0FF1005F188
:10C13000011505442D0A0AFB03F305F0FF100590D5
:10C1400003F5807000EB13231B0A4FEA166B06936E
:10C1500006F0FF130BFB03F31D0A06F47F464FEABC
:10C1600017680BFB06F603F1011307F0FF1C05F03F
:10C17000FF1507F47F4708FB07F71D4406F580739A
:10C1800003EB162607F5807303EB172308FB0CFC63
:10C190001B0A07934FEA1C200B0E01F0FF175F43A9
:10C1A0000CF1011C00F0FF10C9EB041460444FEACD
:10C1B000172CA4B207F101172D0A01F47F410CF0EE
:10C1C000FF1C1FFA8EFE5943121B059BBC4405F051
:10C1D000FF1592B205FB0EF54FEA1C2C03FB02552E
:10C1E0000CF0FF1C069B01F58077360A000A0CFB59
:10C1F000095500F0FF1007EB112106F47F4600FB04
:10C2000004550EFB06F603F47F40090A079B02FB68
:10C21000006001F47F4109FB010003F47F430EFB42
:10C220000BFE04FB030002FB0AE2009B04FB082454
:10C2300009FB03496FEA2929029B049A5FFA89F9ED
:10C2400003FB09F1039B2D0A000A03FB09F300F429
:10C250007F4005F0FF15054302FB09F9581C4A1CF5
:10C2600000EB132002EB11212B0A2A0C03EB102305
:10C2700002EB1122DB00120202F4784203F4FC63A9
:10C28000134309F1010202EB192905EB1925C5F346
:10C29000C4051D43019B1D8009B0BDE8F08F00203F
:10C2A00001E7002630460BE7002609E72E4607E7A0
:10C2B00000271AE700210F4623E72146274620E7FB
:10C2C00000211EE729461CE72DE9F04F9BB018928C
:10C2D000299A16910793DDE92A131990506812687C
:10C2E000269D00FB031302EB43030A932C9B1B6860
:10C2F0000F932C9B5E680436169B002B03DC189B67
:10C30000002B40F373832C9BB3F90810B3F90C2076
:10C31000481E571E079B002B40F39081259C5FEA27
:10C32000244C4FEA254306D4844504DA002B02DB73
:10C33000BB42C0F284811CF1010C00F172816145A5
:10C34000C0F26F81013300F16C819A42C0F26981C1
:10C35000079B0A9F1793179B002B40F38E81259B09
:10C36000C3F303322C9BD3E9021E259B1B144FEA17
:10C37000254CC5F3033000F1D18101F1FF3843456D
:10C3800080F2CC81BCF1000FC0F2C8810EF1FF3801
:10C39000C44580F2C38109B20CFB01330F9C04EB4E
:10C3A0000308E35C56F823304FEA136E002A00F0CE
:10C3B000AA8198F801C056F82C400B94240E1294D0
:10C3C00078B108EB010C18F8011056F8211008910B
:10C3D000090E10919CF8011056F821100C91090ECD
:10C3E000139192B280B202FB00F9C9EB0010120166
:10C3F000A2EB090880B2C2F580721299109C1FFA54
:10C4000088F8121A92B208FB01F102FB0E1100FB30
:10C410000411139C09FB0411C1F30721002900F04A
:10C42000F580BEF1FF0F1BD003F0FF1A0EFB0AFAD6
:10C4300003F47F430EFB03FE4FEA1A2303F0FF13BE
:10C440000AF1011A0EF5807C53440CEB1E2C1B0ADA
:10C450004FEA1C2C03F0FF130CF47F4C43EA0C034F
:10C46000129CFF2C21D00B9C04F0FF1B129C04FBA0
:10C470000BFB0B9C04F47F4A129C4FEA1B2E04FB1F
:10C480000AFA0EF0FF1E0BF1011B0AF5807CDE4458
:10C490000CEB1A2A4FEA1E2E4FEA1A2A0EF0FF1E44
:10C4A0000AF47F4A4EEA0A040B94109CFF2C21D018
:10C4B000089C04F0FF1B109C04FB0BFB089C04F47D
:10C4C0007F4A109C4FEA1B2E04FB0AFA0EF0FF1E57
:10C4D0000BF1011B0AF5807CDE440CEB1A2A4FEAB3
:10C4E0001E2E4FEA1A2A0EF0FF1E0AF47F4A4EEA69
:10C4F0000A040894139CFF2C21D00C9C04F0FF1B11
:10C50000139C04FB0BFB0C9C04F47F4A139C4FEA26
:10C510001B2E04FB0AFA0EF0FF1E0BF1011B0AF59D
:10C52000807CDE440CEB1A2A4FEA1E2E4FEA1A2AB0
:10C530000EF0FF1E0AF47F4A4EEA0A040C940B9C8C
:10C5400004F0FF1C089C03F0FF1E08FB0CFC02FB20
:10C550000ECC04F0FF1E0C9C00FB0ECC04F0FF1E62
:10C560000B9C09FB0ECC04F47F4E08FB0EF803F481
:10C570007F4302FB0383089AB7F8008002F47F4AE6
:10C580000C9A00FB0A3302F47F4009FB0039C943CF
:10C590004FEA28225FFA81FE4FEA1C2C4FEA192944
:10C5A00002F0F80202FB0EF20CF0FF1C09F47F49C6
:10C5B0004CEA090C531C03EB12224FEAE8004FEA45
:10C5C0001C4303EB122300F0FC00634A00FB0EF057
:10C5D000DBB202EA0322431C03EB10204FEA1C23C8
:10C5E0004FEAC80103EB1023C9B2DB0001FB0EF1D7
:10C5F00003F4FC6313434A1C02EB11210CEB112CD6
:10C60000CCF3C40C4CEA030CA7F800C0279B259A76
:10C610001A44289B25921D44179B013B0237179310
:10C6200099E6279B259C1C44289B25941D44079B29
:10C63000013B07930A9B02330A936BE624D0079BC6
:10C640002798259C013B00FB034000143FF580AE7A
:10C6500001398842BFF67CAE289901FB03531B14B5
:10C660003FF576AE013A9342BFF672AEDDF81CB0EC
:10C67000DDF82890BBF1000F70DC079B23EAE37420
:10C680000A9B03EB44030A93169B002B40F3AE81F5
:10C6900030EE040AB7EE007AC7EE007A249B70EE03
:10C6A000A40A31EE051A20EEA77AF0EE626A61EE76
:10C6B000277AFEEEC86A77EE622ACDED256AFEEE95
:10C6C000C82AF0EE436A37EEC33A12EE902ABEEE65
:10C6D000C83A92FBF3F313EE102A2793249B92FBA4
:10C6E000F3F32893169B189A013BFEEEC86A169343
:10C6F000249B08BF134616EE905A0793B0EE673A94
:10C70000F0EE472AF8E500283FF46BAE18F8011068
:10C7100056F821100891090E109162E613F10108F4
:10C720003FF574AF4145FFF671AF1CF101083FF5CD
:10C730006DAFC645FFF66AAFCDE9023C09B20FFA0C
:10C740008EF3CDE904200193009133460F9A199896
:10C750003946FFF77AFC59E700F8FFFF259B259C37
:10C76000C3F303322C9BB3F9081027142B1401FBDD
:10C7700003730F9CE718E35C56F82330C5F30330CE
:10C780004FEA136C002A00F0278197F801E056F871
:10C790002E400D94240E149470B107EB010E795CB9
:10C7A00056F821100991090E11919EF8011056F8C2
:10C7B00021100E91090E159192B280B202FB00F881
:10C7C000C8EB00101201A2EB080E80B2C2F5807116
:10C7D000149A119C1FFA8EFE091A89B20EFB02F2FE
:10C7E00001FB0C2200FB0422159C08FB0422C2F36F
:10C7F0000722002A00F0E580BCF1FF0F19D003F0FA
:10C80000FF1A0CFB0AFA03F47F430CFB03FC4FEA0C
:10C810001A2303F0FF130AF1011A0CF58077534431
:10C8200007EB1C271B0A3F0A03F0FF1307F47F479F
:10C830003B43149CFF2C20D00D9C04F0FF17149C4C
:10C8400067430D9C04F47F4A149C4FEA172C04FBA9
:10C850000AFA07F101170CF0FF1CBC440AF58077B7
:10C8600007EB1A2A4FEA1C2C4FEA1A2A0CF0FF1C7D
:10C870000AF47F4A4CEA0A040D94119CFF2C20D044
:10C88000099C04F0FF17119C6743099C04F47F4A3C
:10C89000119C4FEA172C04FB0AFA07F101170CF060
:10C8A000FF1CBC440AF5807707EB1A2A4FEA1C2CC0
:10C8B0004FEA1A2A0CF0FF1C0AF47F4A4CEA0A04D9
:10C8C0000994159CFF2C20D00E9C04F0FF17159C9A
:10C8D00067430E9C04F47F4A159C4FEA172C04FB17
:10C8E0000AFA07F101170CF0FF1CBC440AF5807727
:10C8F00007EB1A2A4FEA1C2C4FEA1A2A0CF0FF1CED
:10C900000AF47F4A4CEA0A040E940D9C04F0FF17C7
:10C91000099C03F0FF1C0EFB07F701FB0C7704F0EA
:10C92000FF1C0E9C00FB0C7704F0FF1C0D9C08FB09
:10C930000C7704F47F4C0EFB0CFE03F47F4301FBE9
:10C9400003E3099901F47F4A0E9900FB0A3301F4CD
:10C950007F4C08FB0C3CB9F80030D2431812D2B21D
:10C96000D9103F0A4FEA1C2C00F0F800DB005043BE
:10C9700007F0FF170CF47F4C01F0FC01DBB247EA33
:10C980000C0751435343421C02EB10203A0C02EBBC
:10C990001020184AC0B202EA00204A1C02EB112102
:10C9A0003A0A02EB1121C90001F4FC610143581C51
:10C9B00000EB132007EB1027C7F3C4000843A9F8C6
:10C9C0000000279B259A1A44289B259209F1020909
:10C9D0001D440BF1FF3B4DE600283FF4EDAE795CC2
:10C9E00056F821100991090E1191E5E61BB0BDE83A
:10C9F000F08F00BF00F8FFFF2DE9F04F85B0DDE9B3
:10CA00001070BDF93860039100FB067402EB440519
:10CA10000028BDF93CB09DF848109DF84CE0019508
:10CA200003EB0409C0F25081834540F34D81002F90
:10CA3000C0F24681BE4240F3438113F804C032F88D
:10CA400014304FEAEC0223F4FC65554303F4FC6315
:10CA50004FF61F040CFB03F204EA551305F601051B
:10CA60001D4402F1200303EB12231B0A04EA5514B0
:10CA700003F4FC631C437B1C00F12B819E4240F3BA
:10CA80002881002900F02881019A99F80130558801
:10CA90004FEAE30825F4FC6208FB02F805F4FC65A4
:10CAA0004FF61F0202EA581A5D4308F60108D04407
:10CAB00005F1200A0AEB15252D0A02EA581205F4A1
:10CAC000FC652A43013000F10D81834540F30A8162
:10CAD000BEF1000F00F00B81002FC0F20081BE42BA
:10CAE00040F3FD80019819F8065030F816804FEA9F
:10CAF000E50A28F4FC600AFB00FA4FF61F0B08F465
:10CB0000FC680BEA5A1005FB08F80AF6010A824491
:10CB100008F1200000EB1820000A0BEA5A1B00F471
:10CB2000FC604BEA000B013700F1E680BE4240F3A7
:10CB3000E380002900F0E3800136019819F80670BF
:10CB400030F816004FEAE70920F4FC6600F4FC60B8
:10CB500009FB06F907FB00F84FF61F0000EA591A17
:10CB600009F60109D14400EA591608F1200000EB4A
:10CB70001820000A00F4FC6030438EB21FFA8EF9D0
:10CB800006FB09F84FEA044AC8EB091936010AF016
:10CB9000FC6A24F4FC6401964AEA04041FFA89F64C
:10CBA0004FEA024A11FB0EF9C9F3C70902960AF0CF
:10CBB000FC6A264622F4FC62CEF11004641A4AEAAA
:10CBC0000202C9EB41014FEA004A4A4309EB44041F
:10CBD0000AF0FC6A20F4FC6004FB06244AEA000028
:10CBE00009FB00424FEA0B4404F0FC642BF4FC6B9D
:10CBF00044EA0B0B019C029E0399C4F58074A41BAC
:10CC0000019E08889DF85010A6EB0806B6B2A4B2A3
:10CC100073430CFB0433029C04FB053508FB0757E8
:10CC2000C9EB4E0E89B20EFB0B2EC7F307274F43FD
:10CC30004FEA5E524FEA5E1E02F4FC627B1C2EF449
:10CC4000FC6E42EA0E0E03EB17271FFA8EF2031258
:10CC50006FEA1727FFB2151203F0F80313FB07F36F
:10CC600005F0F80505FB0135C310D41003F0FC03F3
:10CC700013FB07F304F0FC0404FB0134C300D200EF
:10CC8000DBB213FB07F3D2B202FB0131ADB289B2C2
:10CC9000A4B26B1C03EB1525621C4B1C03EB112388
:10CCA00002EB142405F47845C3F3C42364092B4331
:10CCB00004F4FC64039A2343138005B0BDE8F08FAD
:10CCC0004FF0000C6446D6E600239C461A461C46EC
:10CCD000F8E600231A46F5E60B460A46F2E600257A
:10CCE000AB4620E700273D463846BB4645E777463A
:10CCF00075467046F34640E7002738463DE70F4645
:10CD000008463AE72DE9F04F97B014920893259A18
:10CD10009DF8A43012931191DDE926131590506807
:10CD2000126800FB031302EB43030993289B1B6863
:10CD30000B93289B5B680C93BDF848300A93119BBA
:10CD4000002B03DC149B002B40F3CB83289BB3F90F
:10CD50000810B3F90C20481E551E089B002B40F309
:10CD6000A381219E229B36144FEA234306D4864298
:10CD700004DA002B02DBAB42C0F29781013600F1EE
:10CD80008481B142C0F28181013300F17E819A42F7
:10CD9000C0F27B81089B099F13934FF61F06139BDC
:10CDA000002B40F3A481229B219D1814219BC3F3E7
:10CDB0000331229BC3F3033C289B2D14D3E90223A8
:10CDC00000F1F88102F1FF3E754580F2F381002801
:10CDD000C0F2F08103F1FF3E704580F2EB810C9BC5
:10CDE00012B200FB02501FFA81FE03EB000A4FEA69
:10CDF0000E1513F800909AF80180C5F580739BB268
:10CE0000BCF1000F00F0B9811AF802400D940AEB52
:10CE1000020B1FFA8CFA0AFB0EFECEEB0A1A1FFA5F
:10CE20008AFAA5EB0E059BF801400E94A3EB0A03CA
:10CE3000ADB20D9C9BB208FB05F509FB03530AFB41
:10CE400004330E9C0EFB0433C3F30723002B00F0C6
:10CE50000F810B9CB9F1FF0F04EB400534F8100073
:10CE600000F0908120F4FC6E4FEAE90A00F4FC60C7
:10CE700009FB00F00AFB0EFE06EA5E1900F1200B2A
:10CE80000EF6010ECE440BEB10294FEA192906EAE3
:10CE90005E1E09F4FC694EEA0909B8F1FF0F6888C3
:10CEA00019D020F4FC6E4FEAE80A00F4FC6008FB9D
:10CEB00000F80AFB0EFE06EA5E1008F1200B0EF6E3
:10CEC000010E86440BEB1820000A06EA5E1E00F4F1
:10CED000FC604EEA00004FEA094E4FEA004A0EF0AD
:10CEE000FC6E29F4FC690AF0FC6A20F4FC604EEA4E
:10CEF00009094AEA0000BCF1000F00F0458102F187
:10CF00000042013A52000D9C0232FF2C05EB020E4A
:10CF1000AA5A18D022F4FC6502F4FC6204FB02FA5F
:10CF20004FEAE40808FB05F80AF1200506EA581262
:10CF300005EB1A2508F6010842442D0A06EA5212AA
:10CF400005F4FC652A430E9CBEF80250FF2C1AD053
:10CF500025F4FC6E05F4FC6504FB05FA4FEAE408D1
:10CF600008FB0EF80AF1200E06EA58150EEB1A2EF1
:10CF700008F6010845444FEA1E2E06EA55150EF440
:10CF8000FC6E45EA0E051CFB01FE4FEAEE0ECCF1ED
:10CF90001008A8EB01084FEA024ACEEB41010EEB64
:10CFA00048084FEA054B41430AF0FC6A22F4FC6250
:10CFB0004AEA0202CEEB4C0C09FB08110BF0FC6BA9
:10CFC00025F4FC650CFB02114BEA05050EFB051E62
:10CFD0004FEA5E524FEA5E1E02F4FC622EF4FC6ED3
:10CFE00042EA0E0E1FFA8EF2FF2B03D11299FF298F
:10CFF00000F0DE800A9938880A9C4B4303F1010C4B
:10D000000CEB23236FEA23235FFA83FC0312151230
:10D0100003F0F80313FB0CF305F0F80505FB0135ED
:10D02000C310D11003F0FC0313FB0CF301F0FC015F
:10D0300001FB0431C300D200DBB2D2B213FB0CF30C
:10D04000ADB202FB04339AB26B1C89B203EB152517
:10D05000531C03EB12234A1C02EB112105F4784503
:10D06000C3F3C42349092B4301F4FC610B433B8008
:10D07000219B239A13442193229A249B1A44139BA5
:10D080002292013B0237139389E6219B239E229C27
:10D0900033442193249B1C44089B2294013B089316
:10D0A000099B0233099358E628D0089B2398219DB9
:10D0B000013B00FB035000143FF56CAE0139884280
:10D0C000BFF668AE2499229801FB03031B143FF5B9
:10D0D00061AE013A9342BFF65DAE089BDDF824E0F5
:10D0E00013934FF61F06139B002B00F38280089BBF
:10D0F00023EAE374099B03EB44030993119B002B80
:10D1000040F3EF8130EE040AB7EE007AC7EE007A02
:10D11000209B70EEA40A31EE051A20EEA77AF0EEFD
:10D12000626A61EE277AFEEEC86A77EE622ACDED7A
:10D13000216AFEEEC82AF0EE436A37EEC33A12EED9
:10D14000902ABEEEC83A92FBF3F313EE102A239313
:10D15000209B92FBF3F32493119B149A013BFEEE68
:10D16000C86A1193209BCDED226A08BF134608932D
:10D17000B0EE673AF0EE472AE1E508FB05F509FB5A
:10D18000035361E6814688E6C1F11002414309FB81
:10D1900002194FEA49094FEA59524FEA591902F464
:10D1A000FC6229F4FC6942EA09091FFA89F21BE7CB
:10D1B0003A805DE715F1010E3FF55AAF7245FFF673
:10D1C00057AF10F1010E3FF553AF7345FFF650AF67
:10D1D000129C02951BB212B2CDE903010193009299
:10D1E000CDE905C4DDE90B2339461598FFF704FCAA
:10D1F0003EE7219BC3F30332229BC3F30335289BF5
:10D20000B3F90810229B1F14219B1B1401FB073745
:10D210000C9B1FFA82FC03EB070A4FEA0C1013F871
:10D2200007909AF80180C0F580739BB2002D00F042
:10D230003D811AF801400F940AEB010B1FFA85FAA1
:10D240000AFB0CFCCCEB0A1A1FFA8AFAA0EB0C00C2
:10D25000A3EB0A0380B208FB00F09BB209FB0303B7
:10D260000F989BF8014010940AFB00330CFB043329
:10D27000C3F30723002B00F00B810B980B9CB9F133
:10D28000FF0F00EB470034F8177000F0148127F40B
:10D29000FC6C4FEAE90A07F4FC6709FB07F70AFB95
:10D2A0000CFC06EA5C1907F1200B0CF6010CCC44CF
:10D2B0000BEB17294FEA192906EA5C1C09F4FC69F3
:10D2C0004CEA0909B8F1FF0F478819D027F4FC6C24
:10D2D0004FEAE80A07F4FC6708FB07F80AFB0CFCB6
:10D2E00006EA5C1708F1200B0CF6010CBC440BEBB2
:10D2F00018273F0A06EA5C1C07F4FC674CEA07079C
:10D300004FEA094C4FEA074A0CF0FC6C29F4FC691F
:10D310000AF0FC6A27F4FC674CEA09094AEA0707A5
:10D32000002D00F0CA8001F10041013949000231AD
:10D3300000EB010C415A0F98FF2819D00F9C21F4E3
:10D34000FC6001F4FC6104FB01FA4FEAE40808FB0D
:10D3500000F80AF1200006EA581100EB1A2008F63E
:10D3600001084144000A06EA511100F4FC6001433F
:10D37000109CBCF80200FF2C1AD020F4FC6C00F4C6
:10D38000FC6004FB00FA4FEAE40808FB0CF80AF121
:10D39000200C06EA58100CEB1A2C08F60108404441
:10D3A0004FEA1C2C06EA50100CF4FC6C40EA0C000E
:10D3B00015FB02FC4FEAEC0CC5F11008A8EB0208C3
:10D3C0004FEA014ACCEB42027A434FEA004B0CEBA6
:10D3D00048080AF0FC6A21F4FC6109FB08224AEAC9
:10D3E0000101CCEB45050BF0FC6B20F4FC6005FB68
:10D3F00001224BEA00000CFB0022570D520907F4F2
:10D40000FC6722F4FC623A43FF2B92B202D11299DC
:10D41000FF2963D00A98BEF800100A9C4343581CA9
:10D4200000EB23236FEA23230812DBB2151200F06E
:10D43000F80010FB03F0CF1005F0F805C90005FB5C
:10D440000405C9B2D010D20011FB03F1D2B207F02B
:10D45000FC0702FB041217FB03F7ADB292B200F017
:10D46000FC0000FB04706B1C571C03EB152507EB3D
:10D47000122780B2C7F3C42705F478453D43471C03
:10D4800007EB10277F0907F4FC673D43AEF8005017
:10D49000219B239A13442193229A249B1A44139B81
:10D4A0002292013B0EF1020E13931CE608FB00F0E2
:10D4B00009FB0303DCE6B94604E7C2F110017A4335
:10D4C00009FB01294FEA49094FEA59504FEA59121D
:10D4D00000F4FC6022F4FC62024395E7AEF8002001
:10D4E000D6E717B0BDE8F08F2DE9F04F85B0DDE944
:10D4F0001070BDF93860039100FB067403EB44051E
:10D500000028BDF93CB09DF848109DF84CE001950D
:10D5100002EB0409C0F24181834540F33E81002FB4
:10D52000C0F23781BE4240F3348112F804C033F8B0
:10D5300014304FEAEC0223F4FC65554303F4FC631A
:10D540004FF61F040CFB03F204EA551305F6010520
:10D550001D4402F1200303EB12231B0A04EA5514B5
:10D5600003F4FC631C437B1C00F11C819E4240F3CE
:10D570001981002900F01981019A99F80130558824
:10D580004FEAE30825F4FC6208FB02F805F4FC65A9
:10D590004FF61F0202EA581A5D4308F60108D0440C
:10D5A00005F1200A0AEB15252D0A02EA581205F4A6
:10D5B000FC652A43013000F1FE80834540F3FB8087
:10D5C000BEF1000F00F0FC80002FC0F2F180BE42DF
:10D5D00040F3EE80019819F8065030F816804FEAB3
:10D5E000E50A28F4FC600AFB00FA4FF61F0B08F46A
:10D5F000FC680BEA5A1005FB08F80AF6010A824497
:10D6000008F1200000EB1820000A0BEA5A1B00F476
:10D61000FC604BEA000B013700F1D780BE4240F3BB
:10D62000D480002900F0D4800136019819F80670E2
:10D6300030F816004FEAE70920F4FC6600F4FC60BD
:10D6400009FB06F907FB00F84FF61F0000EA591A1C
:10D6500009F60109D14400EA591608F1200000EB4F
:10D660001820000A00F4FC6030438EB21FFA8EF9D5
:10D6700006FB09F84FEA044AC8EB091936010AF01B
:10D68000FC6A24F4FC6401964AEA04041FFA89F651
:10D690004FEA024A11FB0EF9C9F3C70902960AF0D4
:10D6A000FC6A264622F4FC62CEF11004641A4AEAAF
:10D6B0000202C9EB41014FEA004A4A4309EB440424
:10D6C0000AF0FC6A20F4FC6004FB06244AEA00002D
:10D6D00009FB00424FEA0B4404F0FC6401980399F3
:10D6E0002BF4FC6B44EA0B0B029C0988C0F580709C
:10D6F000001B019CA4EB0806B6B280B273430CFB7E
:10D7000000330298C9EB4E0E00FB05350EFB0B2EC5
:10D7100008FB07574FEA5E520B124FEA5E1E6FEA94
:10D720002727FFB202F4FC62C8102EF4FC6E03F04F
:10D73000F803C9007B4342EA0E0EC9B200F0FC00B8
:10D740001FFA8EF278434F43591C01EB1321131239
:10D7500023F0070303EB1123411C01EB1020D11030
:10D7600021F0030101EB10211B02C90001F4FC614F
:10D7700003F478430B43791C01EB1727D20002EB2B
:10D780001722C2F3C4021A43039B1A8005B0BDE8F6
:10D79000F08F4FF0000C6446E5E600239C461A46E5
:10D7A0001C4607E700231A4604E70B460A4601E732
:10D7B0000025AB462FE700273D463846BB4654E7D9
:10D7C000774675467046F3464FE7002738464CE7E4
:10D7D0000F46084649E700002DE9F04F93B010923C
:10D7E000219A0E910693DDE9221311905068126878
:10D7F00000FB031302EB43030793249B1B6808936E
:10D80000249B5B6809930E9B002B03DC109B002B71
:10D8100040F3B483249BB3F90810B3F90C20481EDD
:10D82000551E069B002B40F363811D9E1E9B3614E4
:10D830004FEA234306D4864204DA002B02DBAB42D4
:10D84000C0F25781013600F14481B142C0F24181FA
:10D85000013300F13E819A42C0F23B81069B079F53
:10D860000F934FF61F060F9B002B40F364811E9B06
:10D870001D9D18141D9BC3F303311E9BC3F3033C72
:10D88000249B2D14D3E9022300F1EE8102F1FF3E27
:10D89000754580F2E9810028C0F2E68103F1FF3E80
:10D8A000704580F2E181099B12B200FB02501FFA21
:10D8B00081FE03EB000A4FEA0E1513F800909AF868
:10D8C0000180C5F580739BB2BCF1000F00F0798137
:10D8D0001AF802400A940AEB020B1FFA8CFA0AFBB0
:10D8E0000EFECEEB0A1A1FFA8AFAA5EB0E059BF87C
:10D8F00001400B94A3EB0A03ADB20A9C9BB208FB58
:10D9000005F509FB03530AFB04330B9C0EFB0433A0
:10D91000C3F30723002B00F0CF80089CB9F1FF0F61
:10D9200004EB400534F8100000F0508120F4FC6E48
:10D930004FEAE90A00F4FC6009FB00F00AFB0EFE66
:10D9400006EA5E1900F1200B0EF6010ECE440BEB39
:10D9500010294FEA192906EA5E1E09F4FC694EEA0D
:10D960000909B8F1FF0F688819D020F4FC6E4FEA5E
:10D97000E80A00F4FC6008FB00F80AFB0EFE06EA69
:10D980005E1008F1200B0EF6010E86440BEB1820FA
:10D99000000A06EA5E1E00F4FC604EEA00004FEA50
:10D9A000094E4FEA004A0EF0FC6E29F4FC690AF0B9
:10D9B000FC6A20F4FC604EEA09094AEA0000BCF166
:10D9C000000F00F0058102F10042013A52000A9C6A
:10D9D0000232FF2C05EB020EAA5A18D022F4FC6585
:10D9E00002F4FC6204FB02FA4FEAE40808FB05F8C3
:10D9F0000AF1200506EA581205EB1A2508F6010877
:10DA000042442D0A06EA521205F4FC652A430B9C97
:10DA1000BEF80250FF2C1AD025F4FC6E05F4FC650C
:10DA200004FB05FA4FEAE40808FB0EF80AF1200EA1
:10DA300006EA58150EEB1A2E08F6010845444FEA7F
:10DA40001E2E06EA55150EF4FC6E45EA0E051CFB6B
:10DA500001FE4FEAEE0ECCF11008A8EB01084FEAE8
:10DA6000024ACEEB41010EEB48084FEA054B414319
:10DA70000AF0FC6A22F4FC624AEA0202CEEB4C0C89
:10DA800009FB08110BF0FC6B25F4FC650CFB021183
:10DA90004BEA05050EFB051E4FEA5E524FEA5E1E7D
:10DAA00002F4FC622EF4FC6E42EA0E0E1FFA8EF2B5
:10DAB000FF2B40F0A1803A801D9B1F9A13441D93B9
:10DAC0001E9A209B1A440F9B1E92013B02370F9314
:10DAD000C9E61D9B1F9E1E9C33441D93209B1C4426
:10DAE000069B1E94013B0693079B0233079398E61F
:10DAF00028D0069B1F981D9D013B00FB035000147E
:10DB00003FF5ACAE01398842BFF6A8AE20991E9809
:10DB100001FB03031B143FF5A1AE013A9342BFF68C
:10DB20009DAE069BDDF81CE00F934FF61F060F9B82
:10DB3000002B00F3B680069B23EAE374079B03EBFC
:10DB4000440307930E9B002B40F3188230EE040A27
:10DB5000B7EE007AC7EE007A1C9B70EEA40A31EE95
:10DB6000051A20EEA77AF0EE626A61EE277AFEEEE1
:10DB7000C86A77EE622ACDED1D6AFEEEC82AF0EE85
:10DB8000436A37EEC33A12EE902ABEEEC83A92FBD1
:10DB9000F3F313EE102A1F931C9B92FBF3F32093D5
:10DBA0000E9B109A013BFEEEC86A0E931C9BCDEDB6
:10DBB0001E6A08BF13460693B0EE673AF0EE472A96
:10DBC00021E608FB05F509FB0353A1E68146C8E6FB
:10DBD000C1F11002414309FB02194FEA49094FEA1A
:10DBE00059524FEA591902F4FC6229F4FC6942EADD
:10DBF00009091FFA89F25BE7B7F800C0DB434FEA77
:10DC00002C205FFA83FE00F0F80000FB0EF0411CB0
:10DC100001EB102011124FEAEC0521F0070101EB96
:10DC2000102105F0FC05D74805FB0EF5C9B200EA46
:10DC30000120691C01EB1525D11021F003014FEAE9
:10DC4000CC0301EB1521DBB2C90003FB0EF301F499
:10DC5000FC610143581C00EB1323D20002EB13229A
:10DC6000C2F3C4020A4326E715F1010E3FF524AFC3
:10DC70007245FFF621AF10F1010E3FF51DAF734560
:10DC8000FFF61AAF1BB212B2CDE9041CCDE9025067
:10DC9000019300923946DDE908321198FFF724FC20
:10DCA0000AE71D9BC3F303321E9BC3F30335249B7A
:10DCB000B3F908101E9B1F141D9B1B1401FB073793
:10DCC000099B1FFA82FC03EB070A4FEA0C1013F8BA
:10DCD00007909AF80180C0F580739BB2002D00F088
:10DCE000FE801AF801400C940AEB010B1FFA85FA2A
:10DCF0000AFB0CFCCCEB0A1A1FFA8AFAA0EB0C0008
:10DD0000A3EB0A0380B208FB00F09BB209FB0303FC
:10DD10000C989BF801400D940AFB00330CFB043374
:10DD2000C3F30723002B00F0CC800898089CB9F1BE
:10DD3000FF0F00EB470034F8177000F0D58027F490
:10DD4000FC6C4FEAE90A07F4FC6709FB07F70AFBDA
:10DD50000CFC06EA5C1907F1200B0CF6010CCC4414
:10DD60000BEB17294FEA192906EA5C1C09F4FC6938
:10DD70004CEA0909B8F1FF0F478819D027F4FC6C69
:10DD80004FEAE80A07F4FC6708FB07F80AFB0CFCFB
:10DD900006EA5C1708F1200B0CF6010CBC440BEBF7
:10DDA00018273F0A06EA5C1C07F4FC674CEA0707E1
:10DDB0004FEA094C4FEA074A0CF0FC6C29F4FC6965
:10DDC0000AF0FC6A27F4FC674CEA09094AEA0707EB
:10DDD000002D00F08B8001F1004101394900023132
:10DDE00000EB010C415A0C98FF2819D00C9C21F42F
:10DDF000FC6001F4FC6104FB01FA4FEAE40808FB53
:10DE000000F80AF1200006EA581100EB1A2008F683
:10DE100001084144000A06EA511100F4FC60014384
:10DE20000D9CBCF80200FF2C1AD020F4FC6C00F40E
:10DE3000FC6004FB00FA4FEAE40808FB0CF80AF166
:10DE4000200C06EA58100CEB1A2C08F60108404486
:10DE50004FEA1C2C06EA50100CF4FC6C40EA0C0053
:10DE600015FB02FC4FEAEC0CC5F11008A8EB020808
:10DE70004FEA014ACCEB42027A434FEA004B0CEBEB
:10DE800048080AF0FC6A21F4FC6109FB08224AEA0E
:10DE90000101CCEB45050BF0FC6B20F4FC6005FBAD
:10DEA00001224BEA00000CFB0022570D520907F437
:10DEB000FC6722F4FC623A43FF2B92B227D1AEF802
:10DEC00000201D9B1F9A13441D931E9A209B1A44E9
:10DED0000F9B1E92013B0EF1020E0F9327E608FBEB
:10DEE00000F009FB03031BE7B94643E7C2F1100149
:10DEF0007A4309FB01294FEA49094FEA59504FEA91
:10DF0000591200F4FC6022F4FC620243D4E7BEF82C
:10DF100000701C4CDB4338125FFA83FC00F0F80001
:10DF2000FD1000FB0CF005F0FC0505FB0CF1451C99
:10DF300005EB1020151225F0070505EB10204D1CF0
:10DF400005EB1125D11021F00301FB0001EB152198
:10DF5000DBB2C0B2C90003FB0CF301F4FC6104EABC
:10DF600000200843591C01EB1323D20002EB1323BA
:10DF7000C3F3C4031843AEF80000A2E713B0BDE832
:10DF8000F08F00BF00F8FFFF2DE9F047DDE90945FC
:10DF900005FB034C002DBDF920A09DF82C909DF8A9
:10DFA00030709DF83460088802EB4C0EC0F2A780F8
:10DFB000AA4540F3A480002CC0F29F80A34240F306
:10DFC0009C8032F81C80621C00F19C80934240F3DC
:10DFD0009980B9F1000F00F09580BEF802C00135BC
:10DFE00000F19480AA4540F39180002F00F08E80CC
:10DFF000002CC0F28980A34240F386803EF8135083
:10E00000013400F18680A34240F38380B9F1000F10
:10E010007FD001333EF813304FEA084404F0FC642B
:10E0200028F4FC6819FB07FE44EA08084FEA0C4490
:10E03000CEF3C70EC7F1100204F0FC642CF4FC6CA4
:10E0400044EA0C0CA2EB0902CEEB49040EEB4202AF
:10E0500004FB0CF402FB08481A0402F0FC6223F4EF
:10E06000FC6313432A0402F0FC6225F4FC650EFBFA
:10E0700003832A43CEEB470707FB0232530D5209B5
:10E0800003F4FC6322F4FC621A4393B2B4B20212AA
:10E09000F643F6B21D1202F0F80212FB06F2C710A8
:10E0A00005F0F805C00005FB0425C0B2DA10DB005E
:10E0B000DBB207F0FC0710FB06F0ADB203FB040077
:10E0C00002F0FC0217FB06F780B26B1C02FB047225
:10E0D00092B203EB1525431C03EB1023501C00EBFD
:10E0E000122205F47845C3F3C42352092B4302F4EA
:10E0F000FC6213430B80BDE8F087804663E78446EB
:10E1000080466CE784466AE7054679E7034605469C
:10E1100082E7034680E72DE9F04F93B01D46109249
:10E12000219B9DF894200B92DDE922270A915968E2
:10E130001B68119001FB072703EB47030793249B00
:10E140001B6809930B9BDDE91D46DB43DBB208939B
:10E150000A9B002B03DC109B002B40F30382249BC3
:10E16000B3F90810B3F90C20481E02F1FF3C002D52
:10E1700040F3DA805FEA244E4FEA264306D4864510
:10E1800004DA002B02DB6345C0F2CF801EF1010EE2
:10E1900000F1C1807145C0F2BE80013300F1BB8047
:10E1A0009A42C0F2B880DDF81C80A946B9F1000F90
:10E1B00040F3D880249B21144FEA2640C4F3033255
:10E1C000C6F3033CD3E902E300F111810EF1FF3AFB
:10E1D000514580F20C810028C0F2098103F1FF3A19
:10E1E000504580F204810FFA8EF300FB0311099869
:10E1F00000EB410A30F811E0BAF80210BCF1000F50
:10E2000007D05B000AEB03003AF803300C93438815
:10E210000D934FEA0E4012FB0CF32EF4FC6E4FEA06
:10E22000014A00F0FC60DB1040EA0E000AF0FC6AD4
:10E23000CCF1100E21F4FC61AEEB020E4AEA0101B2
:10E24000C3EB420251430D9A089F03EB4E0E0EFBA7
:10E25000001E100400F0FC6022F4FC6210430C9AD3
:10E260000C99120403FB00E002F0FC6221F4FC6E46
:10E2700042EA0E02C3EB4C0303FB02035A0D5B0997
:10E28000B8F8000002F4FC6223F4FC6313439BB271
:10E290000112BDF82C204FEA232C01F0F80111FBEC
:10E2A00007F14FEAE00E0CF0F80CC0000CFB021C6A
:10E2B000C0B2D910DB000EF0FC0EDBB210FB07F091
:10E2C0001FFA8CFC03FB020301F0FC011EFB07FE9E
:10E2D00001FB02E19AB20CF1010389B203EB1C2CA1
:10E2E000531C03EB12234A1C02EB11210CF4784C53
:10E2F000C3F3C423490943EA0C0301F4FC610B4353
:10E30000A8F800301F9B1C44209B08F102081E4403
:10E3100009F1FF394AE71F9B1C44209B1E44079BC1
:10E320000233013D079322E722D01F986B1E00FBAA
:10E33000034000143FF537AF01398842BFF633AFD1
:10E34000209901FB03631B143FF52DAF013A934263
:10E35000BFF629AFDDF81C90BDF82CA0A846B8F197
:10E36000000F5EDC079B25EAE57503EB4503079389
:10E370000A9B002B40F3F68030EE040AB7EE007AD9
:10E38000C7EE007A1C9B70EEA40A31EE051A20EE4F
:10E39000A77AF0EE626A61EE277AFEEEC86A77EE3F
:10E3A000622A16EE904AFEEEC82AF0EE436A37EE75
:10E3B000C33A12EE902ABEEEC83A92FBF3F313EE84
:10E3C000102A1F931C9B92FBF3F320930A9B109A35
:10E3D000013BFEEEC86A0A931C9B16EE906A14BFBE
:10E3E0001D461546B0EE673AF0EE472AB0E611F149
:10E3F000010A87D4D64585DB10F1010A82D4534542
:10E4000080DB0B9F01911BB2CDE902020093CDE9A5
:10E4100004C70FFA8EF3099A11984146FFF7B4FD2D
:10E4200070E7249B099FB3F908103014231401FBF3
:10E430000030099B37F810C003EB4003C6F3033EDE
:10E44000C4F303325888BEF1000F0BD001F1004134
:10E4500001394900023103EB010B5B5A0E93BBF803
:10E4600002300F934FEA0C4112FB0EF32CF4FC6CBC
:10E470004FEA004B01F0FC61DB1041EA0C010BF0AC
:10E48000FC6BCEF1100C20F4FC60ACEB020C4BEA00
:10E490000000C3EB420250430F9A089F03EB4C0C61
:10E4A0000CFB010C4FEA024B22F4FC610E9A0E9811
:10E4B0000BF0FC6B12044BEA010120F4FC6002F04B
:10E4C000FC6203FB01C10243C3EB4E0303FB0212D8
:10E4D0004FEA525B520922F4FC630BF4FC6BB9F86F
:10E4E00000204BEA03039BB21112181201F0F8014D
:10E4F00011FB07F14FEAE20C00F0F800D20000FB3C
:10E500000A100CF0FC0CD910D2B2DB001CFB07FC8B
:10E5100012FB07F201F0FC01DBB280B201FB0AC181
:10E5200003FB0A239BB289B2421C02EB102001F1CB
:10E53000010C5A1C02EB13220CEB112C1F9B00F454
:10E540007840C2F3C4224FEA5C1C10430CF4FC6C0C
:10E550001C44209B40EA0C0029F8020B1E4408F1E1
:10E56000FF38FCE613B0BDE8F08F2DE9F043DDE99C
:10E57000084E0EFB0347BEF1000FBDF91C909DF83D
:10E5800028509DF82C60088802EB470860DBF145B5
:10E590005EDD002C5ADBA34258DD32F817C0621C46
:10E5A00059D4934257DD002D55D0B8F802701EF1B2
:10E5B000010E54D4F14552DD002E50D0002C4CDB1E
:10E5C000A3424ADD38F81320013405D4A34203DD09
:10E5D00015B1013338F813004FEA0C4315FB06F46C
:10E5E00003F0FC634FEA074E2CF4FC6CC4F3C70441
:10E5F00043EA0C0C0EF0FC6EC6F1100327F4FC6726
:10E600005B1B4EEA0707C4EB450504EB43037D4360
:10E6100003FB0C5C030403F0FC6320F4FC60184370
:10E62000130403F0FC6322F4FC62134304FB00C0F8
:10E63000C4EB460606FB0300430D400903F4FC63EC
:10E6400020F4FC6018430880BDE8F0838446A6E708
:10E6500007468446ABE70746A9E70246B4E7024609
:10E66000BAE72DE9F04F8FB01D461D9B0C92DDE9F6
:10E670001E27079159681B680D9001FB072703EBC4
:10E680004707209BDDE91946D3F80080079B002B44
:10E6900003DC0C9B002B40F38181209BB3F9081015
:10E6A000B3F90C20481E02F1FF3C002D40F39B8083
:10E6B0005FEA244E4FEA264306D4864504DA002B4F
:10E6C00002DB6345C0F290801EF1010E00F18480F0
:10E6D0007145C0F2818001337ED49A427CDBAA4628
:10E6E000B946BAF1000F40F39980209B21144FEAFC
:10E6F0002640C4F30332C6F3033CD3E902E300F13E
:10E70000D0800EF1FF3B594580F2CB800028C0F24B
:10E71000C88003F1FF3B584580F2C3800FFA8EFE9C
:10E7200000FB0E1108EB410038F811B04188BCF134
:10E73000000F0BD00EF10043013B5B00023300EBF6
:10E74000030EC35A0893BEF8023009934FEA0B40F8
:10E7500000F0FC602BF4FC6B40EA0B0012FB0CF3A6
:10E760004FEA014BDB10CCF1100E0BF0FC6B21F4E7
:10E77000FC61AEEB020E4BEA0101C3EB42025143D6
:10E78000099A03EB4E0E0EFB001E100400F0FC6015
:10E7900022F4FC621043089A0899120403FB00E07B
:10E7A00002F0FC6221F4FC6E42EA0E02C3EB4C0361
:10E7B00003FB02035A0D5B0902F4FC6223F4FC63C1
:10E7C0001343A9F800301B9B1C441C9B09F1020950
:10E7D0001E440AF1FF3A84E71B9B1C441C9B013D2D
:10E7E0001E44023761E71DD01B986B1E00FB0340DF
:10E7F00000143FF574AF01398842BFF670AF1C9921
:10E8000001FB03631B143FF56AAF013A9342BFF665
:10E8100066AFA946BA46B9F1000F5ADC25EAE5759C
:10E8200007EB4507079B002B40F3B88030EE040A46
:10E83000B7EE007AC7EE007A189B70EEA40A31EEAC
:10E84000051A20EEA77AF0EE626A61EE277AFEEEF4
:10E85000C86A77EE622A16EE904AFEEEC82AF0EEFB
:10E86000436A37EEC33A12EE902ABEEEC83A92FBE4
:10E87000F3F313EE102A1B93189B92FBF3F31C93F4
:10E88000079B0C9A013BFEEEC86A0793189B16EE95
:10E89000906A14BF1D461546B0EE673AF0EE472A5F
:10E8A000F4E611F1010B8ED4DE458CDB10F1010B87
:10E8B00089D45B4587DB1BB2CDE90110CDE9032C80
:10E8C000009342460FFA8EF349460D98FFF74DFE2E
:10E8D00079E7209BB3F908302014311403FB0101C0
:10E8E00008EB4100C6F3033E38F811C04188C4F379
:10E8F0000332BEF1000F0BD003F10043013B5B007C
:10E90000023300EB030BC35A0A93BBF802300B939C
:10E910004FEA0C4012FB0EF32CF4FC6C4FEA014B57
:10E9200000F0FC60DB1040EA0C000BF0FC6BCEF159
:10E93000100C21F4FC61ACEB020C4BEA0101C3EBBF
:10E94000420251430B9A03EB4C0C0CFB001C4FEAA8
:10E95000024B22F4FC600A9A0A990BF0FC6B120439
:10E960004BEA000002F0FC6221F4FC6B03FB00C0E8
:10E9700042EA0B0BC3EB4E0303FB0B00430D4009B4
:10E9800003F4FC6320F4FC6018431B9B2AF8020B81
:10E990001C441C9B09F1FF391E443CE70FB0BDE845
:10E9A000F08F2DE9F04F85B0DDE90F740291002C56
:10E9B00004FB0371BDF938E09DF844609DF8480000
:10E9C00002EB810CC0F21B81A64540F31881002F99
:10E9D000C0F21381BB4240F3108152F821507A1CDF
:10E9E00000F11081934240F30D81002E00F00C8164
:10E9F000DCF80410013400F10B81A64540F30881D6
:10EA0000002800F00881002FC0F20081BB4240F3D3
:10EA1000FD805CF82340013700F10081BB4240F3E8
:10EA2000FD80002E00F0FC8001335CF82320B6B29C
:10EA300080B200FB06FECEEB00103601A6EB0E07FF
:10EA400080B2C6F580734FEA116ABFB21B1A4FEA53
:10EA5000156B9BB20AFB07F64FEA14690BFB0366C2
:10EA60004FEA126800FB09660EFB0866C6F307262C
:10EA70000096002E00F0BE8005F0FF1C0BFB0CFC86
:10EA800005F47F450BFB05F54FEA1C2B0BF0FF1B34
:10EA90000CF1011CDC444FEA1C2C01950CF0FF1515
:10EAA0000395019D029E05F5807C0CEB152501F078
:10EAB000FF1C0AFB0CFC4FEA152B4FEA1C2505F046
:10EAC000FF150CF1011C654404F0FF1C04F47F44A5
:10EAD00009FB0CFC09FB04F909F5807404EB192906
:10EAE00002F0FF1408FB04F401F47F4102F47F42BA
:10EAF00008FB02F80AFB01FA220A0AF5807102F00B
:10EB0000FF1204F1011401EB1A2A14444FEA1C21EC
:10EB100008F580722D0A02EB182805F0FF15039AFC
:10EB2000368801F0FF110CF1011C7D436144240A79
:10EB300002FB0355090A04F0FF1404FB0E5401F014
:10EB4000FF1101FB00414FEA1A2A090A0AF47F4A21
:10EB500001F0FF1407FB0AF74FEA18280BF47F4176
:10EB600003FB01714FEA192908F47F480EFB081EC8
:10EB700009F47F4100FB01E19DF84C00009A87B247
:10EB80007A43090A531C01F47F41214303EB12230A
:10EB900035120A0C6FEA1323DBB212FB07F205F001
:10EBA000F80505FB0325C1F30724F210C8B2F600EF
:10EBB00014FB07F402F0FC02F6B210FB07F002FBB4
:10EBC0000342ADB206FB030399B294B26B1C03EB94
:10EBD0001525621C4B1C03EB112302EB142205F4D8
:10EBE0007845C3F3C423520902F4FC622B43134358
:10EBF000029A138005B0BDE8F08F0025EFE60021F2
:10EC00000D46F7E60021F5E63146F3E6002402E77B
:10EC1000002214460BE70246044608E7002206E7F6
:10EC2000324604E72DE9F04F9DB0DDE92746199201
:10EC300007932B9A9DF8BC301A931791DDE92C139A
:10EC40001B905068126800FB031302EB43030A9306
:10EC50002E9B1B681093BDF868300B93179B002BFD
:10EC600003DC199B002B40F375832E9BB3F908102E
:10EC7000B3F90C20481E571E079B002B40F38E81D2
:10EC80005FEA244C4FEA264306D4844504DA002B7D
:10EC900002DBBB42C0F283811CF1010C00F17381E5
:10ECA0006145C0F27081013300F16D819A42C0F27A
:10ECB0006A81079B0A9F1893189B002B40F38C8155
:10ECC0002E9A2E9BD2F80CE09B6822144FEA264C19
:10ECD000C4F30330C6F3033100F1CD8103F1FF38F3
:10ECE000424580F2C881BCF1000FC0F2C4810EF130
:10ECF000FF38C44580F2BF811BB20CFB0322109D7C
:10ED000005EB820855F822204FEA126E002800F029
:10ED1000A981D8F804500C952D0E139581B103F1FB
:10ED20008043013B9B00043308EB030C58F803308D
:10ED300008931B0E1193DCF804300D931B0E1493F3
:10ED400080B289B200FB01F9C9EB01110001A0EB0F
:10ED5000090889B2C0F580731398119D1FFA88F8CD
:10ED60005B1A9BB208FB00F003FB0E0001FB0500E1
:10ED7000149D09FB0500C0F30720002800F0FA806D
:10ED8000BEF1FF0F1BD002F0FF1A0EFB0AFA02F4CD
:10ED90007F420EFB02FE4FEA1A2202F0FF120AF136
:10EDA000011A0EF5807C52440CEB1E2C120A4FEA1D
:10EDB0001C2C02F0FF120CF47F4C42EA0C02139D53
:10EDC000FF2D21D00C9D05F0FF1B139D05FB0BFBB8
:10EDD0000C9D05F47F4A139D4FEA1B2E05FB0AFA92
:10EDE0000EF0FF1E0BF1011B0AF5807CDE440CEBDC
:10EDF0001A2A4FEA1E2E4FEA1A2A0EF0FF1E0AF4B4
:10EE00007F4A4EEA0A050C95119DFF2D21D0089DE1
:10EE100005F0FF1B119D05FB0BFB089D05F47F4AC8
:10EE2000119D4FEA1B2E05FB0AFA0EF0FF1E0BF197
:10EE3000011B0AF5807CDE440CEB1A2A4FEA1E2ED9
:10EE40004FEA1A2A0EF0FF1E0AF47F4A4EEA0A051C
:10EE50000895149DFF2D21D00D9D05F0FF1B149DDD
:10EE600005FB0BFB0D9D05F47F4A149D4FEA1B2EFD
:10EE700005FB0AFA0EF0FF1E0BF1011B0AF5807C60
:10EE8000DE440CEB1A2A4FEA1E2E4FEA1A2A0EF025
:10EE9000FF1E0AF47F4A4EEA0A050D950C9D05F007
:10EEA000FF1C089D02F0FF1E08FB0CFC03FB0ECCB0
:10EEB00005F0FF1E0D9D01FB0ECC05F0FF1E0C9D05
:10EEC00009FB0ECC05F47F4E08FB0EF802F47F42DE
:10EED00003FB0282089B0B9D03F47F4A0D9B01FB01
:10EEE0000A2203F47F4109FB01290B9A3B88424324
:10EEF0004FEA1C2C4FEA1929501C0CF0FF1C09F496
:10EF00007F494CEA090C00EB122019124FEA1C420F
:10EF10006FEA1020C0B212FB05F201F0F80101FB0C
:10EF20000021CCF3072EDA105FFA8CFCDB001CFB0F
:10EF300005FCDBB289B203FB00C31FFA83FC4B1C48
:10EF400003EB112102F0FC021EFB05FE0CF1010394
:10EF500002FB00E203EB1C2392B201F47841C3F3FD
:10EF6000C4230B43511C01EB1222520902F4FC6230
:10EF700013433B80299B1C442A9B1E44189B013B46
:10EF80000237189398E6299B1C442A9B1E44079B32
:10EF9000013B07930A9B02330A936DE623D0079B3C
:10EFA0002998013B00FB034000143FF582AE013974
:10EFB0008842BFF67EAE2A9901FB03631B143FF51E
:10EFC00078AE013A9342BFF674AEDDF81CB0DDF8BE
:10EFD0002890BBF1000F6CDC079B23EAE3750A9BCA
:10EFE00003EB45030A93179B002B40F3B38130EEEC
:10EFF000040AB7EE007AC7EE007A269B70EEA40AE8
:10F0000031EE051A20EEA77AF0EE626A61EE277AF9
:10F01000FEEEC86A77EE622A16EE904AFEEEC82A25
:10F02000F0EE436A37EEC33A12EE902ABEEEC83ACB
:10F0300092FBF3F313EE102A2993269B92FBF3F332
:10F040002A93179B199A013BFEEEC86A1793269BD9
:10F0500008BF134616EE906A0793B0EE673AF0EEDB
:10F06000472AFBE500293FF46BAE58F8233008939C
:10F070001B0E119364E612F101083FF57BAF434587
:10F08000FFF678AF1CF101083FF574AFC645FFF6F7
:10F0900071AF1A9D01920FFA8EF2CDE90415CDE9F8
:10F0A00002C000921BB2109A1B983946FFF779FCF8
:10F0B00060E72E9B109DB3F908102714331401FB51
:10F0C000037305EB830755F82330C4F30332C6F30B
:10F0D00003304FEA136C002A00F033817D680E95EF
:10F0E0002D0E159578B101F1804101398900043167
:10F0F00007EB010E79580991090E1291DEF8041000
:10F100000F91090E169192B280B202FB00F8C8EB83
:10F1100000101201A2EB080E80B2C2F580721599A0
:10F12000129D1FFA8EFE121A92B20EFB01F102FB23
:10F130000C1100FB0511169D08FB0511C1F30721F9
:10F14000002900F0F580BCF1FF0F19D003F0FF1A81
:10F150000CFB0AFA03F47F430CFB03FC4FEA1A236F
:10F1600003F0FF130AF1011A0CF58077534407EB03
:10F170001C271B0A3F0A03F0FF1307F47F473B439A
:10F18000159DFF2D20D00E9D05F0FF17159D6F4397
:10F190000E9D05F47F4A159D4FEA172C05FB0AFAD0
:10F1A00007F101170CF0FF1CBC440AF5807707EB50
:10F1B0001A2A4FEA1C2C4FEA1A2A0CF0FF1C0AF4F8
:10F1C0007F4A4CEA0A050E95129DFF2D20D0099D1D
:10F1D00005F0FF17129D6F43099D05F47F4A129DAC
:10F1E0004FEA172C05FB0AFA07F101170CF0FF1C78
:10F1F000BC440AF5807707EB1A2A4FEA1C2C4FEA29
:10F200001A2A0CF0FF1C0AF47F4A4CEA0A050995F9
:10F21000169DFF2D20D00F9D05F0FF17169D6F4303
:10F220000F9D05F47F4A169D4FEA172C05FB0AFA3D
:10F2300007F101170CF0FF1CBC440AF5807707EBBF
:10F240001A2A4FEA1C2C4FEA1A2A0CF0FF1C0AF467
:10F250007F4A4CEA0A050F950E9D05F0FF17099DA0
:10F2600003F0FF1C0EFB07F702FB0C7705F0FF1CF9
:10F270000F9D00FB0C7705F0FF1C0E9D08FB0C7723
:10F2800005F47F4C0EFB0CFE03F47F4302FB03E30B
:10F29000099A0B9D02F47F4A0F9A00FB0A3302F48D
:10F2A0007F4C08FB0C3C0B9BB9F8000059433F0A0C
:10F2B0004FEA1C2C0CF47F4C4B1C07F0FF1747EA5D
:10F2C0000C0703EB112102123B0C6FEA1121C9B2AA
:10F2D00013FB05F302F0F80202FB0132C7F3072C1F
:10F2E000C310FFB2C000C0B217FB05F700FB0170EE
:10F2F00092B21CFB05FC80B203F0FC0303FB01C3CC
:10F30000511C00F1010C01EB12220CEB102C9BB2F2
:10F31000CCF3C42C02F478424CEA020203F1010C53
:10F320000CEB13235B0903F4FC631A43A9F80020D8
:10F33000299B1C442A9B09F102091E440BF1FF3B47
:10F3400047E600283FF4DFAE57F821100991090E77
:10F350001291D8E61DB0BDE8F08F2DE9F04F85B0D1
:10F36000DDE90F740291002C04FB0371BDF938E054
:10F370009DF844609DF8480002EB810CC0F20C81BE
:10F38000A64540F30981002FC0F20481BB4240F33F
:10F39000018152F821507A1C00F10181934240F31F
:10F3A000FE80002E00F0FD80DCF80410013400F136
:10F3B000FC80A64540F3F980002800F0F980002F7A
:10F3C0000CEB8302C0F2EF80BB4240F3EC805CF8B0
:10F3D0002340013700F1EF80BB4240F3EC80002E68
:10F3E00000F0EB805268B6B280B200FB06FECEEBB6
:10F3F00000103601A6EB0E0780B2C6F580734FEA07
:10F40000116ABFB21B1A4FEA156B9BB207FB0AF6D3
:10F410004FEA14690BFB03664FEA126800FB0966AA
:10F420000EFB0866C6F307260096002E00F0AF809C
:10F4300005F0FF1C0BFB0CFC05F47F450BFB05F5F1
:10F440004FEA1C2B0BF0FF1B0CF1011CDC444FEAB4
:10F450001C2C01950CF0FF150395019D029E05F5EE
:10F46000807C0CEB152501F0FF1C0AFB0CFC4FEA1D
:10F47000152B4FEA1C2505F0FF150CF1011C654406
:10F4800004F0FF1C04F47F4409FB0CFC09FB04F9A5
:10F4900009F5807404EB192902F0FF1408FB04F449
:10F4A00001F47F4102F47F4208FB02F80AFB01FAF3
:10F4B000220A0AF5807102F0FF1204F1011401EB37
:10F4C0001A2A14444FEA1C2108F580722D0A02EB17
:10F4D000182805F0FF15039A368801F0FF110CF18A
:10F4E000011C7D436144240A02FB0355090A04F010
:10F4F000FF1404FB0E5401F0FF1101FB00414FEA21
:10F500001A2A090A0AF47F4A01F0FF144FEA182860
:10F510000BF47F4107FB0AF703FB01714FEA19293E
:10F52000009B08F47F480EFB081E09F47F4100FB96
:10F5300001E1DA433312D2B2F010090A03F0F80302
:10F54000F600534301F47F4100F0FC00F6B2214382
:10F55000504356435A1C02EB13220B0C03EB1223AD
:10F56000421C02EB10200A0A02EB10221B02D200FE
:10F5700002F4FC6203F478431343721C02EB162678
:10F5800001EB1621C1F3C4011943029B198005B098
:10F59000BDE8F08F0025FEE600210D4606E70021BC
:10F5A00004E7314602E7002413E7002214461AE775
:10F5B0000246044617E7002215E7324613E700002B
:10F5C0002DE9F04F9BB0DDE925461892299A169156
:10F5D0000793DDE92A1319905068126800FB0313A2
:10F5E00002EB43030A932C9B1B680F93169B002B83
:10F5F00003DC189B002B40F386832C9BB3F9081087
:10F60000B3F90C20481E571E079B002B40F3668160
:10F610005FEA244C4FEA264306D4844504DA002BE3
:10F6200002DBBB42C0F25B811CF1010C00F14B819B
:10F630006145C0F24881013300F145819A42C0F230
:10F640004281079B0A9F1793179B002B40F365810C
:10F650002C9A2C9BD2F80CE09B6822144FEA264C83
:10F66000C4F30331C6F3033000F1D58103F1FF3851
:10F67000424580F2D081BCF1000FC0F2CC810EF186
:10F68000FF38C44580F2C7811BB20CFB03220F9DDB
:10F6900005EB820855F822204FEA126E002900F08F
:10F6A0008281D8F804500B952D0E129580B103F18C
:10F6B0008043013B9B00043308EB030C58F80330F4
:10F6C00008931B0E1093DCF804300C931B0E13935D
:10F6D00089B280B201FB00F9C9EB00100901A1EB6E
:10F6E000090880B2C1F58071129B109D1FFA88F83D
:10F6F000091A89B208FB03F301FB0E3300FB053343
:10F70000139D09FB0533C3F30723002B00F0D280C0
:10F71000BEF1FF0F1BD002F0FF1A0EFB0AFA02F433
:10F720007F420EFB02FE4FEA1A2202F0FF120AF19C
:10F73000011A0EF5807C52440CEB1E2C120A4FEA83
:10F740001C2C02F0FF120CF47F4C42EA0C02129DBA
:10F75000FF2D21D00B9D05F0FF1B129D05FB0BFB20
:10F760000B9D05F47F4A129D4FEA1B2E05FB0AFAFA
:10F770000EF0FF1E0BF1011B0AF5807CDE440CEB42
:10F780001A2A4FEA1E2E4FEA1A2A0EF0FF1E0AF41A
:10F790007F4A4EEA0A050B95109DFF2D21D0089D4A
:10F7A00005F0FF1B109D05FB0BFB089D05F47F4E2C
:10F7B000109D05FB0EFA4FEA1B2E0EF0FF1E0BF1FB
:10F7C000011B0AF5807CDE440CEB1A2A4FEA1E2E40
:10F7D0004FEA1A2A0EF0FF1E0AF47F4A4EEA0A0583
:10F7E0000895139DFF2D21D00C9D05F0FF1B139D47
:10F7F00005FB0BFB0C9D05F47F4A139D4FEA1B2E66
:10F8000005FB0AFA0EF0FF1E0BF1011B0AF5807CC6
:10F81000DE440CEB1A2A4FEA1E2E4FEA1A2A0EF08B
:10F82000FF1E0AF47F4A4EEA0A050C950B9D05F06F
:10F83000FF1C089D02F0FF1E08FB0CFC01FB0ECC18
:10F8400005F0FF1E0C9D00FB0ECC05F0FF1E0B9D6E
:10F8500009FB0ECC05F47F4E02F47F4208FB0EF844
:10F8600001FB0282089901F47F4A0C9900FB0A22ED
:10F8700001F47F4009FB00294FEA1C2C4FEA1929AB
:10F880000CF0FF1C09F47F494CEA090CFF2B4FEAEE
:10F890001C2240F091804FEA5C1322F4FF6203F4D3
:10F8A000FC6322F007021A43CCF3C40C4CEA020CAE
:10F8B000A7F800C0279B1C44289B1E44179B013BB4
:10F8C00002371793C0E6279B1C44289B1E44079BC6
:10F8D000013B07930A9B02330A9395E624D0079BCA
:10F8E0002798013B00FB034000143FF5AAAE013905
:10F8F0008842BFF6A6AE289901FB03631B143FF5AF
:10F90000A0AE013A9342BFF69CAEDDF81CB0DDF824
:10F910002880BBF1000F00F39A80079B23EAE37570
:10F920000A9B03EB45030A93169B002B40F3EB81E4
:10F9300030EE040AB7EE007AC7EE007A249B70EE30
:10F94000A40A31EE051A20EEA77AF0EE626A61EEA3
:10F95000277AFEEEC86A77EE622A16EE904AFEEE2D
:10F96000C82AF0EE436A37EEC33A12EE902ABEEE92
:10F97000C83A92FBF3F313EE102A2793249B92FBD1
:10F98000F3F32893169B189A013BFEEEC86A169370
:10F99000249B08BF134616EE906A0793B0EE673AB1
:10F9A000F0EE472A22E600283FF492AE58F82330C2
:10F9B00008931B0E10938BE63988D44DDB434FEA36
:10F9C000212E5FFA83F80EF0F80E0EFB08FEC81029
:10F9D000CB0000F0FC000EF1010101EB1E2E00FB3C
:10F9E00008F04FEA1C4101EB1E2100F1010E0EEB65
:10F9F000102002EB1022DBB2C9B2D20003FB08F3E5
:10FA000005EA012102F4FC620A43591C01EB1323AD
:10FA10000CEB132C48E712F101083FF54BAF4345BF
:10FA2000FFF648AF1CF101083FF544AFC645FFF6AD
:10FA300041AFCDE9012C0FFA8EF2CDE9031000920F
:10FA40001BB20F9A19983946FFF787FC32E72C9BB7
:10FA50000F9DB3F908702114331407FB03130F999A
:10FA600001EB830155F82330C4F30332C6F30330AE
:10FA70004FEA136C002A00F007814D680D952D0E9A
:10FA8000149578B107F18047013FBF00043701EBBF
:10FA9000070EC9590991090E1191DEF804100E9153
:10FAA000090E159192B280B202FB00F9C9EB001069
:10FAB0001201A2EB090E80B2C2F58071149A119D59
:10FAC0001FFA8EFE091A89B20EFB02F201FB0C220C
:10FAD00000FB0522159D09FB0522C2F30722002A1F
:10FAE00000F0C980BCF1FF0F19D003F0FF1A0CFB26
:10FAF0000AFA03F47F430CFB03FC4FEA1A2303F0DA
:10FB0000FF130AF1011A0CF58077534407EB1C2709
:10FB10001B0A3F0A03F0FF1307F47F473B43149D82
:10FB2000FF2D20D00D9D05F0FF17149D6F430D9DF7
:10FB300005F47F4A149D4FEA172C05FB0AFA07F1DA
:10FB400001170CF0FF1CBC440AF5807707EB1A2A5A
:10FB50004FEA1C2C4FEA1A2A0CF0FF1C0AF47F4AC9
:10FB60004CEA0A050D95119DFF2D20D0099D05F049
:10FB7000FF17119D6F43099D05F47F4C119D05FBF7
:10FB80000CFA4FEA172C0CF0FF1C07F10117BC44CC
:10FB90000AF5807707EB1A2A4FEA1C2C4FEA1A2A3B
:10FBA0000CF0FF1C0AF47F4A4CEA0A050995159DE2
:10FBB000FF2D20D00E9D05F0FF17159D6F430E9D64
:10FBC00005F47F4A159D4FEA172C05FB0AFA07F149
:10FBD00001170CF0FF1CBC440AF5807707EB1A2ACA
:10FBE0004FEA1C2C4FEA1A2A0CF0FF1C0AF47F4A39
:10FBF0004CEA0A050E950D9D05F0FF17099D03F0CF
:10FC0000FF1C0EFB07F701FB0C7705F0FF1C0E9D98
:10FC100000FB0C7705F0FF1C0D9D09FB0C7705F42C
:10FC20007F4C0EFB0CFE03F47F4301FB03E30999B9
:10FC300001F47F4A0E9900FB0A3301F47F4C09FB63
:10FC40000C3C3F0A4FEA1C2C07F0FF170CF47F4CCA
:10FC500047EA0C07FF2A4FEA17231ED17A0923F43B
:10FC6000FF6302F4FC6223F007031343C7F3C407E6
:10FC70001F43A8F80070279B1C44289B08F102082A
:10FC80001E440BF1FF3B44E600283FF40BAF51F854
:10FC900027100991090E119104E7B8F80010D2431A
:10FCA0004FEA212C5FFA82FE0CF0F80C0CFB0EFCE4
:10FCB000C810CA000CF1010101EB1C2C390C01EB3E
:10FCC0001C2C00F0FC00114900FB0EF05FFA8CFCCC
:10FCD00001EA0C2CD2B2411C02FB0EF201EB102007
:10FCE00003EB1020511CC00001EB122200F4FC6059
:10FCF00007EB12274CEA000CC7F3C40747EA0C0CC9
:10FD0000A8F800C0B7E71BB0BDE8F08F00F8FFFF10
:10FD10002DE9F047DDE90A05002DBDF92080BDF988
:10FD200024909DF830709DF834C005FB030EC0F29E
:10FD30008C80A94540F389800028C0F284808045EA
:10FD400040F381804FEA5E041EF0010F165D0CBF88
:10FD500006F00F06361106EB0616F6B2441C77D4F1
:10FD6000A04575DD002F75D00EF1010A4FEA5A0447
:10FD70001AF0010F145D0CBF04F00F04241104EB02
:10FD80000414E4B2013569D4A94567DDBCF1000F64
:10FD900067D0002860DB80455EDD03EB0E094FEA8B
:10FDA000590519F0010F555D0CBF05F00F052D1118
:10FDB00005EB0515EDB2013056D4804554DD002F1A
:10FDC00054D001339E444FEA5E031EF0010FD05C15
:10FDD0000CBF00F00F00001100EB0010C3B2BAB26C
:10FDE0001FFA8CFC02FB0CF0C0EB0C1C12011FFA7A
:10FDF0008CFCC2F58077121AA7EB0C0792B2BFB247
:10FE0000624306FB07220CFB052500FB0353C3F3EB
:10FE10000723B3B19DF838205A43531C03EB122338
:10FE20002D4A1B121268FF2B4FEA122620D12B4BB2
:10FE3000500900F4FC6033401843C2F3C40202438B
:10FE40000A80BDE8F087002688E70024264699E767
:10FE5000002497E73C4695E70025ACE700231D46C4
:10FE6000BDE763466546BAE70023B8E73B46B6E719
:10FE70000D889FB22C12C2F30740DB43DBB210FBAC
:10FE800007F004F0F80404FB0304F6B2E810D2B261
:10FE9000ED0000F0FC0012FB07F216FB07F6EDB2D6
:10FEA000A4B200FB036605FB03239AB2631CB0B245
:10FEB00003EB1424531C03EB1223421C02EB10200F
:10FEC00004F47844C3F3C4234009234300F4FC60E2
:10FED00003430B80B5E700BF5C35012000F8FF004D
:10FEE0002DE9F04F97B0DDE9214614920993259A48
:10FEF0009DF8A4300D910F93DDE9261315905068FD
:10FF0000126800FB031302EB4309289B9B68013333
:10FF100023F001030A93289B1F680D9B002B03DC31
:10FF2000149B002B40F38782289BB3F90810B3F988
:10FF30000C20481E02F1FF3C099B002B40F3C480BB
:10FF40005FEA244E4FEA264306D4864504DA002BA6
:10FF500002DB6345C0F2B9801EF1010E00F1AA80F8
:10FF60007145C0F2A780013300F1A4809A42C0F22B
:10FF7000A180099BBDF928A00E93C8460E9B002BBB
:10FF800040F3C380289BD3E902CE23144FEA2640D6
:10FF9000C4F30332C6F3033100F14D810CF1FF3B92
:10FFA0005B4580F248810028C0F245810EF1FF3B9D
:10FFB000584580F240810A9D00FB05335808DD0753
:10FFC00017F800C054BF0CF00F0C4FEA2C1C0CEBC0
:10FFD0000C1C5FFA8CFC002A00F0DB80581C4FEAF6
:10FFE000500EC00717F80EE054BF0EF00F0E4FEA88
:10FFF0002E1E0EEB0E1E5FFA8EF01090C9B1534408
:020000040802F0
:100000005808DD07385C54BF00F00F00001100EB0A
:1000100000100133C0B20B905808DD0717F800E05C
:1000200054BF0EF00F034FEA2E1303EB0313DBB2A2
:10003000119392B289B202FB01F3C3EB01111201D9
:1000400089B2C2F58070109DD21A401A92B26A43EA
:1000500080B20CFB002C0B9A01FB02C1119A03FB2E
:100060000213C3F30723DBB10F9A53435A1C02EB6D
:100070001323C64A1B121268FF2B4FEA122C40F0C2
:10008000998053092CF4FF6C03F4FC632CF0070CEB
:1000900043EA0C0CC2F3C4024CEA0202A8F80020A6
:1000A000239B1C44249B1E440E9B013B08F1020829
:1000B0000E9363E7239B1C44249B1E44099B013B36
:1000C000099309F1020937E724D0099B2398013BE2
:1000D00000FB034000143FF54CAF01398842BFF6E6
:1000E00048AF249901FB03631B143FF542AF013A6B
:1000F0009342BFF63EAFBDF92830DDF824B00E9331
:10010000C846BBF1000F00F3B780099B23EAE375F3
:1001100009EB45090D9B002B40F38D8130EE040A5D
:10012000B7EE007AC7EE007A209B70EEA40A31EE9B
:10013000051A20EEA77AF0EE626A61EE277AFEEEEB
:10014000C86A77EE622A16EE904AFEEEC82AF0EEF2
:10015000436A37EEC33A12EE902ABEEEC83A92FBDB
:10016000F3F313EE102A2393209B92FBF3F32493D3
:100170000D9B149A013BFEEEC86A0D93209B08BFAD
:10018000134616EE906A0993B0EE673AF0EE472AEE
:10019000C3E600293FF44DAF0AEB03004308C00754
:1001A000FB5C54BF03F00F031B1103EB0313DBB223
:1001B0000B933EE7B8F800E01FFA83FB4FEA2E20CE
:1001C000C2F30741DB43DBB211FB0BF100F0F80097
:1001D00000FB03105FFA8CFC4FEAEE01D2B24FEA4B
:1001E000CE0E80B201F0FC011CFB0BFC5FFA8EFE10
:1001F00012FB0BFB01FB03CC0EFB03BB431C1FFAE2
:100200008CFC1FFA8BFB03EB102000F478430CF1FD
:1002100001010BF1010000EB1B2001EB1C2CC0F3D2
:10022000C4204FEA5C1C18430CF4FC6C40EA0C0040
:10023000A8F8000034E713F1010B3FF531AFDC45BE
:10024000FFF62EAF10F1010B3FF52AAFDE45FFF6AA
:1002500027AF0F9D02930FFA8EF301930FFA8CF3E1
:10026000CDE90302CDE9051500933A4653464146D0
:100270001598FFF74DFD13E70A9D2214331405FB73
:1002800003235A08DD07BA5C54BF02F00F021211B3
:1002900002EB0212C4F30331C6F30330D2B20029D9
:1002A00076D003F1010E4FEA5E0C1EF0010F17F835
:1002B0000CC00CBF0CF00F0C4FEA2C1C0CEB0C1CF0
:1002C0005FFA8CF5129500B30E9D2B444FEA530C48
:1002D000DD0717F80CC054BF0CF00F0C4FEA2C1CB4
:1002E00001330CEB0C1C5FFA8CF54FEA530C0C95A8
:1002F00017F80CC0DD0754BF0CF00F0C4FEA2C1C94
:100300000CEB0C1C5FFA8CF3139389B280B201FBE7
:1003100000F3C3EB0010090180B2C1F5807C129D8F
:10032000C91AACEB000C89B269431FFA8CFC02FBC2
:100330000C120C9900FB0120139A03FB0203C3F378
:100340000723D3B10F9A53435A1C02EB13230F4ACE
:100350001B121268FF2B4FEA122C2DD153092CF4DB
:10036000FF6C03F4FC632CF0070C43EA0C0CC2F3A3
:10037000C4024CEA0202A8F80020239B1C44249BE0
:1003800008F102081E440BF1FF3BBAE65C35012080
:100390000028BAD00E9D2B444FEA530CDB0717F808
:1003A0000CC054BF0CF00F0C4FEA2C1C0CEB0C1CB7
:1003B0005FFA8CF30C93A8E7B8F800E01FFA83FA11
:1003C0004FEA2E20C2F30741DB43DBB211FB0AF1F7
:1003D00000F0F80000FB0310D2B24FEAEE014FEA42
:1003E000CE0E5FFA8EFE12FB0AF20EFB03225FFABC
:1003F0008CFC80B201F0FC0192B21CFB0AFC01FBF8
:1004000003CC431C511C03EB102001EB12211FFAFB
:100410008CFCC1F3C42100F4784008430CF10101C5
:1004200001EB1C2C4FEA5C1C0CF4FC6C40EA0C0049
:10043000A8F80000A1E717B0BDE8F08F2DE9F0475C
:10044000DDE90A05002DBDF92080BDF924909DF855
:1004500030709DF834C005FB030EC0F2B080A94592
:1004600040F3AD800028C0F2A880804540F3A5800D
:100470004FEA5E041EF0010F165D0CBF06F00F067A
:10048000361106EB0616F6B2441C00F19B80A0451F
:1004900040F39880002F00F097800EF1010A4FEA98
:1004A0005A041AF0010F145D0CBF04F00F0424115C
:1004B00004EB0414E4B2013500F18A80A94540F34D
:1004C0008780BCF1000F00F0868000287EDB80452D
:1004D0007CDD03EB0E094FEA590519F0010F555D5C
:1004E0000CBF05F00F052D1105EB0515EDB2013020
:1004F00074D4804572DD002F72D001339E444FEAE0
:100500005E031EF0010FD05C0CBF00F00F00001165
:1005100000EB0010C3B2BAB21FFA8CFC02FB0CF065
:10052000C0EB0C1C12011FFA8CFCC2F58077121A6A
:10053000A7EB0C0792B2BFB2624306FB07220CFB8B
:10054000052500FB0353C3F30723A3B3254A0E88F5
:10055000156834129AB2C5F30740DB43DBB210FBD7
:1005600002F004F0F80404FB0304C5F30727F010BD
:10057000EDB2F60017FB02F700F0FC0015FB02F2EB
:10058000F6B2A4B200FB037006FB03239AB2631C0D
:1005900080B203EB1424531C03EB1223421C02EB26
:1005A000102004F47844C3F3C4234009234300F427
:1005B000FC6003430B80BDE8F087002664E700245D
:1005C000264678E7002476E73C4674E700258EE768
:1005D00000231D469FE7634665469CE700239AE794
:1005E0003B4698E75C3501202DE9F04F93B01D465E
:1005F0000C92219A0791DDE922131190506812683C
:1006000000FB031302EB4309249B9B68013323F097
:1006100001030693249BDDE91D461F68079B002B01
:1006200003DC0C9B002B40F36782249BB3F908107A
:10063000B3F90C20481E02F1FF3C002D40F3B880B6
:100640005FEA244E4FEA264306D4864504DA002B9F
:1006500002DB6345C0F2AD801EF1010E00F1A08007
:100660007145C0F29D80013300F19A809A42C0F238
:100670009780BDF918A00995C846099B002B40F347
:10068000B680C4F303330893249BD3E902CE23142A
:100690004FEA2640C6F3033100F13E810CF1FF3BE7
:1006A0005B4580F239810028C0F236810EF1FF3BB4
:1006B000584580F23181069A00FB02335808DA0768
:1006C00017F800C0089A54BF0CF00F0C4FEA2C1C0E
:1006D0000CEB0C1C5FFA8CFC002A00F0CB80581C41
:1006E0004FEA500EC00717F80EE054BF0EF00F0E81
:1006F0004FEA2E1E0EEB0E1E5FFA8EFECDF834E092
:10070000B9B153445808DA07385C54BF00F00F0001
:10071000001100EB0010C0B20A90581C4308C20739
:10072000FB5C54BF03F00F031B1103EB0313DBB29D
:100730000E93BDF8202089B202FB01F3C3EB011137
:10074000120189B2C2F58070401A1FFA80FED21AD7
:100750000D9892B242430CFB0E2C0A9A01FB02C187
:100760000E9A03FB0213C3F30723FF2B40F0938081
:10077000BE4B1A68BE4B510903EA122301F4FC6117
:100780000B43C2F3C4021343A8F800301F9B1C4460
:10079000209B1E44099B013B08F1020809936CE76A
:1007A0001F9B1C44209B013D1E4409F1020944E7A4
:1007B00021D01F986B1E00FB034000143FF559AF7A
:1007C00001398842BFF655AF209901FB03631B1422
:1007D0003FF54FAF013A9342BFF64BAFBDF918302A
:1007E0000893A846CE46B8F1000F00F3B58025EA7D
:1007F000E57509EB4509079B002B40F37D8130EE41
:10080000040AB7EE007AC7EE007A1C9B70EEA40AC9
:1008100031EE051A20EEA77AF0EE626A61EE277AD1
:10082000FEEEC86A77EE622A16EE904AFEEEC82AFD
:10083000F0EE436A37EEC33A12EE902ABEEEC83AA3
:1008400092FBF3F313EE102A1F931C9B92FBF3F31E
:100850002093079B0C9A013BFEEEC86A07931C9BF2
:1008600016EE906A14BF1D461546B0EE673AF0EEDC
:10087000472AD3E600293FF45CAF0AEB03004308A4
:10088000C007FB5C54BF03F00F031B1103EB031302
:10089000DBB20A934DE7002B3FF478AF734AB8F808
:1008A00000C010681FFA83FE4FEA2C21C0F30742F4
:1008B000DB43DBB212FB0EF201F0F80101FB032176
:1008C000C0F3072B4FEAEC02C0B24FEACC0C1BFB83
:1008D0000EFB89B210FB0EFE02F0FC025FFA8CFCEC
:1008E00002FB03B2481C0CFB03E392B29BB200EB89
:1008F000112101F4784002F1010B591C01EB132185
:100900000BEB1222C1F3C4215209014302F4FC6231
:100910001143A8F8001039E713F1010B3FF536AF8A
:10092000DC45FFF633AF10F1010B3FF52FAFDE458D
:10093000FFF62CAF089A02930FFA8EF301930FFA89
:100940008CF3CDE90302059100933A4653464146A4
:100950001198FFF773FD19E706992214331401FB70
:1009600003235A08D907BA5C54BF02F00F021211D0
:1009700002EB0212C4F30330C6F3033CD2B20028E8
:1009800062D003F1010A4FEA5A011AF0010F795CB3
:100990000CBF01F00F01091101EB0111C9B20F9158
:1009A000BCF1000F19D008990B44590813F0010F3E
:1009B000795C0CBF01F00F01091101EB0111C9B203
:1009C00001330B915908DB07795C54BF01F00F012B
:1009D000091101EB0111C9B2109180B21FFA8CFC10
:1009E00000FB0CF3C3EB0C1C00011FFA8CFCC0F5E0
:1009F0008071A1EB0C011FFA81FAC01A0F9980B225
:100A000048430B9902FB0A020CFB012C109A03FBD2
:100A100002C3C3F30723FF2B2CD1144B1A68144BCA
:100A2000510903EA122301F4FC610B43C2F3C4022F
:100A30001343AEF800301F9B1C44209B0EF1020EA6
:100A40001E4408F1FF38CEE6BCF1000FC5D008996E
:100A50000B445908DB07795C54BF01F00F01091101
:100A600001EB0111C9B20B91B7E700BF5C35012062
:100A700000F8FFFF002BDED0214ABEF800C010684E
:100A80001FFA83FA4FEA2C21C0F30742DB43DBB2A3
:100A900012FB0AF201F0F80101FB0321C0F3072B5E
:100AA0004FEAEC02C0B24FEACC0C5FFA8CFC10FBB0
:100AB0000AF00CFB030089B21BFB0AFB80B202F0B8
:100AC000FC0202FB03B24B1C00F1010B03EB1121F2
:100AD0000BEB102B92B2CBF3C42B01F478414BEA11
:100AE000010102F1010B0BEB1222520902F4FC622C
:100AF0001143AEF800109EE713B0BDE8F08F00BFC1
:100B00005C35012070B508129EB2BDF8105013126A
:100B100000F0F80003F0F80313FB05F310FB06F0F8
:100B20001844CC10D31004F0FC0403F0FC0313FBB6
:100B300005F314FB06F4C900D2001C44D2B2CBB2B8
:100B400012FB05F280B213FB06F31344421C9BB266
:100B500002EB102000F47842581C00EB1320A4B2E2
:100B6000C0F3C4201043621C02EB1424640904F493
:100B7000FC64204370BD00002DE9F04F8FB01C468F
:100B80009DF8647004900D461646189B002F00F0E7
:100B9000F680206861680AAA03C2186859680CAA1E
:100BA00003C20AA8EEF784FA21460CA8EEF7A8FAC9
:100BB000BDF93020BDF936B0BDF9349002F0010323
:100BC0000693BDF92C3003F0010105910598BDF99C
:100BD0003210034401FB03234FF0020893FBF8F3A8
:100BE0001D44BDF828301A44BDF82A30ADF8302035
:100BF0001944644BADF8321018680368DB6A9847F3
:100C0000614ABDF932401388BDF930A0FF2F03FBC4
:100C100004A400EB440406F10406114603FB0BFB9D
:100C20006BD0C7F1FF03039304EB4B03CDE907320D
:100C3000CDF82480079BA34240F29C80069B002BAA
:100C400039D02B782288049803F00F0305F10108AE
:100C500036F81310039B00933B46FFF753FF24F82D
:100C6000020B09F1FF3BBBF1010FA24604F10404A2
:100C700024DD98F8003034F8042C04981B09ABF1FB
:100C8000020B36F81310039B00933B46FFF73AFF25
:100C900024F8040C18F8013B34F8022C049803F0F3
:100CA0000F0336F81310039B00933B46FFF72AFF10
:100CB00024F8020CD7E7A846CB46D4E70ED198F823
:100CC0000030BAF8002004981B0936F81310039B73
:100CD00000933B46FFF716FF2AF8020B089B059A84
:100CE0001C88BDF92C30A4EB090413440AEB44041E
:100CF000099A93FBF2F31D449CE704EB4B0BA345CD
:100D000038D9069BF3B12B7803F00F036A1C36F831
:100D10001330238009F1FF3002340128234604F107
:100D2000040412DD13781B09023836F8133024F856
:100D3000043C12F8013B03F00F0336F8133024F89B
:100D4000023CEAE72A464846E7E706D1127812094C
:100D5000023336F8122023F8022C0C88059AA4EBF3
:100D6000090403EB4404BDF92C30134493FBF8F35E
:100D70001D44C4E7034B186803681B6B98470FB00A
:100D8000BDE8F08F4C35012046350120F0B59DF8C7
:100D90001450FF2D4FEA11270CD1FF2B0AD1254B00
:100DA000480900F4FC603B401843C1F3C401084308
:100DB00080B2F0BD15FB03F5ABB25D1C05EB13254E
:100DC0001412C5F307251FFA85FCD610D000ED4399
:100DD00004F0F804C1F30742EBB2C0B212FB0CF20C
:100DE00044EA541404FB032440EA5012C8B206F04B
:100DF000FC06FDB210FB0CF0A4B202FB030046EAB5
:100E0000961615FB0CF506FB035583B2601CADB2BC
:100E100000EB1424581C00EB13206B1C03EB15256E
:100E200004F47844C0F3C4206D09204305F4FC6544
:100E30002843BEE700F8FF002DE9F04F1C468DB0B7
:100E40000D46169B61689DF85C90804620681646AA
:100E500008AA03C2186859680AAA03C208A8EEF7CC
:100E600027F921460AA8EEF74BF9BDF92820BDF96C
:100E70002E70BDF92CB002F001030393BDF92430AC
:100E800003F0010102910298BDF92A10034401FB0D
:100E900003234FF0020A93FBFAF31D44BDF8203000
:100EA0001A44ADF82820BDF822303F4A0592194473
:100EB0001068ADF82A100368DB6A98473B4BBDF910
:100EC0002A401988BDF928C001FB04C400EB440482
:100ED0004F43CDE9063A04EB470204360492049BE3
:100EE0009C4258D2039B002B34D02B7803F00F0385
:100EF0006F1C56F823100B0E06D022880093404634
:100F00004B46FFF743FF208002340BF1FF3ABAF162
:100F1000010F22DD3B781B0956F823100B0E06D07B
:100F20002288009340464B46FFF730FF208017F899
:100F3000013B03F00F0356F823100B0E06D0628816
:100F4000009340464B46FFF721FF60800434AAF12E
:100F5000020ADCE72F46DA46D9E70DD13B781B09B8
:100F600056F823100B0E06D02288009340464B46BD
:100F7000FFF70CFF20800234069B029A1B88A3EB2C
:100F80000B0304EB4304BDF924301344079A93FB8D
:100F9000F2F31D44A3E7059B186803681B6B984791
:100FA0000DB0BDE8F08F00BF4C3501204635012063
:100FB00070B514128D789DF8106004F0F80444EABE
:100FC000541415FB03F504FB0655D0104C78097832
:100FD000D20000F0FC00D2B240EA901014FB03F4FF
:100FE00042EA521211FB03F300FB064402FB0633F4
:100FF000ADB29BB2A4B2681C00EB1525621C581C54
:1010000000EB132002EB142405F47845C0F3C42050
:101010006409284304F4FC64204370BD2DE9F04FBB
:101020008FB01C469DF86470189B82460E4615468C
:10103000002F00F04281206861680AAA03C2186884
:1010400059680CAA03C20AA8EEF732F821460CA888
:10105000EEF756F8BDF93020BDF936B002F00103C5
:101060000693BDF92C3003F0010105910598BDF9F7
:101070003210034401FB03234FF0020893FBF8F303
:101080001E44BDF828301A44BDF82A30ADF830208F
:101090001944BDF934300393894BADF83210186808
:1010A0000368DB6A9847874ABDF932401388BDF967
:1010B0003090FF2F03FB049400EB440405F104057A
:1010C000944603FB0BF371D004EB4303F943CDE9E2
:1010D0000732C9B20491CDF82480079BA34240F2A5
:1010E000E780069B002B3DD03178049B228800933B
:1010F00001F00F0101EB41013B4629445046FFF747
:1011000057FF039B24F8020B06F1010803F1FF3B94
:10111000BBF1010FA14604F1040427DD98F800108B
:10112000049B34F8042C0093090901EB41013B4670
:1011300029445046FFF73CFF24F8040C18F8011B23
:10114000049B34F8022C009301F00F0101EB4101E4
:101150003B4629445046FFF72BFFABF1020B24F826
:10116000020CD5E7B046DDF80CB0D1E70FD198F806
:101170000010049BB9F800200093090901EB41011C
:101180003B4629445046FFF713FF29F8020B089B02
:10119000059A1C88039BE41ABDF92C3009EB440422
:1011A0001344099A93FBF2F31E4496E7464F04EB6F
:1011B0004303A3427CD9069A002A54D0307800F029
:1011C0000F0000EB400005EB000E285C9EF80220AB
:1011D0009EF801E04FEACE0E0EF4FC6E07EA022202
:1011E00042EA0E0242EAD00224F8022B039A711C52
:1011F00002F1FF3EBEF1010F204604F1040436DD8A
:101200000878000900EB400005EB000AAEF1020E81
:101210009AF801209AF80290D20007EA092902F40C
:10122000FC6249EA020215F8009042EAD90224F869
:10123000042C11F8010B00F00F0000EB400005EB4F
:10124000000A9AF801209AF80290D20007EA0929C8
:1012500002F4FC6249EA020215F8009042EAD9025F
:1012600024F8022CC6E73146DDF80CE0C2E711D1C4
:101270000978090901EB41016C18695CA27864786E
:10128000E40007EA022204F4FC64224342EAD102A9
:1012900020F8022B039ABCF800400599A41ABDF966
:1012A0002C2000EB44040A4492FBF8F2164480E739
:1012B000034B186803681B6B98470FB0BDE8F08FAD
:1012C0004C3501204635012000F8FFFF30B52D4A8E
:1012D000136823F0010313602B4B1C684FF6F07268
:1012E00014404CF24025AC4205D01C684CF27025ED
:1012F0001440AC4225D1254B1B68002B39D1244B1F
:101300001A68C2F30B02B2F58A6F0DD01A6840F268
:101310008344C2F30B02A24206D01B6840F285420E
:10132000C3F30B03934224D11A4B01221A601A68AB
:10133000002AFCD1184B18601868431A58425841CB
:101340000EE01B6813404DF22022934211D1134B43
:101350001B6840F28642C3F30B03934201D0002086
:1013600030BD0F4B01221A601A68002AFCD10D4BC8
:10137000E1E70D4B01221A601A68002AFCD10B4BE1
:10138000D9E700BF002000E000ED00E0002004E00D
:101390000010005C084C0258004C0258F08F0046C8
:1013A000084C0246004C0246083002400030024021
:1013B00001617047837B4BB1038901339BB2072BDB
:1013C000038181BF002343818381837370470000C1
:1013D0002DE9FF4198468388ADF80630A8EB03035A
:1013E0001BB20446002B1746184A0092B8BF5B4256
:1013F000A28ABDF82850ADF80A801BB20E4693426F
:10140000C188ADF808104FF000008DF80400ADF869
:101410000C5007DC691A09B20029B8BF494209B269
:101420008A4210DA2069036869465B689847A8EB2E
:1014300006060023EF1B012023816681A781A4F803
:101440000480E580A07304B0BDE8F0812059020853
:10145000F0B51E464B1E012B85B004460D461746BF
:101460004BD8B0F90A20D31C9BB2062B16D9DFF853
:10147000A0C0CDF804C0B4F90410B4F90630006976
:10148000ADF80C104FF0000C8DF808C0ADF80A2034
:10149000ADF80E30036801A99B689847B4F90C2099
:1014A000D31C9BB2062B16D9DFF864C0CDF804C05C
:1014B000B4F90410B4F906302069ADF80C104FF0FF
:1014C000010C8DF808C0ADF80A20ADF80E300368A5
:1014D00001A99B6898470D4B019320698DF808502E
:1014E0000023ADF80A70ADF80C60ADF80E3003685B
:1014F00001A91B68984705B0F0BD0029EBD1A28077
:10150000C680A160A181A173E5E700BF0C59020864
:1015100034590208C9100029B8BF4942012808D12E
:10152000C1F30800B0F5807F014602DDC0F5007010
:101530007047FF29A8BFFF210846704710B4D0E9C3
:1015400001349C4203D85DF8044BECF7B7B85DF862
:10155000044B70472DE9F04F8BB0CDE906239DF881
:101560005030089306469DF8543009938A46ECF7AC
:1015700012FAB5680446002D44D07368AB423DD3DF
:10158000B0F90230B6F9342002EB030BDDE90612A4
:1015900002FB031205926A1E04924FF00008B4F990
:1015A0000290B4F900704B453A4608D0B6F9343091
:1015B00003EB090BDDE9061303FB09130593B4F9EB
:1015C0000430B4F906109844049B013B0493049B37
:1015D000013315D034F9083FBB4217D1B4F90200EA
:1015E000049B484503F1FF337FD1B4F90600014461
:1015F000B4F904008044E9E71F4644E0002002E01B
:1016000000296FD101200BB0BDE8F08F002930D048
:10161000002F29DBB6F93630BB4225DDC1EB88113E
:1016200096F83000FFF776FF099B10FB03F080B2BD
:10163000411C01EB1021091211F0FF0F14D0089882
:10164000738EC9B2BAB202910121134401910244CE
:101650000FFA8BF1DAF80000009141691BB20D46D8
:1016600012B205995046A847049B013307F10102C5
:10167000C8D0B4F90070BB1A002B31DD002ABBDAE8
:10168000002F2DDD0022B6F93630D119994202DB48
:101690009F1A002F24DD4FEA881196F83000FFF7DB
:1016A00039FF099B10FB03F080B2411C01EB1021B4
:1016B000091211F0FF0F13D00898738E92B2C9B2BD
:1016C0001344029102443FB2DAF8000001970FFA86
:1016D0008BF10091476905991BB212B25046B84789
:1016E0004B465CE7002F95DA8CE70029F8D08FE7AE
:1016F0002DE9F3411E46364BC0E90031B2F9043002
:10170000038100259DF82030837200F114080446FF
:101710008581C5810582458240461746EBF706FB69
:10172000C4E91355C4E91555C4E91855C4E91B5556
:1017300084F84450A4F84650A4F84850A4F84A50FD
:1017400084F85C5084F85D50A4F868503068716883
:10175000728835886B4603C37B88B6F90400B6F9F6
:10176000061013443A88E3812A44A28120826182D0
:1017700068463946EDF7C4FC04F10C00EDF798FC1F
:10178000BDF90230BDF80020A4F84620A4F8483086
:101790004046EBF7AFFABDF90030B4F912205B0117
:1017A000E364BDF902305B012365BDF904305B01E0
:1017B0006365BDF906305B01A365B4F91030A4F888
:1017C0004A302046C4E90F3202B0BDE8F08100BFC4
:1017D000705C020838B590F85C30044693B190F81C
:1017E000683090F8692013420CD100F1140523B140
:1017F000D0E918122846FFF7A1FED4E91B122846AB
:10180000FFF79CFE002384F85C30D4E9060398427D
:1018100034BF0020012038BD2DE9F341857A6943AA
:101820004D1C05EB11252D12044600F0998090F80F
:101830005D30002B00F09480FFF7CCFF07460028B6
:1018400045D06068474E036837689B6898470146F3
:101850003846E8F713FF0746E1F71EFE03681B6BE7
:1018600098478046E1F718FE0368DB6A98470B2823
:101870005BD8DFE800F0515C6C065A304065656566
:101880006565B4F90E30B4F90C10082291FBF2F240
:1018900008FB03231F444B4203F0070301F0070139
:1018A00058BF5942C9B2EDB23A46CDE900150FFA18
:1018B00088F3616804F11400FFF74CFE0746606886
:1018C00003681B699847306803681B6B9847384664
:1018D00002B0BDE8F081B4F90E30B4F90C10042266
:1018E00091FBF2F208FB03231F444B4203F0030376
:1018F00001F00301D4E7B4F90C10B4F90E3000295B
:101900004FF0020291FBF2F201F0010108FB032308
:101910001F44B8BF4942C5E7B4F90E30B4F90C20F2
:1019200008FB03F303EB42031F440021BBE7B4F9B8
:101930000E3008FB03F2A389032113FB0123F3E715
:10194000B4F90E30B4F90C2008FB0323ECE7B4F92A
:101950000E30B4F90C2008FB03F303EB8203E3E73A
:101960000127B4E74C35012010B5064B1B78012B3D
:1019700007D1B0F908000B681468C3EB401313607B
:101980000C6010BD4435012013B590F85C3004465E
:10199000CDE90021A3B96A4601A92046FFF7E4FF7B
:1019A000E36C0199009AC91A236D0191D21A002A99
:1019B00000920BDA012300290EDA43F0040313E04E
:1019C000FFF708FF0028E6D102B010BDA36D9A42D0
:1019D000ACBF02230023EEE7606D8142ACBF08205C
:1019E00000201843C3B258B1002284F85C2001994A
:1019F000009AE1662267C4E9181284F86830E3E7C8
:101A000084F86900D4E90630984203D804F1140040
:101A1000EBF76EFE012384F85C3084F85D30002320
:101A2000E5E773B502AB044643F8082D01911A4669
:101A300001A9FFF799FFE36C0199009AC91A236D78
:101A40000191D21A002A00921CDBA36D9A42ACBF0E
:101A500002200020002917DB636D9942ACBF0823E8
:101A60000023034394F86800DDB278B904F1140050
:101A7000FFF764FD019B2366009B636684F8685052
:101A800002B070BD0120E5E70423EAE713B110EAD4
:101A900005031CD194F85C3004F11406D4E9181243
:101AA0008BB984F86900D4E90630984202D83046F0
:101AB000EBF71EFE012384F85C3084F85D30DDE92D
:101AC00000213046D4E73046FFF738FDF7E71D46E2
:101AD000D0E7000038B52DED108BF6EE00BA9FED83
:101AE0005ABA0546B0EE40CAF0EE60CAB0EE41DA2E
:101AF000F0EE61DAB0EE42EAF0EE62EA0C46F0EEA9
:101B00006BAA082C6ED87EEE4C6A7DEEEE7A3DEE26
:101B10004E6A3EEEEC7A66EEE77A3CEE0DFAE6EEC1
:101B2000077A7CEEADFA7DEE0E9A3DEEAEAAF5EEAA
:101B3000C07AF1EE10FA2FEE2BFA6FEEABFA69EEE7
:101B4000AB9A2AEE2BAA48BFF1EE677A7FEE298A7C
:101B50003FEE8A9AF4EECB7AF1EE10FA68EEAB8A99
:101B600029EE2B9AB5EE006A3FDD27EE077A67EE85
:101B7000A77AA6EEA67A27EE067AF4EEC77AF1EEF9
:101B800010FA47D87EEE4D0A3EEEED0A00F03BFA21
:101B90007DEE4C0AB0EE408A3DEEEC0A00F033FADE
:101BA00038EE400ADFED297AB5EEC00AF1EE10FA00
:101BB00048BFB1EE400AB4EEE70AF1EE10FAA4BF56
:101BC000DFED237A37EEC00ADFED227AB4EEE70AC2
:101BD000F1EE10FA1ED5F0EE490AB0EE680A28467A
:101BE000E9F752FFBDEC108B38BD7CEE0E7AB0EEFB
:101BF000687AA7EEEA7A7CEEAE7AF0EE496AE7EE12
:101C0000EA6A66EEA67AE7EE077AF4EEC67AF1EEB5
:101C100010FAE0D90134F0EE6C0AB0EE4C0A21461D
:101C2000F0EE492AB0EE682AF0EE6F1AB0EE4F1AC5
:101C30002846FFF74FFFF0EE4ADAB0EE69DAF0EE31
:101C400049CAB0EE68CA5CE7FFE6DB2EDB0F49400D
:101C5000DB0FC940CDCCCC3D30B52DED108B04460B
:101C600085B0F0EE408AF0EE609AF0EE41FAB0EE08
:101C700061FAF0EE42BAB0EE62CAF0EE43AAB0EEFC
:101C800063BA0D46082D00F215813BEEAA6AF6EE06
:101C9000007A7FEEAB6A26EE276A38EEAFDA8DED7A
:101CA000016AA6EEA76A2DEE27DA7CEE0BCAB0EE2B
:101CB0004DEAA6EEA7EA6CEEA7CA66EE276A3FEEEB
:101CC0000C7ACDED036A79EE8FDAF0EE6C6AE7EE0E
:101CD000276A6DEEA7DA2EEE27EAF0EE6DEAE7EE60
:101CE00027EA26EEA77A6EEEA7EA8DED027A9DED41
:101CF000037A3EEE079A9DED027A3EEE87AA29EE20
:101D0000279A2AEE27AAF0EE676A002D00F00D81CF
:101D10007AEEE85A3FEE4B7A7BEE697A3FEEEA6A5A
:101D200025EEC77A3BEEEA5AA6EE277A3CEE4B6ADE
:101D3000B5EEC07A25EEC66AF1EE10FAA5EE276A76
:101D4000DFED8B4AB5EEC06A48BFB1EE477AF1EEDF
:101D500010FAB4EEE47A48BFB1EE466AF1EE10FA3A
:101D6000B5EE005A40F3AA80B4EEE46AF1EE10FA40
:101D70005CDD65EEA55A37EE067AE7EEA75A27EE48
:101D8000077A65EE857AB4EEE77AF1EE10FA00F2A2
:101D9000CC807BEEEF0A3CEE4F0A00F034F97FEE88
:101DA000E80AB0EE408A3FEE690A00F02CF938EEFE
:101DB00040FA7AEEEB0AB5EEC0FAF1EE10FA3BEE1D
:101DC0004C0A48BFB1EE4FFA00F01DF930EE480A58
:101DD000DFED687AB5EEC00AF1EE10FAB4EEE7FA7C
:101DE00048BFB1EE400ADFED637AF1EE10FAA8BF0A
:101DF0009FED617AB4EEE70AA8BF37EE4FFAF1EE35
:101E000010FAA8BF9FED5C7ADFED5C7AA8BF37EED1
:101E1000400A3FEE000AB4EEE70AF1EE10FA40F194
:101E20008480F0EE4A0AB0EE490A40E067EEA77AF5
:101E300027EE077AE5EEA57A67EE857AB4EEE77AC3
:101E4000F1EE10FA71D87BEEEF0A3CEE4F0A00F08B
:101E5000DAF87FEEE80AB0EE408A3FEE690A00F059
:101E6000D2F838EE400ADFED437AB5EEC00AF1EE63
:101E700010FA48BFB1EE400AB4EEE70AF1EE10FAEC
:101E8000A4BFDFED3D7A37EEC00ADFED3C7AB4EE59
:101E9000E70AF1EE10FA48D5F0EE4F0AB0EE6F0AFD
:101EA0002046E9F7F1FDF0EE4C0AB0EE6B0A204651
:101EB000E9F7EAFD05B0BDEC108B30BD9FED2C7A43
:101EC000B4EEC76AF1EE10FA19DD67EEA77A26EED6
:101ED000067AE5EEA57A67EE857AB4EEE77AF1EE5A
:101EE00010FA22D87AEEEB0A3BEE4C0A00F08BF89F
:101EF0007BEEEF0AB0EE408A3CEE4F0AAFE778EE99
:101F0000AA7AB0EE497AA7EEE67A79EE8B7AB0EE4D
:101F10004A6AA7EEE66A66EE067AE7EE077AF4EE1C
:101F2000C57AF1EE10FA7FF67CAF0135F0EE690A62
:101F3000B0EE680A2946F0EE4A3AB0EE493AF0EEC1
:101F40006E2AB0EE4E2AF0EE6D1AB0EE4D1A204613
:101F5000FFF782FEB0EE6CCADDED01BA9DED02FA2C
:101F6000DDED03FAF0EE4A9AF0EE498A8AE600BF08
:101F7000FFE6DB2EDB0F4940DB0FC940CDCCCC3D6B
:101F800010B5044B044640F8143BEAF7ABFE20467C
:101F900010BD00BF705C020810B50446FFF7F0FFEB
:101FA0002046742100F007F8204610BD0B4601467C
:101FB000184601F01FB800F012B80268D2070346B5
:101FC00005D4427802B1FFDE01205870704700202E
:101FD000704701230360704708B500F00FF800F068
:101FE00053BF08B5804700F01BFF0000024B186884
:101FF000BFF35B8F704700BF1C01002008B5FFF7DF
:10200000F5FFFFF7EEFF00F04DB9000008B52DED2C
:10201000028BB0EE408A00F0A1F8B4EE488AF1EEEF
:1020200010FA0CD6DFED078AB4EEE88AF1EE10FA6A
:1020300005D501F0A7F988EEA80A21230360BDECBD
:10204000028B08BD0000000010EE103A07B51E4AD2
:1020500023F00043934206D8DFED1C0A03B05DF87D
:1020600004EB00F07FB8B3F1FF4F04D330EE400A29
:1020700003B05DF804FB684600F0B4F900F003001B
:10208000012809D0022810D0B0B9DDED010A9DED7C
:10209000000A00F067F8EBE7DDED010A9DED000AAC
:1020A00000F0B8F8B1EE400AE2E7DDED010A9DED7F
:1020B000000A00F057F8F5E7DDED010A9DED000A92
:1020C000012000F0A7F8D3E7D80F493F0000000037
:1020D00010EE103A07B51F4A23F00043934207D889
:1020E000DFED1D0A002003B05DF804EB00F092B8AC
:1020F000B3F1FF4F04D330EE400A03B05DF804FBA8
:10210000684600F06FF900F0030001280AD00228A9
:102110000FD0C0B9DDED010A9DED000A012000F0ED
:1021200079F8EAE7DDED010A9DED000A00F01AF802
:10213000E3E7DDED010A9DED000A012000F06AF8F9
:10214000B1EE400AD9E7DDED010A9DED000A00F08D
:1021500009F8F5E7D80F493F00000000B1EEC00ACA
:102160007047000010EE103A23F00043B3F1485FCF
:10217000F0EE406AB7EE000A04D2FDEEE67A17EE02
:10218000902A42B326EEA67ADFED1A7A9FED1A6AFC
:102190001A4AA7EE276A9342DFED197AE6EE077A2C
:1021A0009FED186AA7EE876ADFED177AE6EE077AE9
:1021B0009FED166AA7EE876A60EEE60A26EE076ACA
:1021C000F6EE007AE7EE060A67EE277A04D877EE95
:1021D000E07A30EE670A70470D4A93429ABF03F1E6
:1021E0007F4307EE103AB5EE027A30EE470A77EEFB
:1021F000C77AECE74ED747ADF6740F319999993EFF
:102200007CF293B4010DD037610BB6BAABAA2A3D6C
:102210000000483F10EE103A23F00043B3F1485F4E
:1022200004D2FDEEC07A17EE903A5BB320EE007A4E
:10223000DFED157A9FED156AA7EE276ADFED147AB8
:10224000E6EE077A9FED136AA7EE876ADFED127A52
:1022500060EE076AE6EE077A30B99FED106AA7EEE6
:10226000276AA6EE260A704767EEE67AB6EE006A9F
:10227000E0EE867AD7EE870ADFED097AE6EEA70A66
:1022800030EE600A704700BFD3C92E2F342FD7B26B
:102290001BEF3836010D50B98988083CABAA2ABE1D
:1022A000ABAA2A3E10EE902A22F00041B1F1FF4F76
:1022B00010B5F0EE407A06D810EE100A20F0004378
:1022C000B3F1FF4F04D977EEA07AB0EE670A10BDE4
:1022D000B2F17E5F03D1BDE8104000F0B3B99417AE
:1022E00004F0020444EAD07443B9022C5ED09FED9E
:1022F000347A032C08BFF0EE477AE6E741B9DFED08
:10230000317A9FED317A0028A8BFF0EE477ADCE7FA
:10231000B1F1FF4F10D1B3F1FF4F04F1FF3407D1FA
:10232000022C46D8294B03EB8403D3ED007ACCE78B
:10233000022C41D8264BF6E7B3F1FF4FDFD05B1AF2
:10234000B3F1F45F4FEAE3511ADA002A01DA3C31C3
:1023500019DB87EEA00A00F049FA00F073F9F0EEFD
:10236000407A012C12D0022C17D0002CADD09FED5A
:10237000197A77EE877A9FED187A77EEC77AA4E715
:10238000DFED117AEDE7DFED157AEAE717EE903A27
:1023900003F1004307EE903A97E79FED0E7A77EE50
:1023A000877A9FED0D7A77EE677A8EE7DFED0A7A0E
:1023B0008BE7DFED0B7A88E7DFED087A85E700BF72
:1023C000DB0F49C0DB0FC9BFDB0FC93F885C0208C8
:1023D0007C5C02082EBDBB33DB0F494000000000CF
:1023E000DB0F493FF0B510EE106A884B26F0004530
:1023F0009D4287B0044605D8002380ED000A436063
:10240000002022E0824B9D423AD826F00043002E65
:102410009FED807A804A23F00F0318DD934270EE1F
:10242000477A09BF9FED7D7ADFED7D6ADFED7D6A3A
:1024300077EEC77A37EEE67A77EEC77A80ED007AE4
:1024400077EEE67AC0ED017A012007B0F0BD934245
:1024500070EE077A09BF9FED717ADFED716ADFEDEB
:10246000716A77EE877A37EEA67A77EEC77A80EDD3
:10247000007A77EEA67AC0ED017A4FF0FF30E4E7FC
:10248000694B9D4273D800F0B1F99FED687AF6EE82
:10249000007AE0EE077AFDEEE77AB8EEE77A17EE1B
:1024A000900ADFED5C7AA7EE670A1F28DFED5C7A01
:1024B00067EE277AB1EE476A70EE676A16EE901AF9
:1024C00009DC5B4A471E26F0004352F8272023F020
:1024D000FF03934207D1C1F3C752C2EBD552082A7A
:1024E0004FEAE55314DC216094ED007A30EE470AA0
:1024F000002E30EE670A84ED010AA6DAB1EE477AC3
:10250000B1EE400A84ED007A84ED010A40429CE776
:10251000DFED425AF0EE406AE6EE256A70EE667A2A
:10252000E6EE257ADFED3F5AD7EE257A76EEE75ACA
:1025300015EE902AC2F3C7515B1A192B04DCC4EDC7
:10254000005AB0EE660ACFE7DFED3A5AB0EE660AFF
:10255000A6EE250A76EEC07ADFED376AE6EE257A3A
:10256000D7EE267A30EE677A84ED007ABCE7B5F1D3
:10257000FF4F06D370EE407AC0ED017AC0ED007ACD
:102580003EE7EA15863AA5EBC25307EE903ABDEE58
:10259000E77ADFED2A6AB8EEC77A77EEC77A8DED73
:1025A000037A67EEA67ABDEEE77AB8EEC77A77EEE1
:1025B000C77A8DED047A67EEA67AF5EE407AF1EEF1
:1025C00010FACDED057A1ED1B5EE407AF1EE10FA93
:1025D0000CBF012302231A4901910221009103A893
:1025E000214600F00BF9002EBFF62FAFD4ED007A94
:1025F000F1EE677AC4ED007AD4ED017AF1EE677AF4
:10260000C4ED017A82E70323E5E700BFD80F493F15
:10261000E3CB1640800FC93FD00FC93F0044353788
:102620004344353708A3852E800F494384F9223F60
:10263000945C020800A3852E32318D240000804373
:10264000145D020838B510EE105A25F00044B4F1BC
:10265000A14FF0EE407A10D3B4F1FF4F04D970EEE1
:10266000007AB0EE670A38BDDFED4D7A9FED4D7A06
:10267000002DC8BFF0EE477AF3E74B4B9C4210D8D1
:10268000B4F1445F0AD29FED497A30EE077AF7EE53
:10269000006AB4EEE67AF1EE10FAE2DC4FF0FF33B6
:1026A00013E000F0A3F8424B9C424FD8A3F5D003AF
:1026B0009C4241D8F0EE007ABFEE007AA0EE277A75
:1026C000002330EE270AC7EE007A5A1C27EEA76ACD
:1026D0009FED387ADFED385A9FED385A66EE066A7C
:1026E000E6EE875A9FED367AA5EEA67ADFED355AEB
:1026F000E7EE265A9FED347AA5EEA67ADFED335A3F
:10270000E7EE265A9FED327AA6EE875A9FED317A90
:10271000A5EE267A9FED305AA7EE265A9FED2F7A26
:10272000A5EE267A27EE267AA5EE867A27EE877A18
:1027300021D177EEC77A94E7F7EE007A30EE677A28
:1027400030EE270A0123C7EE007ABEE7244B9C42F5
:102750000BD8F7EE087AB7EE007AA0EE277A0223BC
:1027600070EE676AC6EE877AAFE7BFEE007AC7EE13
:10277000007A0323A9E71B4A1B4902EB830201EB02
:102780008303D3ED006A37EE667A002D37EE677A61
:10279000D2ED007A77EEC77AB8BFF1EE677A60E7DC
:1027A000DB0FC9BFDB0FC93FFFFFDF3ECAF2497134
:1027B000FFFF973FD769853C59DA4B3D6BF16EBD02
:1027C000356B883D6E2EBA3D2549123EABAAAA3E16
:1027D00021A215BD95879DBD388EE3BDCDCC4CBEE5
:1027E000FFFF1B403C6002082C60020810EE103A0C
:1027F00023F0004300EE103A704700002DE9F04F3F
:102800002DED048BD9B090460190B64A669818F128
:10281000040F52F820A00F4603F1FF3B26DBB8F16E
:10282000030248BF08F10402D210551C67999FEDBE
:10283000B17AE800A2EB0B060290A8EBC5050AEB03
:102840000B0C1CAC01EB860E0020604510DD1CA9B2
:1028500001EB83000DF588790026564524DCDDF870
:1028600004E0DFEDA47A8446002416E00022DCE7D1
:10287000C6425DBF5EF8201007EE901AF8EEE77AC8
:10288000F0EE477AE4EC017A0130DEE7FEEC016A13
:102890003CED017AE6EE877A01345C45F6DDE9EC41
:1028A000017A01360430D8E708A901EB8A010491C6
:1028B0006799DFED8F8A9FED8D9A01EB820203927B
:1028C0005446A200059258AA02EB840212ED140AA3
:1028D00044A908AA01EB840094462646002E4CDC4D
:1028E0002846CDE9062300F0F1F9B0EE408AB4EEB7
:1028F000000A28EE000A00F04FFAF2EE007AA0EE8D
:10290000678A002DDDE90623FDEEC87A17EE909A5E
:10291000F8EEE77A38EE678A41DD04F1FF3C08A95A
:10292000C5F1080E51F82C6046FA0EF0814400FA09
:102930000EF0361AC5F1070041F82C600641002E52
:102940003CDD4FF0000E09F101097046744568DC6A
:10295000002D03DD012D74D0022D7DD0022E2DD14E
:10296000B7EE000A30EE488A40B32846069300F0DE
:10297000ADF9069B38EE408A20E060EE287A013EF1
:10298000FDEEE77AF8EEE77AA7EEC90ABDEEC00AD7
:10299000ACEC010A30ED010A37EE800A9EE705D162
:1029A000601E08A951F82060F611C8E7F6EE007A1B
:1029B000B4EEE78AF1EE10FA31DA0026B5EE408A7D
:1029C000F1EE10FA40F09880601E002250454BDA7C
:1029D000002A65D0013C08AB083D53F82430002B99
:1029E000F8D02846B7EE000A00F070F9631C44AA3C
:1029F0009FED3F7A990002EB83022346002B80F281
:102A0000A9802346002BC0F2C78044AA02EB8305AD
:102A1000DFF8D4C0DFED377A0020E21AB1E00226F9
:102A20008FE752F8041B48B921B1C1F5807142F813
:102A3000041C01210EF1010E084687E7C1F1FF01D8
:102A4000F5E704F1FF3C08AA52F82C2002F07F02BF
:102A500008A941F82C2081E704F1FF3C08AA52F8AC
:102A60002C2002F03F02F3E708A951F820100138AA
:102A70000A43ABE7013250F8046D002EFAD00599F5
:102A800001F5B0710DEB0100E6181CA904F1010C71
:102A90004C3801EB86062244624504DA144610E7FE
:102AA00004980122E7E70399DDF804E051F82C10BF
:102AB000059107EE901AF8EEE77A0024E6EC017A29
:102AC000DFED0C7AB1465C4504DDE0EC017A0CF1F7
:102AD000010CE1E7FEEC016A39ED017A0134E6EE22
:102AE000877AF0E7786002084C60020800008043B3
:102AF0000000803B00000000029BB0EE480AA3EB00
:102B0000080000F0E3F81FED077AB4EEC70AF1EE13
:102B100010FA19DB5FED0A7A60EE277A08AAFDEE5B
:102B2000E77A0835F8EEE77AA7EEC70AFDEEE77A0E
:102B3000BDEEC00A10EE103A42F8243017EE903A7B
:102B4000013442F824304CE7BDEEC00A08AA10EE6A
:102B5000103AF6E708A850F82300019007EE900A13
:102B6000F8EEE77A013B67EE807A20EE070A62ED25
:102B7000017A43E7FCEC016AB5EC017AE6EE877A6C
:102B80000130504501DC9042F4DD58A800EB820290
:102B900042ED287A013B35E7669B022B09DC002BCE
:102BA00027DC40D009F0070059B0BDEC048BBDE82C
:102BB000F08F669B032BF5D130AA0B1F13441A46E6
:102BC0002046002850DC2246012A5DDC30AB5FED58
:102BD000377A0B44012C67DCDDED306A9DED317AEC
:102BE000002E67D1C7ED006A87ED017AC7ED027A42
:102BF000D8E730AB1FED417A0B442246002A24DA95
:102C00004EB3F1EE477AC7ED007ADDED307A77EE1C
:102C1000C77A31AA01239C4220DA0EB1F1EE677A1D
:102C2000C7ED017ABEE730AB5FED4E7A0B44002C66
:102C300005DA0EB1F1EE677AC7ED007AB2E733ED4F
:102C4000017A013C77EE877AF1E773ED017A013A78
:102C500037EE277AD2E7F0EE477AD4E7B2EC017A82
:102C6000013377EE877AD6E772ED017AD2ED016A09
:102C700037EEA67A013877EEC77A82ED007A77EEE2
:102C8000A67AC2ED017A9CE773ED017AD3ED016A71
:102C900037EEA67A013A77EEC77A83ED007A77EEBF
:102CA000A67AC3ED017A8FE733ED017A013C77EE26
:102CB000877A8FE7F1EE666AB1EE477AC7ED006A70
:102CC00087ED017AF1EE677A90E700BF10EE103AD7
:102CD00033F000422BD0B2F1FF4F02D330EE000AA6
:102CE000704713F0FF4F23D1244BDFED257A984234
:102CF00020EE270A17DB10EE103AC3F3C752193A39
:102D00004CF25031884215DDDFED1E7ADFED1E6A90
:102D100010EE103AB0EE677A002BB8BFF0EE667A8C
:102D200027EE870A7047DFED197A27EE800A704791
:102D3000D20DE5E71044FE28E6DC002806DD23F08E
:102D4000FF4343EAC05300EE103A704710F1160FEC
:102D500009DADFED0E7ADFED0E6A10EE103AB0EE12
:102D6000677A002BD9E7193023F0FF4343EAC053B9
:102D70009FED080A07EE903AD7E700BFB03CFFFF8F
:102D80000000004CCAF24971CAF249F16042A20D3A
:102D90006042A28D0000003310EE103AC3F3C75218
:102DA0007F3A162A23F000412BDC002A12DADFEDED
:102DB000197A30EE270AB5EEC00AF1EE10FA06DDF8
:102DC000002B24DA0029144B08BF4FF0004300EE1B
:102DD000103A7047114911410B42FAD0DFED0D7ADC
:102DE00030EE270AB5EEC00AF1EE10FAEFDD002B47
:102DF000BEBF4FF4000040FA02F29B1823EA010321
:102E0000E5E7B1F1FF4FE4D330EE000A704700234D
:102E1000DDE700BFCAF24971000080BFFFFF7F00FD
:102E200008B5062000F03CFA0120DFF71FFB000088
:102E30001FB514461A46094B1B680546D8684CB1A5
:102E4000074B0091CDE9013406492B4600F084F987
:102E5000FFF7E6FF044B1C46F3E700BF2C01002000
:102E6000B2490208BF490208ED49020800230146A1
:102E70001A46184600F0C2BA024B0146186800F024
:102E80002DB800BF2C010020024B0146186800F04D
:102E900011BB00BF2C01002070B50F4E0C463168ED
:102EA000054611B900F04CFA30602146284600F082
:102EB00047FA431C03D14FF0FF34204670BDC41CB9
:102EC00024F00304A042F8D0211A284600F038FA72
:102ED0000130F2D1EFE700BFA83F01202DE9F84310
:102EE000CD1C25F0030508350C2D38BF0C25002D11
:102EF000064601DBA94204D90C2333600020BDE85B
:102F0000F883DFF8D48000F069F8D8F800301C4668
:102F100044BB29463046FFF7BFFF431C044658D147
:102F2000D8F800402746002F43D1002C4BD023680F
:102F30003946304604EB030900F002FA814542D1DC
:102F400021686D1A29463046FFF7A6FF01303AD0B6
:102F500023682B442360D8F800305A6862BBC8F855
:102F600000700FE02268521B20D40B2A17D9611978
:102F7000A342256018BF5960636808BFC8F80010F5
:102F800062514B60304600F02FF804F10B00231D16
:102F900020F00700C21A1CBF1B1AA350AFE76268DB
:102FA000A3420CBFC8F800205A60EBE723466468D0
:102FB000AEE73C467F68B6E71A465B68A342FBD1A2
:102FC00000235360DEE70C233360304600F00CF83A
:102FD00094E70560D6E700BFAC3F0120014800F050
:102FE000FCB900BFF0400120014800F0F7B900BF74
:102FF000F040012010B504460448134620B10A46AB
:103000000220214600F0FAF910BD00BFFD3302088E
:10301000002310B50446C0E90033C0E904338360DF
:1030200081814366C2818361194608225C3000F0C9
:1030300006F90D4B63620D4BA3620D4BE3620D4B22
:1030400023630D4B24629C4206D003F16802944234
:1030500002D0D0339C4205D104F15800BDE81040A5
:1030600000F0BAB910BD00BFB9310208DB31020867
:103070001332020837320208B03F0120024A0349E6
:10308000034800F07BB800BF20010020ED3B0208A0
:103090003001002041680C4B994210B5044601D024
:1030A00000F0A4FDA168094B994202D0204600F02F
:1030B0009DFDE168064B994204D02046BDE81040D2
:1030C00000F094BD10BD00BFB03F012018400120AA
:1030D0008040012010B50B4B0B4C0C4A1A60204667
:1030E00000220421FFF794FF04F168000122092166
:1030F000FFF78EFF04F1D0000222BDE8104012213C
:10310000FFF786BFE8400120B03F01207D30020874
:10311000014800F062B900BFF2400120014800F010
:103120005DB900BFF240012010B50446FFF7F0FF83
:10313000236A1BB1BDE81040FFF7F0BF044B2362C8
:10314000044B1B68002BF5D1FFF7C4FFF2E700BF6B
:1031500095300208E84001200EB403B5014603ABE8
:10316000054853F8042B0068019300F017FA02B0E9
:103170005DF804EB03B070472C0100202DE9F84303
:103180000746884614460026D4E90195B9F101099D
:1031900005D52468002CF7D13046BDE8F883AB890B
:1031A000012B07D9B5F90E30013303D02946384633
:1031B000C04706436835E9E710B50C46B1F90E1073
:1031C00000F098F80028ABBF636DA3891B1823F4A7
:1031D0008053ACBF6365A38110BD2DE9F0411F464C
:1031E0008B89DB0505460C46164605D5B1F90E1050
:1031F0000223002200F06CF8A389B4F90E1023F426
:103200008053A38132463B462846BDE8F04100F09A
:10321000A7B810B50C46B1F90E1000F059F8431CD0
:10322000A38915BF606523F4805343F48053A381C1
:1032300018BFA38110BDB1F90E1000F039B80244D7
:103240000346934200D1704703F8011BF9E71F2999
:1032500038B505460C4604D9162303604FF0FF30FD
:1032600038BDC26B12B152F821304BB9284600F07C
:1032700065F8224601462846BDE8384000F04CB8C3
:10328000012B0AD0591C03D1162303600120E7E764
:10329000002142F82410204698470020E0E7000073
:1032A000024B01461868FFF7D2BF00BF2C01002077
:1032B00038B5064D0023044608462B60DFF7F8F8C2
:1032C000431C02D12B6803B1236038BDEC400120C0
:1032D00038B5074D04460846114600222A601A46B2
:1032E000DFF7F0F8431C02D12B6803B1236038BD2F
:1032F000EC40012038B5074D04460846114600222F
:103300002A601A46DFF7B8F8431C02D12B6803B1D4
:10331000236038BDEC40012038B5074D002304463A
:10332000084611462B60DFF799F8431C02D12B6841
:1033300003B1236038BD00BFEC400120DFF78CB83B
:1033400038B5064D0023044608462B60DFF7BCF86D
:10335000431C02D12B6803B1236038BDEC4001202F
:1033600038B5074D04460846114600222A601A4621
:10337000DFF790F8431C02D12B6803B1236038BDFE
:10338000EC400120014B1868704700BF2C01002061
:1033900070B50D4D0D4C641BA4100026A64209D13A
:1033A0000B4D0C4C00F062FD641BA4100026A642DD
:1033B00005D170BD55F8043B98470136EEE755F846
:1033C000043B98470136F2E750E6020850E602084F
:1033D00050E6020864E602087047704770470A44E6
:1033E000914200F1FF3300D1704710B511F8014B45
:1033F00003F8014F9142F9D110BD00002DE9F843C7
:10340000274D0746286891460E469846FFF7E5FF88
:10341000244A14683CB9244B1360244A12B1126840
:10342000C3F88820204C63681F2B06DD2868FFF74F
:10343000D5FF4FF0FF30BDE8F8832FB3D4F88800F4
:1034400068B91B4B002BF1D04FF48470FFF714FDCB
:103450000028EBD00023C0E94033C4F8880063683B
:1034600040F8239001229A4000EB8301D0F800310C
:103470001343C0F80031022FC1F8808002BFD0F89A
:1034800004311343C0F80431636828685A1C0233BE
:10349000626044F82360FFF7A1FF0020CBE700BF84
:1034A0007C01002080410120F4400120846002085A
:1034B000792E020838B50546002941D051F8043C60
:1034C0000C1F002BB8BFE418FFF788FD1D4A1368D6
:1034D00033B9636014602846BDE83840FFF784BD07
:1034E000A34208D9206821188B4201BF19685B6884
:1034F00009182160EDE71A465B680BB1A342FAD9BF
:1035000011685018A0420BD1206801445018834222
:103510001160E0D118685B68536008441060DAE716
:1035200002D90C232B60D6E7206821188B4204BFF8
:1035300019685B68636004BF091821605460CAE7BA
:1035400038BD00BFAC3F01209368013B002B10B495
:10355000936008DA9469A34201DB0A2903D15DF87C
:10356000044B00F06BBB1368581C106019700846C0
:103570005DF8044B7047F8B506460F461446D5185B
:10358000AC4201D1002007E014F8011B3A46304656
:10359000FFF7DAFF431CF3D1F8BD00002DE9F04F2F
:1035A0000D469DB014469846064618B1036A0BB9FD
:1035B000FFF7BAFD6B6ED90705D4AB899A0502D423
:1035C000A86DFFF70AFFAB891B0701D52B699BB9D3
:1035D0002946304600F070FB70B16B6EDC0704D5F5
:1035E0004FF0FF301DB0BDE8F08FAB899805F7D4E0
:1035F000A86DFFF7F3FEF3E70023099320238DF86E
:103600002930CDF80C803023DFF8AC818DF82A30DA
:103610004FF0010923469A4613F8012B0AB1252AD7
:10362000F9D1BAEB040B0BD05B4622462946304653
:10363000FFF7A1FF013000F0A780099A5A440992D0
:103640009AF80030002B00F09F8000234FF0FF32EB
:10365000CDE905230AF1010A049307938DF853304D
:103660001A935446052214F8011B5348DCF7C0FD99
:10367000049AD8B9D10644BF20238DF853301307DC
:1036800044BF2B238DF853309AF800302A2B15D0E5
:10369000079A544600204FF00A0C214611F8013BCE
:1036A000303B092B4BD9B0B1079214E0A0EB0803D3
:1036B00009FA03F313430493A246D2E7039B191DAF
:1036C0001B680391002BBBBF5B4242F002020793D1
:1036D0000793B8BF049223782E2B0AD163782A2B44
:1036E00032D1039B1A1D1B68039243EAE373023431
:1036F0000593DFF8D4A0217803225046DCF778FD4B
:1037000038B1049BA0EB0A004022824013430134ED
:10371000049314F8011B29488DF828100622DCF7C1
:1037200067FD00283FD0264B1BBB039B073323F0CC
:10373000070308330393099B3B4409936AE70CFB97
:1037400002320C460120A8E70023013405931946F4
:103750004FF00A0C204610F8012B303A092A03D901
:10376000002BC6D00591C4E70CFB012104460123C0
:10377000F0E703AB00932A46124B04A93046AFF39F
:1037800000800746781CD6D16B6ED90705D4AB896B
:103790009A0502D4A86DFFF721FEAB895B063FF5C1
:1037A0001FAF09981EE703AB00932A46054B04A9F7
:1037B000304600F079F8E4E7EE490208F8490208DB
:1037C0000000000077350208F44902082DE9F047AF
:1037D000164698468A680B69DDF820909342B8BF78
:1037E0001346336091F8432007460C460AB1013373
:1037F00033602368990642BF33680233336025681B
:1038000015F0060506D104F1190AE36832689B1A1F
:10381000AB4226DC94F843302268003B18BF0123FA
:1038200092062BD404F1430241463846C847013082
:103830001ED02368226903F00603042B02BFE5684B
:103840003368ED1AA3680CBF25EAE575002593429D
:10385000C4BF9B1AED1800261A34B5421AD10020B5
:1038600008E00123524641463846C847013003D19B
:103870004FF0FF30BDE8F0870135C6E7E1185A1C6C
:10388000302081F84300224494F8451082F8431018
:103890000233C7E70123224641463846C847013074
:1038A000E6D00136D9E700002DE9FF470F7E0C9ED8
:1038B000782F914680460C469A4601F1430207D87C
:1038C000622F0AD8002F00F0D180582F00F0B88066
:1038D00004F1420684F842703AE0A7F16303152B25
:1038E000F6D801A151F823F04139020855390208F0
:1038F000D1380208D1380208D1380208D13802087C
:1039000055390208D1380208D1380208D1380208E6
:10391000D1380208533A02087F3902080D3A0208EA
:10392000D1380208D1380208753A0208D1380208A5
:103930007F390208D1380208D1380208153A020846
:1039400033681A1D1B68326004F1420684F8423065
:1039500001239CE033682068191D3160060601D5FB
:103960001D6803E04506FBD5B3F90050002D03DACE
:103970002D236D4284F8433058480A2311E0216812
:103980003368080653F8045B02D4490648BFADB259
:103990006F2F5248336014BF0A230823002184F894
:1039A00043106668A660002E05DB21682E4321F0D7
:1039B000040121604BD01646B5FBF3F103FB115710
:1039C000C75D06F8017D2F46BB420D46F4D9082B92
:1039D0000BD12368DF0708D5236961689942DEBFF0
:1039E000302306F8013C06F1FF36921B2261CDF828
:1039F00000A04B4603AA21464046FFF7E7FE0130F0
:103A00004AD14FF0FF3004B0BDE8F087236843F09F
:103A1000200323603248782784F845702368316892
:103A20001F0651F8045B02D45F0648BFADB2316097
:103A3000D90744BF43F0200323601DB11023ADE735
:103A40002648E9E7236823F020032360F6E71646BB
:103A5000BDE7336825686169181D30602E061B6854
:103A600001D5196002E06806FBD5198000232361A7
:103A70001646BCE733681A1D32601E686268002172
:103A80003046DCF7B5FB08B1801B606063682361DA
:103A9000002384F84330AAE723693246494640466A
:103AA000D0470130ADD023689B0713D4E068039B57
:103AB0009842B8BF1846A6E7012332464946404619
:103AC000D04701309DD00135E36803995B1AAB42C2
:103AD000F2DCEBE7002504F11906F5E7FF490208DF
:103AE000104A0208B1F90C202DE9F04116070546ED
:103AF0000C4654D44B68002B02DC0B6C002B48DDC9
:103B0000E66A002E45D0002312F480522F68216A05
:103B10002B6030D0626DA389590705D56368D21A2E
:103B2000636B0BB1236CD21A0023E66A216A284624
:103B3000B047431CA38906D129681D292BD82A4ADE
:103B4000CA40D60727D500226260D90422692260C4
:103B500004D5421C01D12B6803B96065616B2F60ED
:103B6000B9B104F14403994202D02846FFF7A2FC00
:103B7000002363630DE001232846B0470246501C32
:103B8000C9D12B68002BC6D01D2B01D0162B1ED1FE
:103B90002F60002022E043F040031BB21BE00F69BE
:103BA000002FF6D093070E6808BF4B690F6018BF4F
:103BB0000023A6EB07088B60B8F1000FE9DD216A4E
:103BC000A66A43463A462846B047002808DCB4F9BE
:103BD0000C3043F04003A3814FF0FF30BDE8F0818B
:103BE0000744A8EB0008E7E70100402038B50B695F
:103BF00005460C4613B90025284638BD18B1036A9E
:103C00000BB9FFF791FAB4F90C30002BF3D0626EC8
:103C1000D00704D4990502D4A06DFFF7DEFB284637
:103C20002146FFF75FFF636EDA070546E4D4A389F8
:103C30009B05E1D4A06DFFF7D1FBDDE7F8B50E469B
:103C40001446054618B1036A0BB9FFF76DFAA3696C
:103C5000A360A3891A0701D5236943B921462846E1
:103C600000F02AF818B14FF0FF373846F8BD236846
:103C70002269981A6369F6B28342374605DC214609
:103C80002846FFF7B3FF0028EDD1A368013BA360EE
:103C900023685A1C22601E706269431C9A4204D039
:103CA000A389DB07E1D50A2EDFD121462846FFF79D
:103CB0009DFF0028D9D0D6E738B5294B05461868AE
:103CC0000C4618B1036A0BB9FFF72EFAB4F90C30A1
:103CD000190722D4DA0607D409222A6043F04003E8
:103CE000A3814FF0FF3033E0580712D5616B41B12B
:103CF00004F14403994202D02846FFF7DBFB00237E
:103D00006363A38923F02403A381002363602369F1
:103D10002360A38943F00803A38123694BB9A389D6
:103D200003F42073B3F5007F03D02146284600F04A
:103D30003FF8B4F90C3013F001020AD00022A2605F
:103D400062695242A261226942B913F08000C5D172
:103D500038BD990758BF6269A260F4E70020F7E711
:103D60002C01002070B50C46B1F90E10002996B058
:103D700015461E460DDAA38913F0800F4FF000019F
:103D800014BF40234FF48063002031602B6016B0D5
:103D900070BD6A4600F048F80028ECDB019901F498
:103DA0007041A1F50053594259414FF48063EBE74C
:103DB0008B89F7B59D0706460C4607D504F14703E6
:103DC000236023610123636103B0F0BD01AB6A4648
:103DD000FFF7C8FF009F054639463046FFF77EF8DB
:103DE00048B9B4F90C309A05EED423F0030343F03C
:103DF0000203A381E2E7A389206043F08003A3814B
:103E0000019BC4E904075BB1B4F90E10304600F021
:103E10001DF828B1A38923F0030343F00103A38114
:103E2000A3891D43A581CFE738B5074D002304467C
:103E3000084611462B60DEF73EFB431C02D12B687F
:103E400003B1236038BD00BFEC40012038B5064DFA
:103E50000023044608462B60DEF732FB431C02D1E8
:103E60002B6803B1236038BDEC400120F8B500BFDA
:103E7000F8BC08BC9E467047F8B500BFF8BC08BC4B
:043E80009E467047A3
:103E840000000000FFFFFFFFFFFFFFFF0000000036
:103E9400010000000000000000000000010000001C
:103EA400FFFFFFFFFFFFFFFF01000000FFFFFFFF19
:103EB400FFFFFFFF010000000100000001000000FF
:103EC4000000000000000000C3060008C50600084A
:103ED40019070008250800086672616D6542756659
:103EE40066657220213D203020262620224120664E
:103EF40072616D656275666665722061646472657F
:103F04007373206D75737420626520736574220069
:103F14007669727475616C20766F696420746F754C
:103F240063686766783A3A48414C3A3A736574462E
:103F340072616D654275666665725374617274412F
:103F4400646472657373657328766F69642A2C20C0
:103F5400766F69642A2C20766F69642A29002E2ED4
:103F64002F2E2E2F4D6964646C6577617265732FF3
:103F740053542F746F7563686766782F6672616D2A
:103F840065776F726B2F696E636C7564652F746FE0
:103F94007563686766782F68616C2F48414C2E689A
:103FA4007070007769647468203E3D204449535022
:103FB4004C41595F57494454482026262068656976
:103FC400676874203E3D20444953504C41595F4832
:103FD400454947485420262620224672616D656271
:103FE40075666665722063616E6E6F74206265200B
:103FF400736D616C6C6572207468616E20646973A2
:10400400706C617922007669727475616C20766FC8
:10401400696420746F7563686766783A3A48414CFE
:104024003A3A7365744672616D6542756666657287
:1040340053697A652875696E7431365F742C2075FE
:10404400696E7431365F742900286672616D655F2C
:104054006275666665725F73656D20213D204E55FD
:104064004C4C2920262620224372656174696F6EA8
:10407400206F66206672616D656275666665722082
:1040840073656D6170686F7265206661696C6564E3
:10409400220073746174696320766F696420746F9D
:1040A4007563686766783A3A4F5357726170706502
:1040B40072733A3A696E697469616C697A65282920
:1040C40000433A2F546F75636847465850726F6ABD
:1040D400656374732F323034385F47616D652F32F6
:1040E4003034382D52656D616B652F546F7563687C
:1040F4004746582F7461726765742F67656E6572E1
:10410400617465642F4F5357726170706572732EBA
:1041140063707000287673796E635F717565756579
:1041240020213D204E554C4C292026262022437226
:10413400656174696F6E206F66207673796E632093
:104144006D6573736167652071756575652066615A
:10415400696C65642200302026262022556E737512
:1041640070706F7274656420466F726D6174212281
:104174000075696E7433325F742053544D33324486
:104184004D413A3A6765744368726F6D4152544FBA
:104194007574707574466F726D617428746F75638D
:1041A400686766783A3A4269746D61703A3A42696E
:1041B400746D6170466F726D61742900433A2F54B7
:1041C4006F75636847465850726F6A656374732FDE
:1041D400323034385F47616D652F323034382D52B8
:1041E400656D616B652F546F7563684746582F740E
:1041F40061726765742F67656E6572617465642F9B
:1042040053544D3332444D412E6370700075696EC2
:104214007433325F742053544D3332444D413A3A2F
:104224006765744368726F6D415254496E7075745A
:10423400466F726D617428746F7563686766783A47
:104244003A4269746D61703A3A4269746D617046BC
:104254006F726D61742900302026262022556E73FA
:104264007570706F7274656420666F726D6174220C
:10427400007669727475616C20766F69642053549A
:104284004D3332444D413A3A7365747570446174E8
:1042940061436F707928636F6E737420746F7563F4
:1042A400686766783A3A426C69744F7026290063ED
:1042B4006F6D70617469626C654672616D6562757B
:1042C40066666572284269746D61703A3A52474273
:1042D4003536352920262620225468652063686FE8
:1042E40073656E207061696E746572206F6E6C798F
:1042F40020776F726B732077697468205247423558
:10430400363520646973706C6179732200746F753B
:1043140063686766783A3A41627374726163745091
:1043240061696E7465725247423536353A3A416274
:104334007374726163745061696E7465725247423A
:104344003536352829002E2E2F2E2E2F4D696464E4
:104354006C6577617265732F53542F746F7563683E
:104364006766782F6672616D65776F726B2F696E01
:10437400636C7564652F746F7563686766782F77EF
:104384006964676574732F63616E7661732F41622C
:104394007374726163745061696E746572524742DA
:1043A4003536352E68707000646972656374696FA0
:1043B4006E5175657565004755495F5461736B00AF
:1043C40064656661756C745461736B0074797065AF
:1043D40064546578747320213D20302026262022E1
:1043E40054797065645465787420646174616261A1
:1043F400736520686173206E6F74206265656E203A
:10440400696E697469616C697A65642E2200636FF0
:104414006E737420746F7563686766783A3A466F92
:104424006E742A20746F7563686766783A3A5479B3
:10443400706564546578743A3A676574466F6E744F
:10444400282920636F6E7374002E2E2F2E2E2F4D6D
:104454006964646C6577617265732F53542F746F4C
:104464007563686766782F6672616D65776F726BC6
:104474002F696E636C7564652F746F756368676606
:10448400782F5479706564546578742E6870700060
:1044940068617356616C6964496428292026262062
:1044A400227479706564546578744964206C61720F
:1044B400676572207468616E206E756D6265724FF7
:1044C40066547970656454657874732E2200736938
:1044D4007A656F662853637265656E5479706529D1
:1044E400203C3D20686561702E73637265656E5370
:1044F400746F726167652E656C656D656E745F734C
:10450400697A652829202626202256696577206144
:104514006C6C6F636174696F6E206572726F723A4E
:1045240020436865636B207468617420616C6C203F
:1045340076696577732061726520616464656420BF
:10454400746F2046726F6E74656E64486561703A6C
:104554003A566965775479706573220050726573B1
:10456400656E746572547970652A20746F7563681A
:104574006766783A3A6D616B655472616E736974FB
:10458400696F6E2853637265656E2A2A2C205072F7
:104594006573656E7465722A2A2C204D56504865E1
:1045A4006170262C205472616E736974696F6E2A6F
:1045B4002A2C204D6F64656C547970652A29205B20
:1045C400776974682053637265656E5479706520E9
:1045D4003D2053637265656E31566965773B2050A3
:1045E400726573656E74657254797065203D2053ED
:1045F400637265656E3150726573656E7465723B86
:10460400205472616E7354797065203D204E6F544E
:1046140072616E736974696F6E3B204D6F64656C73
:1046240054797065203D204D6F64656C5D002E2EBD
:104634002F2E2E2F4D6964646C6577617265732F1C
:1046440053542F746F7563686766782F6672616D53
:1046540065776F726B2F696E636C7564652F6D7609
:10466400702F4D56504170706C69636174696F6E40
:104674002E6870700073697A656F6628507265736E
:10468400656E7465725479706529203C3D206865B7
:1046940061702E70726573656E74657253746F7297
:1046A4006167652E656C656D656E745F73697A65A7
:1046B4002829202626202250726573656E7465723F
:1046C40020616C6C6F636174696F6E206572726FC8
:1046D400723A20436865636B207468617420616C6E
:1046E4006C2070726573656E746572732061726597
:1046F40020616464656420746F2046726F6E746513
:104704006E64486561703A3A50726573656E74659B
:10471400725479706573220073697A656F662854E0
:1047240072616E735479706529203C3D206865611F
:10473400702E7472616E736974696F6E53746F72E4
:104744006167652E656C656D656E745F73697A6506
:10475400282920262620225472616E736974696F99
:104764006E20616C6C6F636174696F6E2065727228
:104774006F723A20436865636B20746861742061CA
:104784006C6C207472616E736974696F6E732061EE
:10479400726520616464656420746F2046726F6E74
:1047A40074656E64486561703A3A5472616E7369F7
:1047B40074696F6E54797065732200757365642033
:1047C4003E203000746F7563686766783A3A556EB8
:1047D40069636F64653A3A556E69636F64654368EB
:1047E400617220746F7563686766783A3A546578C5
:1047F4007450726F76696465723A3A63697263756C
:104804006C61724275666665723C73697A653E3A9C
:104814003A7065656B436861722829205B77697417
:104824006820756E7369676E656420696E742073A1
:10483400697A65203D2031303B20746F7563686769
:1048440066783A3A556E69636F64653A3A556E69AB
:10485400636F646543686172203D2073686F72748E
:1048640020756E7369676E656420696E745D002ED1
:104874002E2F2E2E2F4D6964646C657761726573DB
:104884002F53542F746F7563686766782F6672614F
:104894006D65776F726B2F696E636C7564652F74C9
:1048A4006F7563686766782F5465787450726F7695
:1048B400696465722E687070006F66667365742033
:1048C4003C207573656400746F7563686766783A35
:1048D4003A556E69636F64653A3A556E69636F64FD
:1048E400654368617220746F7563686766783A3AE5
:1048F4005465787450726F76696465723A3A636984
:104904007263756C61724275666665723C73697A2E
:10491400653E3A3A7065656B436861722875696EE5
:104924007431365F7429205B7769746820756E73FF
:1049340069676E656420696E742073697A65203DC9
:104944002031303B20746F7563686766783A3A5556
:104954006E69636F64653A3A556E69636F64654363
:10496400686172203D2073686F727420756E73697C
:10497400676E656420696E743B2075696E743136A8
:104984005F74203D2073686F727420756E7369675D
:104994006E656420696E745D0025640049444C456D
:1049A40000546D725100546D7220537663002C20B4
:1049B40066756E6374696F6E3A2000617373657215
:1049C40074696F6E2022257322206661696C6564A8
:1049D4003A2066696C6520222573222C206C696E4E
:1049E40065202564257325730A00232D302B2000B0
:1049F400686C4C0065666745464700303132333495
:104A04003536373839414243444546003031323334
:104A140034353637383961626364656600000000F6
:104A24000000000000000000C30900084B0A000851
:104A340075090008E10A0008C5090008E109000831
:104A4400470A0008330A0008619A00086F9A0008B0
:104A54008109000845A60008B99C00082B0A000833
:104A64009D140008250B000889A20008779A000805
:104A7400BD9E0008B5A100081FA20008199F0008E8
:104A840019A4000851A30008ADA500087D9F0008E3
:104A9400C99C00089DA4000821A50008150A000867
:104AA400370A00083B0A00083F0A0008430A0008C6
:104AB40083090008A10A000889090008F19D00087B
:104AC4005D9E00089D0900089F090008A3090008CD
:104AD400AD090008B3090008339A0008D19F000803
:104AE400BB0900081D9B00089114000895140008D8
:104AF4002F0A0008D19C0008CF9D0008590A00081D
:104B0400BD090008BF090008C10900080000000031
:104B1400000000000B0C0008D1A70008F90B0008E6
:104B2400490C000839A80008030C0008FF0B000812
:104B3400110C0008310C0008E7A600085DA8000865
:104B4400E1A60008910D0008D90C000873A700081D
:104B540075A7000873A700081DA80008000000003E
:104B640000000000C5100008D9100008DD940008FA
:104B7400F1940008B1940008B5940008D794000893
:104B840053100008571000085B1000086310000859
:104B9400000000000000000099100008AD1000089B
:104BA400DD940008F1940008B1940008B59400085D
:104BB400D794000831100008351000083B10000895
:104BC40047100008000000000000000071100008F9
:104BD40085100008DD940008F1940008B1940008E1
:104BE400B5940008D794000815100008191000089F
:104BF4001D1000082710000800000000000000003D
:104C0400ED100008251100086B10000800000000DA
:104C14000000000000000000000000007313000802
:104C2400771300087F130008D91F02080000000052
:104C340000000000D513000841140008D9C0000882
:104C4400A3130008E9070108C9C10008A11400085A
:104C54002913000867070108AF140008A707010813
:104C6400810701082D1300083113000835130008CB
:104C7400391300083D1300083F13000841130008CE
:104C840043130008451300084908010847130008A6
:104C94005F13000881130008871300088D130008B0
:104CA400C51300080000000000000000D71300082E
:104CB4004F140008F3AE0008AF130008B313000844
:104CC400B9130008BF13000899AE0008E9BF000833
:104CD400AFAE0008B5AE0008D9AE000831AF000889
:104CE400DDAE0008C9130008CD130008D113000875
:104CF400BB430208000000000000000000000000A8
:104D04000000000000800000180000000000000007
:104D140000000000C443020800000000000000007E
:104D24000000000000000000000200001800000065
:104D3400000000000000000000000000000000006F
:104D44000D250008FD240008FF240008C87502088A
:104D54000000000064002400030000005E00244002
:104D640008AE0208000000006400240003000000F4
:104D74005E002440000000000000000045250008FB
:104D8400C92500080000000000000000C325000839
:104D9400D7250008E5C900088F250008E9070108A0
:104DA40045070108F52500082913000867070108CD
:104DB400AF140008A7070108810701082D13000894
:104DC40031130008472500086B2500083D1300082F
:104DD4003F1300084113000843130008451300085B
:104DE40049080108471300085F1300089B250008C1
:104DF400FD250008A12500083DC2000869C200087D
:104E0400B9C200082DC30008BF250008BB2500084F
:104E1400172700080000000000000000C525000856
:104E2400E5250008679900084F950008E90701087F
:104E340045070108A1140008412500086707010877
:104E440001960008A7070108810701082D1300082F
:104E54003113000835130008391300083D13000806
:104E64003F130008411300084313000845130008CA
:104E74004908010847130008D99900081D9500083E
:104E84009F95000837950008499500080995000882
:104E9400CD9500086196000877950008C998000828
:104EA4005B950008C7250008000000000000000012
:104EB40089320008F9320008B5320008D5320008FA
:104EC400000000000000000055F10008CDF10008CA
:104ED400E1F10008FDF10008E5F4000827330008BB
:104EE4008B320008073300088D32000841F40008B3
:104EF4007332000831F1000875320008F5F100083A
:104F04001DFD00089DF1000821F600086DF1000860
:104F1400B1F200080000000000000000B3320008F5
:104F2400EB320008AD3200088132000883320008F9
:104F3400173300088532000800000000000000005C
:104F44004135000897350008BF10010821320008D8
:104F54004132000845320008AD3D0008C93D000853
:104F640095050108B3060108AD0501084D060108C1
:104F740049320008430601084D3200085132000846
:104F8400593200085D350008530601083935000818
:104F94003D3500085F3200086532000843350008DB
:104FA4000000000000000000073600085D3600081D
:104FB400679900084F950008E907010845070108AB
:104FC400A11400084125000867070108019600089C
:104FD400A7070108810701082D13000831130008F1
:104FE40035130008391300083D130008FB36000888
:104FF4004113000843130008451300084908010839
:1050040047130008D99900081D9500089F950008CA
:10501400379500084995000809950008CD950008C2
:105024006196000877950008C99800085B95000808
:10503400C936000897360008533600087937000847
:105044000000000000000000093600086B3600086C
:10505400679900084F950008E9070108450701080A
:10506400A1140008412500086707010801960008FB
:10507400A7070108810701082D1300083113000850
:1050840035130008391300083D130008FB360008E7
:105094004113000843130008451300084908010898
:1050A40047130008D99900081D9500089F9500082A
:1050B400379500084995000809950008CD95000822
:1050C4006196000877950008C99800085B95000868
:1050D400C9360008AB3600084536000879370008A1
:1050E40000000000000000000B36000879360008BC
:1050F400113600082F3600080000000000000000F0
:105104000D36000887360008679900084F95000897
:10511400E907010845070108A11400084125000812
:105124006707010801960008A7070108810701081D
:105134002D13000831130008351300083913000833
:105144003D1300083F1300084113000843130008EF
:10515400451300084908010847130008D9990008B5
:105164001D9500089F95000837950008499500088B
:1051740009950008CD950008619600087795000808
:10518400C99800085B9500080F360008053600082A
:1051940000000000000000003D3B0008713B0008D7
:1051A400E3160108273B0008173B0008193B0008D9
:1051B400BD1101086512010865110108213B0008B1
:1051C4001D3B00081F3B0008000000000000000019
:1051D4005D3F0008713F0008679900084F9500087B
:1051E400E907010845070108A11400084125000842
:1051F4006707010801960008A7070108810701084D
:105204002D13000831130008351300083913000862
:105214003D1300083F13000841130008431300081E
:10522400451300084908010847130008D9990008E4
:105234001D9500089F9500083795000849950008BA
:1052440009950008CD950008619600087795000837
:10525400C99800085B950008CD42000800000000D2
:105264000000000055F10008CDF10008E1F100084C
:10527400FDF10008F342000827330008E14200086A
:10528400E34200088D32000841F40008733200083C
:1052940031F1000875320008F5F100081DFD000821
:1052A4009DF1000821F600086DF10008B1F2000834
:1052B4000000000000000000294300083D430008EE
:1052C400679900084F950008E90701084507010898
:1052D400A114000841250008670701080196000889
:1052E400A7070108810701082D13000831130008DE
:1052F40035130008391300083D1300083F13000854
:105304004113000843130008451300084908010825
:1053140047130008D99900081D9500089F950008B7
:10532400379500084995000809950008CD950008AF
:105334006196000877950008C99800085B950008F5
:10534400954300081D430008000000000000000011
:10535400A7430008A7430008A1430008A943000885
:10536400FCFFFFFF00000000A3430008B743000850
:105374000000000000000000D5430008E9430008D5
:10538400E316010899440008173B0008D1430008BC
:10539400BD110108651201086511010831450008B5
:1053A4001D3B0008754400080000000001020304CE
:1053B40000000000000000000102030406070809C1
:1053C40004030202020101020000000000000000C8
:1053D4000000000000000000DD940008F1940008C3
:1053E400B1940008B5940008D7940008D91F0208A6
:1053F400D91F0208D91F0208D91F020800000000A3
:10540400000000008F950008919500086799000836
:105414004F950008E907010845070108A114000891
:10542400412500086707010801960008A70701083D
:10543400810701082D1300083113000835130008F3
:10544400391300083D1300083F13000841130008F6
:1054540043130008451300084908010847130008CE
:10546400D99900081D9500089F95000837950008F4
:105474004995000809950008CD9500086196000833
:1054840077950008C99800085B950008101820005B
:1054940000000008080808080000000000000000E0
:1054A400B1A60008BDA6000879A7000877A70008E0
:1054B4002BA80008BDA70008D5A60008000000001E
:1054C4000000000007AE000809AE000873130008CE
:1054D4007713000805AE000849A900080000000081
:1054E400000000005DAE000885AE000841AE000873
:1054F4007713000881AE000863AE000819AE0008F7
:10550400F8FFFFFF000000005FAE000893AE000844
:1055140039AE00080000000000000000A9BA00082D
:1055240091BD000881B800080000000000000000E0
:105534000000000000000000F3AE0008AF130008F4
:10554400B3130008B9130008BF13000899AE00088C
:10555400E9BF0008AFAE0008B5AE0008D9AE000838
:1055640031AF0008DDAE0008D91F0208D91F0208B8
:10557400D91F020800000000000000000000000025
:1055840000000000D9C00008A3130008E9070108BF
:10559400C9C10008A11400082913000867070108FD
:1055A400AF140008A7070108810701082D1300089C
:1055B4003113000835130008391300083D1300089F
:1055C4003F13000841130008431300084513000863
:1055D40049080108471300085F13000881130008F5
:1055E400871300088D130008D91F0208000000006B
:1055F4000000000065C2000849C70008C5C70008CC
:105604008F250008E90701084507010859C7000864
:105614002913000867070108AF140008A707010849
:10562400810701082D1300083113000847250008DD
:105634006B2500083D1300083F13000841130008C0
:1056440043130008451300084908010847130008DC
:105654005F1300089B250008FD250008A12500080C
:105664003DC2000869C20008B9C200082DC3000881
:1056740039C20008BB250008FDC300080000000073
:1056840000000000C1C90008C3C9000885C900089A
:1056940067C90008E907010845070108D1C90008DE
:1056A4002913000867070108AF140008A7070108B9
:1056B400810701082D130008311300083513000871
:1056C400391300083D1300083F1300084113000874
:1056D400431300084513000849080108471300084C
:1056E4005F1300080000000000000000BDCA0008AD
:1056F400BFCA0008CDCA000867C90008E907010845
:1057040045070108D1C900082913000867070108E3
:10571400AF140008A7070108810701082D1300082A
:105724003113000835130008391300083D1300082D
:105734003F130008411300084313000845130008F1
:1057440049080108471300085F130008000000001F
:1057540000000000E7CB00081BCC000861CC000867
:1057640029CC0008E9070108450701084BCC0008CB
:105774002913000867070108AF140008A7070108E8
:10578400810701082D1300083113000835130008A0
:10579400391300083D1300083F13000841130008A3
:1057A400431300084513000849080108471300087B
:1057B4005F130008E9CB00080000000000000000AF
:1057C400E5CC0008E7CC0008000000000000000061
:1057D40055F10008CDF10008E1F10008FDF10008E1
:1057E400E5F4000869F1000811F2000813F200085A
:1057F4007132000841F400087332000831F10008E6
:1058040075320008F5F100081DFD00089DF100083F
:1058140021F600086DF10008B1F200080000000054
:10582400000000000000000000000000D91F020872
:10583400D91F0208E907010845070108A114000857
:105844002913000867070108D91F0208A7070108E0
:10585400810701082D1300083113000835130008CF
:10586400391300083D1300083F13000841130008D2
:1058740043130008451300084908010847130008AA
:105884005F1300080000000000000000A1080108E8
:10589400A3080108590C01080000000000000000E2
:1058A4000000000000000000BF10010821320008C1
:1058B4004132000845320008AD3D0008C93D0008EA
:1058C40095050108B3060108AD0501084D06010858
:1058D40049320008430601084D32000851320008DD
:1058E40059320008D91F020853060108A53D0008D3
:1058F400A93D00085F32000865320008D91F02087C
:1059040000000000000000002B1101082D11010807
:10591400191101080000000000000000291101080D
:105924003B1101081D1101080000000000000000E7
:105934002711010849110108211101080000000084
:10594400000000002511010857110108E3160108A1
:10595400153B0008173B0008193B0008BD1101085E
:1059640065120108651101081B3B00081D3B000876
:105974000000000000000000E9570108635B010813
:10598400790B0208390E02081D10020800000000FD
:1059940000000000E7570108715B0108C5620108B7
:1059A4006D6F0108E57101080000000000000000AF
:1059B400E55701087F5B010819650108697401084E
:1059C400517801080000000000000000E3570108BE
:1059D4008F5B010815690108295D010800000000BA
:1059E40000000000F1570108195D0108A1510108E8
:1059F4000000000000000000EF5701080B5D0108E3
:105A0400C95401080000000000000000ED5701081F
:105A1400FD5C0108E1FE0108000000000000000038
:105A2400EB570108EF5C0108E905020800000000DB
:105A340000000000055801088D5C0108CB470108EF
:105A44000000000000000000035801087F5C01080A
:105A5400594A010800000000000000002158010814
:105A6400C95B0108D33301080000000000000000F6
:105A740019580108015C0108F7370108000000000B
:105A84000000000009580108A95C01082D42010822
:105A94000000000000000000F9570108E15C010863
:105AA400CB4B010800000000000000001F58010853
:105AB400BB5B010873360108000000000000000011
:105AC40017580108F35B0108A13A0108000000001F
:105AD40000000000075801089B5C0108FB44010812
:105AE4000000000000000000FD570108555C01089B
:105AF40017E101080000000000000000F75701084A
:105B0400D35C0108C14E0108000000000000000041
:105B140011580108395C0108813C010800000000AB
:105B240000000000FB570108475C010863E6010818
:105B340000000000000000001D580108AD5B0108D2
:105B4400EDA0010800000000000000001558010845
:105B5400E55B010817AC010800000000000000002C
:105B640001580108715C010805CD0108000000001E
:105B7400000000000F5801082B5C01083D3F01089C
:105B84000000000000000000F5570108C55C010892
:105B940025EC010800000000000000001B5801086B
:105BA4009F5B010893A601080000000000000000AC
:105BB40013580108D75B010865B201080000000012
:105BC40000000000FF570108635C0108D9D70108F1
:105BD4000000000000000000F3570108B75C010852
:105BE400C1F5010800000000000000000D58010884
:105BF4001D5C0108EBB80108000000000000000073
:105C04000B5801080F5C0108C9C20108000000001C
:105C140000000000E1570108555B0108618E01088E
:105C2400795901088985010823580108717C010804
:105C340069580108997E01082D7F0108393201084D
:105C44003D3201084132010819DA00082DDA000852
:105C5400BDDC000839DA0008513201081DDB0008F8
:105C6400759201080000000000000000811F020876
:105C7400991F0208231A020800000080DB0F494024
:105C8400DB0F49C0DB0F49BFE4CB1640E4CB16C0A1
:105C9400000FC93F000F494000CB9640000FC94098
:105CA4000053FB4000CB164100ED2F41000F49414A
:105CB4000031624100537B41003A8A4100CB964156
:105CC400005CA34100EDAF41007EBC41000FC9411F
:105CD40000A0D5410031E24100C2EE410053FB4136
:105CE40000F20342003A0A420083104200CB1642FB
:105CF40000141D42005C234200A5294200ED2F42FE
:105D040000363642007E3C4200C74242000F494200
:105D1400A2000000F9000000830000006E000000F3
:105D24004E0000004400000015000000290000009F
:105D3400FC0000002700000057000000D100000014
:105D4400F500000034000000DD000000C000000089
:105D5400DB000000620000009500000099000000D4
:105D64003C000000430000009000000041000000DF
:105D7400FE0000005100000063000000AB000000C2
:105D8400DE000000BB000000C50000006100000050
:105D9400B7000000240000006E0000003A0000007C
:105DA400420000004D000000D2000000E0000000AE
:105DB40006000000490000002E000000EA00000078
:105DC40009000000D1000000920000001C00000047
:105DD400FE0000001D000000EB0000001C0000009D
:105DE400B100000029000000A70000003E000000F0
:105DF400E80000008200000035000000F50000000B
:105E04002E000000BB0000004400000084000000DD
:105E1400E90000009C000000700000002600000063
:105E2400B40000005F0000007E000000410000009C
:105E34003900000091000000D60000003900000085
:105E4400830000005300000039000000F40000004B
:105E54009C000000840000005F0000008B00000034
:105E6400BD000000F9000000280000003B00000015
:105E74001F000000F800000097000000FF00000071
:105E8400DE00000005000000980000000F00000084
:105E9400EF0000002F000000110000008B00000044
:105EA4005A0000000A0000006D0000001F000000FE
:105EB4006D000000360000007E000000CF000000EE
:105EC40027000000CB00000009000000B70000001C
:105ED4004F000000460000003F0000006600000084
:105EE4009E0000005F000000EA0000002D0000009A
:105EF4007500000027000000BA000000C700000081
:105F0400EB000000E5000000F10000007B00000051
:105F14003D0000000700000039000000F700000009
:105F24008A0000005200000092000000EA00000015
:105F34006B000000FB0000005F000000B1000000E7
:105F44001F0000008D0000005D000000080000003C
:105F5400560000000300000030000000460000006E
:105F6400FC0000007B0000006B000000AB000000A0
:105F7400F0000000CF000000BC0000002000000082
:105F84009A000000F4000000360000001D0000002C
:105F9400A9000000E300000091000000610000007F
:105FA4005E000000E60000001B0000000800000086
:105FB4006500000099000000850000005F000000FB
:105FC40014000000A0000000680000004000000071
:105FD4008D000000FF000000D800000080000000D9
:105FE4004D00000073000000270000003100000095
:105FF4000600000006000000150000005600000026
:10600400CA00000073000000A8000000C9000000DE
:1060140060000000E20000007B000000C0000000FF
:106024008C0000006B0000006937AC31682122331A
:10603400B40F14336821A2333863ED3EDA0F493FBD
:106044005E987B3FDA0FC93F0000C93F0000F0397A
:106054000000DA370000A2330000842E0000502B29
:106064000000C2270000D0220000C41F0000C61B8D
:1060740000004417040000000700000009000000AD
:046084008441012032
:1060880040DC08D0024BC30086A500A5A500A5B337
:106098000096D0025B40DD08200C00D70C00200CD5
:1060A80000200C00200C00200C00200C00C8CE049E
:1060B800B0DE0850104C00005A00102D00B0060049
:1060C8007A00B10700F3DD9DA0ED1A50006B0010B7
:1060D8003B00F70800005A00008642105BB2DE0859
:1060E80000700C00C40C103C0CB0240C77200CD9A8
:1060F800DDBF00200C00200CC0EE8EC00300C003E2
:1061080000C0DE0910107A00009641106BB1DE085D
:1061180000D81E900900D10000D3DB1AB50198B44D
:1061280000B3D1038740DC1AE3EEBE0000960000FE
:106138002D00600900D00200A600003D00500A00B2
:1061480060CC1AD10078E20268709E0AC1535D954E
:1061580000B5D3018770CC1A60DD08C3014B9600E7
:1061680095D401A670CD9B00006900401DA0BE0219
:10617800D2CE0321500C00300C00C105004D0000A8
:106188000C00000200000F0010EA7E00A01AE304D1
:10619800F003800AF201600CF300500DF200600C6D
:1061A800F003800AA01AE30510FB7E00009900D5D1
:1061B8009E00009800009800009800009800009841
:1061C80000009800E5FE5E80FD6D008014E4040088
:1061D80000B0070000E1040000B90000801C0000C6
:1061E800B90100B01A1101F1FFFF0DC7EE193621F0
:1061F8007D00304D00FF0600305D0000A8000099CA
:106208004A514ED9DF050000BB0000A0BC00008940
:10621800B6008009B600B600B600F8FFFF1F000000
:10622800B6000000B6000000B600F8FFBFA81111C4
:10623800980000E8CD0722526E0000B70000A84978
:10624800415ED8DF0600B3FE02306E2200B00600C1
:1062580000F1EAAE01F314B20AF300400EF1034074
:106268000DA01BB10810E98E00F1FFFF0D101161A0
:106278000C0000D0040000C60000104E0000700B97
:106288000000E1030000A80000103E000020EB9D84
:1062980000C007B107F0048009806ED30340ACAE9C
:1062A80001E102B10AE400500DE107B10930EB8DBC
:1062B8000120EB6D00D017E305E400800AE50060DB
:1062C8000CE107910C40FCBD0A0000B0061021C982
:1062D8000070EF19006F5B0000005B6FB1EE2B617F
:1062E80022BA0000C600008B00C3090088000045E0
:1062F80000002300009900FCFFEF6C11115C000006
:10630800ECEEDE6C22225C00005C00006C1111FCDB
:10631800FFEFFCEF2A005C20BB005C00D6005C208D
:106328008C00FCFF08005CA00B005C108D005C007A
:10633800F3045C00701E20EADE19D029412AF2011C
:106348000000D04A010020E9DF060000515E00008D
:10635800007BC315612E81ECBE04A0FE5D003002F7
:10636800E30030D9FE02E216E003C500E003E323B0
:10637800F80380DEE70320EA8DC01882E40000C538
:106388000000E40000D0188220EB8E20EA6D00C0E7
:1063980007E203D3009007F5DDED08D3000000C045
:1063A80018410420EABE034F133E3E3E3E3E3E3EA9
:1063B8003E3E3E3E3E3E3E3E3E20EB5C00D017E475
:1063C80002D4009008C5007009E4009008D017E4D2
:1063D8000220EB5D008EEC0AAE337D3E00B63E0037
:1063E800C53E00A76E314DBEDE063E00003E0000F1
:1063F8003E00006EFC02CE24013E00003E00003E3E
:1064080000003E00003E0000D00300D00300F9EE7B
:1064180007D00300D00300D00300D00300C0170149
:1064280040FD06E402D106800C990000BC1D000066
:10643800F4050000AC1D00800AAA00E401E106B7DB
:10644800009008F102E003B007C500500D6B000092
:106458005E1E0000E90A0000F3040000D4000000FA
:106468007A0000102E00000000000000646725007C
:10647800000000000020E9FFFFFF5C0000000000B2
:10648800E5FFFFFFFFFF1A00000040FFFFEFEDFFF1
:10649800FFAF000000E1FFCF040071FFFF0600001E
:1064A800F8FF0B000000F4FF0E0000FEEF020000F2
:1064B8000090FF6F0050FF9F0000000020FFBF000A
:1064C80090FF4F0000000000FDEF00C0FF1F00001C
:1064D800000000F9FF03E0FF0E0000000000F7FFD6
:1064E80006F1FF0C0000000000F5FF08F3FF0B00A9
:1064F80000000000F4FF0AF4FF0A0000000000F3A7
:10650800FF0AF5FF0A0000000000F3FF0BF5FF0A81
:106518000000000000F3FF0CF5FF0A000000000077
:10652800F3FF0CF5FF0A0000000000F3FF0BF4FF77
:106538000A0000000000F3FF0BF3FF0B000000004F
:1065480000F4FF0AF1FF0C0000000000F6FF08E06D
:10655800FF0E0000000000F7FF06C0FF1F0000004C
:106568000000FAFF0490FF4F0000000000FDFF014B
:1065780050FF9F0000000020FFCF0010FEEF020038
:10658800000090FF7F0000F8FF0B000000F4FF1EE2
:106598000000E1FFBF030071FFFF07000040FFFF9D
:1065A800EFEDFFFFAF00000000E5FFFFFFFFFF1A60
:1065B8000000000020EAFFFFFF5C00000000000070
:1065C8001064672500000000000000D0FF040000F0
:1065D80000000000F2FF04000000000000FAFF04C1
:1065E8000000000010C4FFFF04000000C6FDFFFF0C
:1065F800FF04000000F8FFFFFFFF04000000F8FFA1
:10660800FFFFFF04000000000000F8FF0400000086
:10661800000000F8FF04000000000000F8FF04007C
:106628000000000000F8FF04000000000000F8FF70
:1066380004000000000000F8FF0400000000000053
:10664800F8FF04000000000000F8FF04000000004C
:106658000000F8FF04000000000000F8FF0400003C
:1066680000000000F8FF04000000000000F8FF042C
:10667800000000000000F8FF04000000000000F81F
:10668800FF04000000000000F8FF04000000000004
:1066980000F8FF04000000000000F8FF04000000FC
:1066A800000000F8FF04000000000000F8FF0400EC
:1066B8000000101111F8FF14111100F8FFFFFFFF7F
:1066C800FFFFFF03F8FFFFFFFFFFFFFF03F8FFFFD8
:1066D800FFFFFFFFFF030000106477460100000082
:1066E8000095FDFFFFFFBF050000D1FFFFFFFFFF83
:1066F800FFAF0100F2FFFFFFFFFFFFFF0B00F2FFFC
:106708008D140062FCFF8F00F24B00000000A0FF18
:10671800EF0151000000000010FEFF05000000001E
:10672800000000F9FF0700000000000000F6FF0964
:1067380000000000000000F6FF0800000000000054
:1067480000F8FF0700000000000000FCFF04000044
:106758000000000020FFEF00000000000000A0FF84
:106768009F00000000000000F5FF1E000000000070
:106778000030FEFF06000000000000D1FFAF00005F
:106788000000000010FCFF1C000000000000C1FF1A
:10679800DF01000000000010FBFF2D0000000000DA
:1067A80000C1FFDF02000000000010FCFF1C000019
:1067B80000000000D2FFCF01000000000030FEFF03
:1067C8001B000000000000E4FFAF00000000000014
:1067D80060FFFF08000000000000F7FF6F000000E6
:1067E80000000000FDFF6B66666666666656FDFF84
:1067F800FFFFFFFFFFFFFFCFFDFFFFFFFFFFFFFFD3
:10680800FFCFFDFFFFFFFFFFFFFFFFCF000010647A
:106818007757030000000083FCFFFFFFEF2900000B
:10682800B0FFFFFFFFFFFFFF0600D0FFFFFFFFFFE6
:10683800FFFF6F00D0FF9E250031F8FFEF02D05D0B
:106848000000000030FEFF0750000000000000F7C5
:10685800FF0A00000000000000F3FF0C0000000029
:10686800000000F3FF0B00000000000000F5FF0827
:1068780000000000000000FCFF0200000000000013
:1068880091FF7F00000000001073FDFF080000006A
:1068980000F0FFFFFF4C0000000000F0FFFF8F0139
:1068A8000000000000F0FFFFFFAF020000000050F2
:1068B8006597FDFF4E0000000000000060FFEF023A
:1068C80000000000000000F6FF0B000000000000C0
:1068D80000E0FF1F00000000000000A0FF4F0000C4
:1068E800000000000090FF6F000000000000009012
:1068F800FF6F00000000000000B0FF4F0000000024
:10690800000000F1FF1F16000000000000FAFF0C55
:10691800EB280000000080FFFF05FBFF7B130073DE
:10692800FDFFBF00FBFFFFFFFFFFFFFF1C00F8FF9D
:10693800FFFFFFFFFFAF010020B7FEFFFFFFAF041F
:1069480000000000306577460000000000000000ED
:10695800000000FCFF03000000000000000090FFA2
:10696800FF030000000000000000F7FFFF03000025
:10697800000000000040FFFFFF03000000000000CF
:1069880000E2FFFFFF0300000000000010FCDFFA38
:10699800FF03000000000000A0FF3EF8FF03000016
:1069A80000000000F8FF05F8FF0300000000005099
:1069B800FF8F00F8FF030000000000E3FF0B00F862
:1069C800FF030000000010FDDF0100F8FF030000D6
:1069D8000000B0FF2E0000F8FF0300000000F9FFE0
:1069E800040000F8FF0300000060FF7F000000F8CB
:1069F800FF03000000F3FF0A000000F8FF03000097
:106A080020FECF01000000F8FF030000C0FF2E00A9
:106A1800000000F8FF030000F7FF0400000000F882
:106A2800FF030000F89F3333333333FAFF35330263
:106A3800F8FFFFFFFFFFFFFFFFFFFF08F8FFFFFF63
:106A4800FFFFFFFFFFFFFF08F8FFFFFFFFFFFFFF4C
:106A5800FFFFFF0800000000000000F8FF0300002F
:106A680000000000000000F8FF0300000000000024
:106A7800000000F8FF03000000000000000000F81C
:106A8800FF03000000000000000000F8FF03000002
:106A980000000000000000F8FF03000000000000F4
:106AA800000000F8FF03000000000000000000F8EC
:106AB800FF03000010FFFFFFFFFFFFFFFF6F10FF46
:106AC800FFFFFFFFFFFFFF6F10FFFFFFFFFFFFFF4D
:106AD800FF6F10FFDF8888888888883810FFAF002C
:106AE80000000000000010FFAF00000000000000E0
:106AF80010FFAF0000000000000010FFAF00000012
:106B08000000000010FFAF0000000000000010FFB0
:106B1800AF0000000000000010FFAF000000000000
:106B2800000010FFBF5455240000000010FFFFFFB5
:106B3800FFFFCF17000010FFFFFFFFFFFFEF05006B
:106B480010FFFFFFFFFFFFFF6F00106934021063A3
:106B5800FBFFFF0300000000000040FEFF0C0000E8
:106B68000000000000F4FF2F00000000000000B04B
:106B7800FF6F0000000000000070FF7F00000000B1
:106B880000000060FF9F0000000000000070FF8F01
:106B98000000000000000090FF6F000000000000EF
:106BA80000E0FF2F22000000000000F7FF0CF5298D
:106BB8000000000060FFFF05F5FF7B130052FCFF9B
:106BC800BF00F5FFFFFFFFFFFFFF1D00F4FFFFFF02
:106BD800FFFFFFAF010020B7FFFFFFFFBF0400006A
:106BE800000030657746010000000000000000202A
:106BF80065774601000000000092FEFFFFFF0700D6
:106C080000000081FFFFFFFFFF0700000020FDFFDD
:106C1800FFFFFEFF07000000E2FFFF5A02007305B6
:106C2800000010FDFF3C0000000000000090FFBFC6
:106C38000100000000000000F3FF1D00000000003C
:106C4800000000FAFF040000000000000010FFCF61
:106C5800000000000000000060FF6F00000000005E
:106C6800000000A0FF2F0010432400000000C0FF18
:106C78000E82FDFFFFBF040000F0FF9DFFFFFFFF36
:106C8800FFBF0100F2FFFFFFFFFFFFFFFF1C00F344
:106C9800FFFF7C131052FCFFBF00F4FF4D00000003
:106CA8000080FFFF05F5FF0A0000000000FAFF0A58
:106CB800F5FF090000000000F2FF0EF4FF0A0000D3
:106CC800000000D0FF2FF3FF0B0000000000C0FF02
:106CD8003FF1FF0C0000000000B0FF3FE0FF0E0096
:106CE80000000000C0FF2FA0FF3F0000000000E0F0
:106CF800FF1F60FFAF0000000000F3FF0B10FEFF56
:106D08000300000000FAFF0600F7FF2D00000060F6
:106D1800FFDF0000D1FFEF160020F9FF4F00002031
:106D2800FEFFFFCCFDFFFF06000000C2FFFFFFFFD4
:106D3800FF5E0000000000D7FFFFFF8E010000008B
:106D480000000052774600000000FFFFFFFFFFFF32
:106D5800FFFFFFEFFFFFFFFFFFFFFFFFFFEFFFFF5B
:106D6800FFFFFFFFFFFFFFEF8788888888888888F4
:106D7800FCEF0000000000000010FEDF0000000033
:106D880000000070FF6F00000000000000E1FF0D30
:106D980000000000000000F8FF05000000000000EF
:106DA80020FECF0000000000000090FF5F00000000
:106DB80000000000F2FF0C00000000000000FAFFD5
:106DC8000400000000000030FFCF000000000000B9
:106DD80000B0FF4F00000000000000F4FF0B0000AF
:106DE8000000000000FCFF0300000000000040FF5E
:106DF800BF00000000000000C0FF3F0000000000CE
:106E08000000F5FF0A00000000000000FDFF03007D
:106E1800000000000060FFAF00000000000000E17B
:106E2800FF2F00000000000000F7FF09000000002D
:106E3800000010FEFF0200000000000080FF9F001D
:106E4800000000000000E1FF2F000000000000002B
:106E5800F9FF0800000000000020FFEF010000001B
:106E6800000000A0FF8F00000000000000F3FF1EDC
:106E780000000000000000000010647736000000E9
:106E880000000050FBFFFFFF9E0200000010FAFF09
:106E9800FFFFFFFF7F000000C1FFFF8B87EAFFFFB6
:106EA800080000FAFF2C000010F8FF4F0040FFCF49
:106EB8000100000070FFBF0090FF5F0000000000AD
:106EC800FDFF01B0FF2F0000000000FAFF03C0FF24
:106ED8003F0000000000F9FF03B0FF7F0000000042
:106EE80000FBFF0170FFEF0200000010FECF002042
:106EF800FEFF4E00000060FF5F0000F6FFFF4A0043
:106F080000E3FF0A000050FEFFFF7C41FEBF0100C6
:106F18000000B2FFFFFFFFEF0700000000D5FFFFF2
:106F2800FFFFCF0400000090FF7F61FBFFFFBF0160
:106F38000000FAFF040020E8FFFF2D0060FF7F003B
:106F4800000010F8FFCF00E0FF0D0000000040FF38
:106F5800FF06F5FF090000000000F8FF0CF8FF0627
:106F68000000000000F2FF0EF9FF0500000000001D
:106F7800F0FF0FF8FF070000000000F0FF0EF6FF1B
:106F88000B0000000000F3FF0CF2FF3F00000000C0
:106F980000F8FF08B0FFDF0100000040FFEF02200B
:106FA800FEFF4D000000E6FF6F0000F5FFFF9D8823
:106FB800EAFFFF08000040FDFFFFFFFFFF6E000033
:106FC800000071FDFFFFFF8E020000000000206539
:106FD80077360000000000000020656714000000FC
:106FE80000000050FCFFFFFF3A0000000010FBFF0C
:106FF800FFFFFFFF07000000D1FFFFDFDCFFFF9F5F
:10700800000000FCFF5D0100A3FFFF050070FFDF2B
:1070180001000000F8FF1E00E1FF3F00000000B083
:10702800FF7F00F4FF0B0000000030FFDF00F8FFD7
:10703800060000000000FCFF03FAFF040000000047
:1070480000F8FF06FCFF030000000000F5FF08FB46
:10705800FF030000000000F4FF0AFAFF050000002B
:107068000000F3FF0BF8FF090000000000F2FF0C1E
:10707800F3FF2F0000000000F3FF0CC0FFDF020049
:10708800000010F9FF0B30FFFF8E231052EAFFFFBC
:107098000A00F6FFFFFFFFFFFFFFFF090050FEFF9A
:1070A800FFFFFFDFF9FF07000081FDFFFFBF05F7C6
:1070B800FF040000001043240000F9FF0100000055
:1070C8000000000000FEDF0000000000000000409B
:1070D800FF7F0000000000000000B0FF2F0000004C
:1070E8000000000000F6FF0A000000000000004059
:1070F800FEEF0200000000000000F6FF6F00000035
:1071080090150031D7FFFF09000000E0FFFFFFFFE7
:10711800FF8F00000000E0FFFFFFFFDF0500000019
:1071280000E0FFFFFFCF0600000000002075774653
:107138000100000000000010537757020000008390
:10714800FCFFFFFFDF170000FDFFFFFFFFFFDF026F
:1071580000FDFFFFEFFFFFFF2E00FD9E150041FA27
:10716800FFBF006B0000000060FFFF02000000008E
:107178000000FBFF07000000000000F7FF08000008
:1071880000000000F6FF09000000000000F7FF07FC
:10719800000000000000FBFF04000000000030FFBA
:1071A800EF000000000000C1FF7F00000000001099
:1071B800FCFF0C0000000000D3FFDF02000000000D
:1071C80081FFFF2C0000000060FEFF9F0000000010
:1071D80000D0FFDF040000000000D0FF0B0000001B
:1071E800000000D0FF09000000000000D0FF0900E7
:1071F8000000000000D0FF09000000000000D0FFE0
:10720800090000000000000000000000000000006D
:107218000000000000000000000000000000000066
:107228000000404403000000000000F1FF0E0000D1
:1072380000000000F1FF0E000000000000F1FF0E4A
:10724800000000000000F1FF0E0000000000000038
:1072580000000000300006080800060000001800C2
:107268000000310005080801060000003000000099
:10727800320006080800060000004800000033003D
:107288000608080006000000600000003400060838
:107298000800060000007800000035000608080015
:1072A80006000000900000003600060808000600EE
:1072B8000000A800000037000608080006000000CB
:1072C800C000000038000608080006000000D800CA
:1072D800000039000608080006000000F000000061
:1072E8003F0005080800050000000000000000003D
:1072F8002000000000000400000000000000300032
:1073080007090900080000002400000031000609F0
:107318000901080000003F000000320007090900C9
:107328000800000063000000330006090901080096
:1073380000007E0000003400080909000800000071
:10734800A200000035000609090108000000BD0080
:10735800000036000709090008000000E1000000ED
:10736800370007090900080000000501000038007F
:107378000709090008000000290100003900070971
:107388000900080000004D0100003A00020707024A
:1073980005000000540100003F000609090007002D
:1073A80000006F01000045000609090108000000FF
:1073B8008A01000052000809090108000000AE0116
:1073C800000053000809090008000000D20100006D
:1073D80061000707070007000000EE0100006300D6
:1073E8000607070006000000030200006500070703
:1073F8000700070000001F020000690002090901D8
:1074080003000000280200006C00020909010300C3
:107418000000310200006F000707070007000000A6
:107428004D0200007000060A0701070000006B0209
:107438000000720005070701050000008002000037
:10744800740005090900050000009B02000078008F
:107458000707070007000000B70200007900070AC5
:1074680007000700000000000000000030001520A1
:107478001F0219000000600100003100111E1E05E6
:10748800190000006E0200003200141F1F031900CB
:107498000000A4030000330014201F03190000009B
:1074A800E40400003400171E1E01190000004C06F9
:1074B80000003500141F1E03190000008207000099
:1074C800360016201F0219000000E20800003700ED
:1074D800141E1E03190000000E0A000038001520B3
:1074E8001F02190000006E0B0000390015201F0252
:1074F80019000000CE0C00003F00111F1F031600EA
:02750800000081
:10750C00000000000000000000000000886002087D
:08751C0090610208706402088E
:107524000000000007000000070000000700000042
:10753400070000000700000007000000070000002B
:10754400070000000700000007000000070000001B
:10755400070000000700000007000000070000000B
:107564001000000009000000070000005300630041
:107574006F00720065003A00200002000000520013
:10758400650070006C00610079000000450078001F
:107594006900740000000000A075020800010001E9
:1075A40000010001000100010001000100010001CF
:1075B40000010001000100010001000100010001BF
:0275C4000001C4
:1075C8000000000058D0F88258D0F8EF58D0F8FFE3
:1075D80058D0F8FF58D0F8FF58D0F8FF58D0F8FF27
:1075E80058D0F8FF58D0F8FF58D0F8FF58D0F8FF17
:1075F80058D0F8FF58D0F8FF58D0F8FF58D0F8FF07
:1076080058D0F8FF58D0F8FF58D0F8FF58D0F8FFF6
:1076180058D0F8FF58D0F8FF58D0F8FF58D0F8FFE6
:1076280058D0F8FF58D0F8FF58D0F8FF58D0F8FFD6
:1076380058D0F8FF58D0F8FF58D0F8FF58D0F8FFC6
:1076480058D0F8FF58D0F8FF58D0F8FF58D0F8FFB6
:1076580058D0F8FF58D0F8FF58D0F8FF58D0F8FFA6
:1076680058D0F8FF58D0F8FF58D0F8FF58D0F8FF96
:1076780058D0F8FF58D0F8FF58D0F8FF58D0F8FF86
:1076880058D0F8FF58D0F8FF58D0F8FF58D0F8FF76
:1076980058D0F8FF58D0F8FF58D0F8FF58D0F8FF66
:1076A80058D0F8FF58D0F8FF58D0F8FF58D0F8FF56
:1076B80058D0F8FF58D0F8FF58D0F8FF58D0F8FF46
:1076C80058D0F8FF58D0F8FF58D0F8FF58D0F8FF36
:1076D80058D0F8FF58D0F8FF58D0F8FF58D0F8FF26
:1076E80058D0F8FF58D0F8FF58D0F8FF58D0F8FF16
:1076F80058D0F8FF58D0F8FF58D0F8FF58D0F8FF06
:1077080058D0F8FF58D0F8FF58D0F8FF58D0F8FFF5
:1077180058D0F8FF58D0F8FF58D0F8FF58D0F8FFE5
:1077280058D0F8FF58D0F8FF58D0F8FF58D0F8FFD5
:1077380058D0F8FF58D0F8FF58D0F8FF58D0F8FFC5
:1077480058D0F8FF58D0F8EF58D0F88E0000000055
:1077580058D0F88E58CCF8FF50CCF8FF50CCF8FF32
:1077680050CCF8FF48CCF8FF50CCF8FF50CCF8FFCD
:1077780048CCF8FF50CCF8FF50CCF8FF48CCF8FFC5
:1077880050CCF8FF50CCF8FF48CCF8FF50CCF8FFAD
:1077980050CCF8FF48CCF8FF50CCF8FF50CCF8FF9D
:1077A80048CCF8FF50CCF8FF50CCF8FF48CCF8FF95
:1077B80050CCF8FF50CCF8FF48CCF8FF50CCF8FF7D
:1077C80050CCF8FF48CCF8FF50CCF8FF50CCF8FF6D
:1077D80048CCF8FF50CCF8FF50CCF8FF48CCF8FF65
:1077E80050CCF8FF50CCF8FF48CCF8FF50CCF8FF4D
:1077F80050CCF8FF48CCF8FF50CCF8FF50CCF8FF3D
:1078080048CCF8FF50CCF8FF50CCF8FF48CCF8FF34
:1078180050CCF8FF50CCF8FF48CCF8FF50CCF8FF1C
:1078280050CCF8FF48CCF8FF50CCF8FF50CCF8FF0C
:1078380048CCF8FF50CCF8FF50CCF8FF48CCF8FF04
:1078480050CCF8FF50CCF8FF48CCF8FF50CCF8FFEC
:1078580050CCF8FF48CCF8FF50CCF8FF50CCF8FFDC
:1078680048CCF8FF50CCF8FF50CCF8FF48CCF8FFD4
:1078780050CCF8FF50CCF8FF48CCF8FF50CCF8FFBC
:1078880050CCF8FF48CCF8FF50CCF8FF50CCF8FFAC
:1078980048CCF8FF50CCF8FF50CCF8FF48CCF8FFA4
:1078A80050CCF8FF50CCF8FF48CCF8FF50CCF8FF8C
:1078B80050CCF8FF48CCF8FF50CCF8FF50CCF8FF7C
:1078C80048CCF8FF50CCF8FF50CCF8FF48CCF8FF74
:1078D80050CCF8FF50CCF8FF58CCF8FF58D0F87DC2
:1078E80050CCF8EF30C4F8FF20C0F8FF20C0F8FFF4
:1078F80020C0F8FF20C0F8FF20C0F8FF20C0F8FF24
:1079080020C0F8FF20C0F8FF20C0F8FF20C0F8FF13
:1079180020C0F8FF20C0F8FF20C0F8FF20C0F8FF03
:1079280020C0F8FF20C0F8FF20C0F8FF20C0F8FFF3
:1079380020C0F8FF20C0F8FF20C0F8FF20C0F8FFE3
:1079480020C0F8FF20C0F8FF20C0F8FF20C0F8FFD3
:1079580020C0F8FF20C0F8FF20C0F8FF20C0F8FFC3
:1079680020C0F8FF20C0F8FF20C0F8FF20C0F8FFB3
:1079780020C0F8FF20C0F8FF20C0F8FF20C0F8FFA3
:1079880020C0F8FF20C0F8FF20C0F8FF20C0F8FF93
:1079980020C0F8FF20C0F8FF20C0F8FF20C0F8FF83
:1079A80020C0F8FF20C0F8FF20C0F8FF20C0F8FF73
:1079B80020C0F8FF20C0F8FF20C0F8FF20C0F8FF63
:1079C80020C0F8FF20C0F8FF20C0F8FF20C0F8FF53
:1079D80020C0F8FF20C0F8FF20C0F8FF20C0F8FF43
:1079E80020C0F8FF20C0F8FF20C0F8FF20C0F8FF33
:1079F80020C0F8FF20C0F8FF20C0F8FF20C0F8FF23
:107A080020C0F8FF20C0F8FF20C0F8FF20C0F8FF12
:107A180020C0F8FF20C0F8FF20C0F8FF20C0F8FF02
:107A280020C0F8FF20C0F8FF20C0F8FF20C0F8FFF2
:107A380020C0F8FF20C0F8FF20C0F8FF20C0F8FFE2
:107A480020C0F8FF20C0F8FF20C0F8FF20C0F8FFD2
:107A580020C0F8FF20C0F8FF20C0F8FF20C0F8FFC2
:107A680020C0F8FF20C0F8FF38C4F8FF50CCF8EF6A
:107A780038C4F8FF18BCF8FF18BCF8FF18BCF8FFAA
:107A880018BCF8FF18BCF8FF18BCF8FF18BCF8FFC2
:107A980018BCF8FF18BCF8FF18BCF8FF18BCF8FFB2
:107AA80018BCF8FF18BCF8FF18BCF8FF18BCF8FFA2
:107AB80018BCF8FF18BCF8FF18BCF8FF18BCF8FF92
:107AC80018BCF8FF18BCF8FF18BCF8FF18BCF8FF82
:107AD80018BCF8FF18BCF8FF18BCF8FF18BCF8FF72
:107AE80018BCF8FF18BCF8FF18BCF8FF18BCF8FF62
:107AF80018BCF8FF18BCF8FF18BCF8FF18BCF8FF52
:107B080018BCF8FF18BCF8FF18BCF8FF18BCF8FF41
:107B180018BCF8FF18BCF8FF18BCF8FF18BCF8FF31
:107B280018BCF8FF18BCF8FF18BCF8FF18BCF8FF21
:107B380018BCF8FF18BCF8FF18BCF8FF18BCF8FF11
:107B480018BCF8FF18BCF8FF18BCF8FF18BCF8FF01
:107B580018BCF8FF18BCF8FF18BCF8FF18BCF8FFF1
:107B680018BCF8FF18BCF8FF18BCF8FF18BCF8FFE1
:107B780018BCF8FF18BCF8FF18BCF8FF18BCF8FFD1
:107B880018BCF8FF18BCF8FF18BCF8FF18BCF8FFC1
:107B980018BCF8FF18BCF8FF18BCF8FF18BCF8FFB1
:107BA80018BCF8FF18BCF8FF18BCF8FF18BCF8FFA1
:107BB80018BCF8FF18BCF8FF18BCF8FF18BCF8FF91
:107BC80018BCF8FF18BCF8FF18BCF8FF18BCF8FF81
:107BD80018BCF8FF18BCF8FF18BCF8FF18BCF8FF71
:107BE80018BCF8FF18BCF8FF18BCF8FF18BCF8FF61
:107BF80018BCF8FF18BCF8FF18BCF8FF38C4F8FF29
:107C080028C0F8FF18BCF8FF18BCF8FF18BCF8FF2C
:107C180018BCF8FF18BCF8FF18BCF8FF18BCF8FF30
:107C280018BCF8FF18BCF8FF18BCF8FF18BCF8FF20
:107C380018BCF8FF18BCF8FF18BCF8FF18BCF8FF10
:107C480018BCF8FF18BCF8FF18BCF8FF18BCF8FF00
:107C580018BCF8FF18BCF8FF18BCF8FF18BCF8FFF0
:107C680018BCF8FF18BCF8FF18BCF8FF18BCF8FFE0
:107C780018BCF8FF18BCF8FF18BCF8FF18BCF8FFD0
:107C880018BCF8FF18BCF8FF18BCF8FF18BCF8FFC0
:107C980018BCF8FF18BCF8FF18BCF8FF18BCF8FFB0
:107CA80018BCF8FF18BCF8FF18BCF8FF18BCF8FFA0
:107CB80018BCF8FF18BCF8FF18BCF8FF18BCF8FF90
:107CC80018BCF8FF18BCF8FF18BCF8FF18BCF8FF80
:107CD80018BCF8FF18BCF8FF18BCF8FF18BCF8FF70
:107CE80018BCF8FF18BCF8FF18BCF8FF18BCF8FF60
:107CF80018BCF8FF18BCF8FF18BCF8FF18BCF8FF50
:107D080018BCF8FF18BCF8FF18BCF8FF18BCF8FF3F
:107D180018BCF8FF18BCF8FF18BCF8FF18BCF8FF2F
:107D280018BCF8FF18BCF8FF18BCF8FF18BCF8FF1F
:107D380018BCF8FF18BCF8FF18BCF8FF18BCF8FF0F
:107D480018BCF8FF18BCF8FF18BCF8FF18BCF8FFFF
:107D580018BCF8FF18BCF8FF18BCF8FF18BCF8FFEF
:107D680018BCF8FF18BCF8FF18BCF8FF18BCF8FFDF
:107D780018BCF8FF18BCF8FF18BCF8FF18BCF8FFCF
:107D880018BCF8FF18BCF8FF18BCF8FF28C0F8FFAB
:107D980020C0F8FF18BCF8FF18C0F8FF18BCF8FF9F
:107DA80018BCF8FF18C0F8FF18BCF8FF18BCF8FF9B
:107DB80018BCF8FF18BCF8FF18BCF8FF18BCF8FF8F
:107DC80018BCF8FF18BCF8FF18BCF8FF18BCF8FF7F
:107DD80018BCF8FF18BCF8FF18BCF8FF18BCF8FF6F
:107DE80018BCF8FF18BCF8FF18BCF8FF18BCF8FF5F
:107DF80018BCF8FF18BCF8FF18BCF8FF18BCF8FF4F
:107E080018BCF8FF18BCF8FF18BCF8FF18BCF8FF3E
:107E180018BCF8FF18BCF8FF18BCF8FF18BCF8FF2E
:107E280018BCF8FF18BCF8FF18BCF8FF18BCF8FF1E
:107E380018BCF8FF18BCF8FF18BCF8FF18BCF8FF0E
:107E480018BCF8FF18BCF8FF18BCF8FF18BCF8FFFE
:107E580018BCF8FF18BCF8FF18BCF8FF18BCF8FFEE
:107E680018BCF8FF18BCF8FF18BCF8FF18BCF8FFDE
:107E780018BCF8FF18BCF8FF18BCF8FF18BCF8FFCE
:107E880018BCF8FF18BCF8FF18BCF8FF18BCF8FFBE
:107E980018BCF8FF18BCF8FF18BCF8FF18BCF8FFAE
:107EA80018BCF8FF18BCF8FF18BCF8FF18BCF8FF9E
:107EB80018BCF8FF18BCF8FF18BCF8FF18BCF8FF8E
:107EC80018BCF8FF18BCF8FF18BCF8FF18BCF8FF7E
:107ED80018BCF8FF18BCF8FF18BCF8FF18BCF8FF6E
:107EE80018BCF8FF18BCF8FF18BCF8FF18BCF8FF5E
:107EF80018BCF8FF18BCF8FF18BCF8FF18BCF8FF4E
:107F080018BCF8FF18BCF8FF18BCF8FF18BCF8FF3D
:107F180018C0F8FF18BCF8FF18C0F8FF20C0F8FF19
:107F280020C0F8FF18BCF8FF18BCF8FF18BCF8FF11
:107F380018C0F8FF18BCF8FF18BCF8FF18C0F8FF05
:107F480018BCF8FF18C0F8FF18BCF8FF18C0F8FFF5
:107F580018BCF8FF18C0F8FF18BCF8FF18C0F8FFE5
:107F680018BCF8FF18C0F8FF18BCF8FF18C0F8FFD5
:107F780018BCF8FF18C0F8FF18BCF8FF18C0F8FFC5
:107F880018BCF8FF18C0F8FF18BCF8FF18C0F8FFB5
:107F980018BCF8FF18C0F8FF18BCF8FF18C0F8FFA5
:107FA80018BCF8FF18C0F8FF18BCF8FF18C0F8FF95
:107FB80018BCF8FF18C0F8FF18BCF8FF18C0F8FF85
:107FC80018BCF8FF18C0F8FF18BCF8FF18C0F8FF75
:107FD80018BCF8FF18C0F8FF18BCF8FF18C0F8FF65
:107FE80018BCF8FF18C0F8FF18BCF8FF18C0F8FF55
:107FF80018BCF8FF18C0F8FF18BCF8FF18C0F8FF45
:1080080018BCF8FF18C0F8FF18BCF8FF18C0F8FF34
:1080180018BCF8FF18C0F8FF18BCF8FF18C0F8FF24
:1080280018BCF8FF18C0F8FF18BCF8FF18C0F8FF14
:1080380018BCF8FF18C0F8FF18BCF8FF18C0F8FF04
:1080480018BCF8FF18C0F8FF18BCF8FF18C0F8FFF4
:1080580018BCF8FF18C0F8FF18BCF8FF18C0F8FFE4
:1080680018BCF8FF18C0F8FF18BCF8FF18C0F8FFD4
:1080780018BCF8FF18C0F8FF18BCF8FF18C0F8FFC4
:1080880018BCF8FF18C0F8FF18BCF8FF18C0F8FFB4
:1080980018BCF8FF18C0F8FF18BCF8FF18BCF8FFA8
:1080A80018BCF8FF18BCF8FF18BCF8FF20C0F8FF90
:1080B80020C0F8FF18BCF8FF18BCF8FF18BCF8FF80
:1080C80018BCF8FF18BCF8FF10BCF8FF18BCF8FF84
:1080D80018C0F8FF18BCF8FF18BCF8FF10BCF8FF70
:1080E80018C0F8FF18BCF8FF18BCF8FF18BCF8FF58
:1080F80018C0F8FF10BCF8FF18BCF8FF18BCF8FF50
:1081080018C0F8FF18BCF8FF18BCF8FF10BCF8FF3F
:1081180018C0F8FF18BCF8FF18BCF8FF18BCF8FF27
:1081280018C0F8FF10BCF8FF18BCF8FF18BCF8FF1F
:1081380018C0F8FF18BCF8FF18BCF8FF10BCF8FF0F
:1081480018C0F8FF18BCF8FF18BCF8FF18BCF8FFF7
:1081580018C0F8FF10BCF8FF18BCF8FF18BCF8FFEF
:1081680018C0F8FF18BCF8FF18BCF8FF10BCF8FFDF
:1081780018C0F8FF18BCF8FF18BCF8FF18BCF8FFC7
:1081880018C0F8FF10BCF8FF18BCF8FF18BCF8FFBF
:1081980018C0F8FF18BCF8FF18BCF8FF10BCF8FFAF
:1081A80018C0F8FF18BCF8FF18BCF8FF18BCF8FF97
:1081B80018C0F8FF10BCF8FF18BCF8FF18BCF8FF8F
:1081C80018C0F8FF18BCF8FF18BCF8FF10BCF8FF7F
:1081D80018C0F8FF18BCF8FF18BCF8FF18BCF8FF67
:1081E80018C0F8FF10BCF8FF18BCF8FF18BCF8FF5F
:1081F80018C0F8FF18BCF8FF18BCF8FF10BCF8FF4F
:1082080018C0F8FF18BCF8FF18BCF8FF18BCF8FF36
:1082180018C0F8FF10BCF8FF18BCF8FF18BCF8FF2E
:1082280018C0F8FF18BCF8FF18BCF8FF18C0F8FF12
:1082380010BCF8FF18BCF8FF18C0F8FF20C0F8FF02
:1082480020C0F8FF18BCF8FF18BCF8FF10C0F8FFF2
:1082580018BCF8FF18C0F8FF18BCF8FF18BCF8FFE6
:1082680018BCF8FF18BCF8FF18BCF8FF18BCF8FFDA
:1082780018BCF8FF18BCF8FF10BCF8FF18BCF8FFD2
:1082880018BCF8FF18BCF8FF18BCF8FF18BCF8FFBA
:1082980010BCF8FF18BCF8FF18BCF8FF18BCF8FFB2
:1082A80018BCF8FF18BCF8FF10BCF8FF18BCF8FFA2
:1082B80018BCF8FF18BCF8FF18BCF8FF18BCF8FF8A
:1082C80010BCF8FF18BCF8FF18BCF8FF18BCF8FF82
:1082D80018BCF8FF18BCF8FF10BCF8FF18BCF8FF72
:1082E80018BCF8FF18BCF8FF18BCF8FF18BCF8FF5A
:1082F80010BCF8FF18BCF8FF18BCF8FF18BCF8FF52
:1083080018BCF8FF18BCF8FF10BCF8FF18BCF8FF41
:1083180018BCF8FF18BCF8FF18BCF8FF18BCF8FF29
:1083280010BCF8FF18BCF8FF18BCF8FF18BCF8FF21
:1083380018BCF8FF18BCF8FF10BCF8FF18BCF8FF11
:1083480018BCF8FF18BCF8FF18BCF8FF18BCF8FFF9
:1083580010BCF8FF18BCF8FF18BCF8FF18BCF8FFF1
:1083680018BCF8FF18BCF8FF10BCF8FF18BCF8FFE1
:1083780018BCF8FF18BCF8FF18BCF8FF18BCF8FFC9
:1083880010BCF8FF18BCF8FF18BCF8FF18BCF8FFC1
:1083980018BCF8FF18BCF8FF10BCF8FF18BCF8FFB1
:1083A80018BCF8FF18BCF8FF18BCF8FF18BCF8FF99
:1083B80010BCF8FF18BCF8FF18BCF8FF18C0F8FF8D
:1083C80018BCF8FF18BCF8FF18BCF8FF20C0F8FF6D
:1083D80020C0F8FF18BCF8FF18BCF8FF18BCF8FF5D
:1083E80018C0F8FF18BCF8FF18BCF8FF18C0F8FF51
:1083F80010BCF8FF18C0F8FF18C0F8FF18BCF8FF49
:1084080018BCF8FF18C0F8FF18C0F8FF18BCF8FF30
:1084180018BCF8FF18C0F8FF18C0F8FF18BCF8FF20
:1084280018BCF8FF18C0F8FF18C0F8FF18BCF8FF10
:1084380018BCF8FF18C0F8FF18C0F8FF18BCF8FF00
:1084480018BCF8FF18C0F8FF18C0F8FF18BCF8FFF0
:1084580018BCF8FF18C0F8FF18C0F8FF18BCF8FFE0
:1084680018BCF8FF18C0F8FF18C0F8FF18BCF8FFD0
:1084780018BCF8FF18C0F8FF18C0F8FF18BCF8FFC0
:1084880018BCF8FF18C0F8FF18C0F8FF18BCF8FFB0
:1084980018BCF8FF18C0F8FF18C0F8FF18BCF8FFA0
:1084A80018BCF8FF18C0F8FF18C0F8FF18BCF8FF90
:1084B80018BCF8FF18C0F8FF18C0F8FF18BCF8FF80
:1084C80018BCF8FF18C0F8FF18C0F8FF18BCF8FF70
:1084D80018BCF8FF18C0F8FF18C0F8FF18BCF8FF60
:1084E80018BCF8FF18C0F8FF18C0F8FF18BCF8FF50
:1084F80018BCF8FF18C0F8FF18C0F8FF18BCF8FF40
:1085080018BCF8FF18C0F8FF18C0F8FF18BCF8FF2F
:1085180018BCF8FF18C0F8FF18C0F8FF18BCF8FF1F
:1085280018BCF8FF18C0F8FF18C0F8FF18BCF8FF0F
:1085380018BCF8FF18C0F8FF18C0F8FF18BCF8FFFF
:1085480018BCF8FF18C0F8FF10BCF8FF18BCF8FFFB
:1085580018C0F8FF18BCF8FF18BCF8FF20C0F8FFD7
:1085680020C0F8FF18BCF8FF18BCF8FF18BCF8FFCB
:1085780018BCF8FF10BCF8FF18BCF8FF18BCF8FFCF
:1085880018BCF8FF18BCF8FF10BCF8FF18BCF8FFBF
:1085980018BCF8FF10BCF8FF18BCF8FF18C0F8FFAB
:1085A80010BCF8FF18BCF8FF18BCF8FF10BCF8FFA7
:1085B80018BCF8FF18BCF8FF10BCF8FF18C0F8FF8B
:1085C80018BCF8FF10BCF8FF18BCF8FF18BCF8FF7F
:1085D80010BCF8FF18BCF8FF18BCF8FF10C0F8FF73
:1085E80018BCF8FF18BCF8FF10BCF8FF18BCF8FF5F
:1085F80018BCF8FF10BCF8FF18BCF8FF18C0F8FF4B
:1086080010BCF8FF18BCF8FF18BCF8FF10BCF8FF46
:1086180018BCF8FF18BCF8FF10BCF8FF18C0F8FF2A
:1086280018BCF8FF10BCF8FF18BCF8FF18BCF8FF1E
:1086380010BCF8FF18BCF8FF18BCF8FF10C0F8FF12
:1086480018BCF8FF18BCF8FF10BCF8FF18BCF8FFFE
:1086580018BCF8FF10BCF8FF18BCF8FF18C0F8FFEA
:1086680010BCF8FF18BCF8FF18BCF8FF10BCF8FFE6
:1086780018BCF8FF18BCF8FF10BCF8FF18C0F8FFCA
:1086880018BCF8FF10BCF8FF18BCF8FF18BCF8FFBE
:1086980010BCF8FF18BCF8FF18BCF8FF10C0F8FFB2
:1086A80018BCF8FF18BCF8FF10BCF8FF18BCF8FF9E
:1086B80018BCF8FF10BCF8FF18BCF8FF18C0F8FF8A
:1086C80010BCF8FF18BCF8FF18BCF8FF10BCF8FF86
:1086D80018C0F8FF18BCF8FF18BCF8FF18BCF8FF62
:1086E80018BCF8FF10C0F8FF18BCF8FF20C0F8FF4E
:1086F80020C0F8FF18BCF8FF18BCF8FF18C0F8FF36
:1087080018BCF8FF18C0F8FF18BCF8FF18C0F8FF2D
:1087180018BCF8FF18BCF8FF18C0F8FF18BCF8FF21
:1087280018C0F8FF18BCF8FF18BCF8FF18BCF8FF11
:1087380018BCF8FF18BCF8FF18C0F8FF18BCF8FF01
:1087480018C0F8FF18BCF8FF18BCF8FF18BCF8FFF1
:1087580018BCF8FF18BCF8FF18C0F8FF18BCF8FFE1
:1087680018C0F8FF18BCF8FF18BCF8FF18BCF8FFD1
:1087780018BCF8FF18BCF8FF18C0F8FF18BCF8FFC1
:1087880018C0F8FF18BCF8FF18BCF8FF18BCF8FFB1
:1087980018BCF8FF18BCF8FF18C0F8FF18BCF8FFA1
:1087A80018C0F8FF18BCF8FF18BCF8FF18BCF8FF91
:1087B80018BCF8FF18BCF8FF18C0F8FF18BCF8FF81
:1087C80018C0F8FF18BCF8FF18BCF8FF18BCF8FF71
:1087D80018BCF8FF18BCF8FF18C0F8FF18BCF8FF61
:1087E80018C0F8FF18BCF8FF18BCF8FF18BCF8FF51
:1087F80018BCF8FF18BCF8FF18C0F8FF18BCF8FF41
:1088080018C0F8FF18BCF8FF18BCF8FF18BCF8FF30
:1088180018BCF8FF18BCF8FF18C0F8FF18BCF8FF20
:1088280018C0F8FF18BCF8FF18BCF8FF18BCF8FF10
:1088380018BCF8FF18BCF8FF18C0F8FF18BCF8FF00
:1088480018C0F8FF18BCF8FF18BCF8FF18BCF8FFF0
:1088580018BCF8FF18BCF8FF18BCF8FF18C0F8FFE0
:1088680018BCF8FF18BCF8FF18C0F8FF18BCF8FFD0
:1088780018BCF8FF18BCF8FF18BCF8FF20C0F8FFB8
:1088880020C0F8FF18BCF8FF18BCF8FF18BCF8FFA8
:1088980018C0F8FF18BCF8FF18BCF8FF10BCF8FFA8
:1088A80018C0F8FF18BCF8FF18BCF8FF18C0F8FF8C
:1088B80018BCF8FF18BCF8FF18C0F8FF18BCF8FF80
:1088C80018BCF8FF18C0F8FF18BCF8FF18BCF8FF70
:1088D80018C0F8FF18BCF8FF18BCF8FF18C0F8FF5C
:1088E80018BCF8FF18BCF8FF18C0F8FF18BCF8FF50
:1088F80018BCF8FF18C0F8FF18BCF8FF18BCF8FF40
:1089080018C0F8FF18BCF8FF18BCF8FF18C0F8FF2B
:1089180018BCF8FF18BCF8FF18C0F8FF18BCF8FF1F
:1089280018BCF8FF18C0F8FF18BCF8FF18BCF8FF0F
:1089380018C0F8FF18BCF8FF18BCF8FF18C0F8FFFB
:1089480018BCF8FF18BCF8FF18C0F8FF18BCF8FFEF
:1089580018BCF8FF18C0F8FF18BCF8FF18BCF8FFDF
:1089680018C0F8FF18BCF8FF18BCF8FF18C0F8FFCB
:1089780018BCF8FF18BCF8FF18C0F8FF18BCF8FFBF
:1089880018BCF8FF18C0F8FF18BCF8FF18BCF8FFAF
:1089980018C0F8FF18BCF8FF18BCF8FF18C0F8FF9B
:1089A80018BCF8FF18BCF8FF18C0F8FF18BCF8FF8F
:1089B80018BCF8FF18C0F8FF18BCF8FF18BCF8FF7F
:1089C80018C0F8FF18BCF8FF18BCF8FF18C0F8FF6B
:1089D80018BCF8FF18BCF8FF18C0F8FF18BCF8FF5F
:1089E80018C0F8FF18BCF8FF18BCF8FF18C0F8FF4B
:1089F80018BCF8FF18BCF8FF10BCF8FF18C0F8FF47
:108A080018BCF8FF18BCF8FF18C0F8FF20C0F8FF22
:108A180020C0F8FF18BCF8FF18BCF8FF10BCF8FF1E
:108A280018BCF8FF18BCF8FF18BCF8FF18BCF8FF12
:108A380018BCF8FF18BCF8FF10BCF8FF18BCF8FF0A
:108A480018BCF8FF10BCF8FF18C0F8FF18BCF8FFF6
:108A580010BCF8FF18C0F8FF18BCF8FF10BCF8FFEE
:108A680018BCF8FF18BCF8FF10C0F8FF18BCF8FFD6
:108A780018BCF8FF10BCF8FF18BCF8FF18BCF8FFCA
:108A880010BCF8FF18BCF8FF18C0F8FF10BCF8FFBE
:108A980018BCF8FF18BCF8FF10BCF8FF18BCF8FFAA
:108AA80018BCF8FF10BCF8FF18C0F8FF18BCF8FF96
:108AB80010BCF8FF18C0F8FF18BCF8FF10BCF8FF8E
:108AC80018BCF8FF18BCF8FF10C0F8FF18BCF8FF76
:108AD80018BCF8FF10BCF8FF18BCF8FF18BCF8FF6A
:108AE80010BCF8FF18BCF8FF18C0F8FF10BCF8FF5E
:108AF80018BCF8FF18BCF8FF10BCF8FF18BCF8FF4A
:108B080018BCF8FF10BCF8FF18C0F8FF18BCF8FF35
:108B180010BCF8FF18C0F8FF18BCF8FF10BCF8FF2D
:108B280018BCF8FF18BCF8FF10C0F8FF18BCF8FF15
:108B380018BCF8FF10BCF8FF18BCF8FF18BCF8FF09
:108B480010BCF8FF18BCF8FF18C0F8FF10BCF8FFFD
:108B580018BCF8FF18BCF8FF10BCF8FF18BCF8FFE9
:108B680018BCF8FF10BCF8FF18BCF8FF18C0F8FFD5
:108B780010BCF8FF18BCF8FF18BCF8FF10BCF8FFD1
:108B880018BCF8FF18BCF8FF18BCF8FF18C0F8FFAD
:108B980018BCF8FF18BCF8FF18BCF8FF20C0F8FF95
:108BA80020C0F8FF18BCF8FF18BCF8FF18C0F8FF81
:108BB80018BCF8FF18C0F8FF10C0F8FF18BCF8FF81
:108BC80018C0F8FF18BCF8FF18C0F8FF18BCF8FF69
:108BD80018BCF8FF18C0F8FF18BCF8FF18BCF8FF5D
:108BE80018BCF8FF18BCF8FF18BCF8FF18C0F8FF4D
:108BF80018BCF8FF18BCF8FF18BCF8FF18C0F8FF3D
:108C080018BCF8FF18C0F8FF18BCF8FF18C0F8FF28
:108C180018BCF8FF18BCF8FF18BCF8FF18C0F8FF1C
:108C280018BCF8FF18C0F8FF18BCF8FF18C0F8FF08
:108C380018BCF8FF18BCF8FF18BCF8FF18BCF8FF00
:108C480018BCF8FF18BCF8FF18BCF8FF18C0F8FFEC
:108C580018BCF8FF18BCF8FF18BCF8FF18C0F8FFDC
:108C680018BCF8FF18C0F8FF18BCF8FF18C0F8FFC8
:108C780018BCF8FF18BCF8FF18BCF8FF18C0F8FFBC
:108C880018BCF8FF18C0F8FF18BCF8FF18C0F8FFA8
:108C980018BCF8FF18BCF8FF18BCF8FF18BCF8FFA0
:108CA80018BCF8FF18BCF8FF18BCF8FF18C0F8FF8C
:108CB80018BCF8FF18BCF8FF18BCF8FF18C0F8FF7C
:108CC80018BCF8FF18C0F8FF18BCF8FF18C0F8FF68
:108CD80018BCF8FF18BCF8FF18BCF8FF18C0F8FF5C
:108CE80018BCF8FF18C0F8FF18BCF8FF18C0F8FF48
:108CF80018BCF8FF18BCF8FF18BCF8FF18BCF8FF40
:108D080018BCF8FF18C0F8FF18C0F8FF18BCF8FF27
:108D180018C0F8FF18BCF8FF18BCF8FF10BCF8FF23
:108D280018C0F8FF18BCF8FF18BCF8FF20C0F8FFFF
:108D380020C0F8FF18BCF8FF18BCF8FF18BCF8FFF3
:108D480018BCF8FF18BCF8FF18BCF8FF18BCF8FFEF
:108D580018BCF8FF10C0F8FF18BCF8FF18BCF8FFE3
:108D680018BCF8FF18BCF8FF18BCF8FF10C0F8FFD3
:108D780018BCF8FF18BCF8FF18C0F8FF18BCF8FFBB
:108D880018BCF8FF18BCF8FF18BCF8FF18BCF8FFAF
:108D980018BCF8FF18BCF8FF18C0F8FF18BCF8FF9B
:108DA80018BCF8FF18C0F8FF18BCF8FF18BCF8FF8B
:108DB80018BCF8FF18BCF8FF18C0F8FF18BCF8FF7B
:108DC80018BCF8FF18C0F8FF18BCF8FF18C0F8FF67
:108DD80018BCF8FF18BCF8FF18C0F8FF18BCF8FF5B
:108DE80018BCF8FF18BCF8FF18C0F8FF18BCF8FF4B
:108DF80018BCF8FF18BCF8FF18BCF8FF18C0F8FF3B
:108E080018BCF8FF18BCF8FF18BCF8FF18BCF8FF2E
:108E180018BCF8FF18BCF8FF18C0F8FF18BCF8FF1A
:108E280018BCF8FF18C0F8FF18BCF8FF18C0F8FF06
:108E380018BCF8FF18BCF8FF18C0F8FF18BCF8FFFA
:108E480018BCF8FF18BCF8FF18C0F8FF18BCF8FFEA
:108E580018BCF8FF18BCF8FF18BCF8FF18C0F8FFDA
:108E680018BCF8FF18BCF8FF18BCF8FF18BCF8FFCE
:108E780018BCF8FF18BCF8FF18C0F8FF18BCF8FFBA
:108E880018C0F8FF18BCF8FF18C0F8FF18BCF8FFA6
:108E980018BCF8FF18BCF8FF18BCF8FF18BCF8FF9E
:108EA80010BCF8FF18C0F8FF18BCF8FF18BCF8FF92
:108EB80018BCF8FF18C0F8FF18BCF8FF20C0F8FF6E
:108EC80020C0F8FF18BCF8FF18BCF8FF10C0F8FF66
:108ED80018BCF8FF18BCF8FF18C0F8FF18BCF8FF5A
:108EE80018BCF8FF18BCF8FF18BCF8FF18C0F8FF4A
:108EF80010BCF8FF18BCF8FF18C0F8FF18BCF8FF42
:108F080018BCF8FF18C0F8FF10BCF8FF18BCF8FF31
:108F180018C0F8FF10C0F8FF18BCF8FF18BCF8FF1D
:108F280010C0F8FF18BCF8FF18BCF8FF10BCF8FF19
:108F380018BCF8FF18BCF8FF10C0F8FF18BCF8FF01
:108F480018BCF8FF10BCF8FF18BCF8FF18BCF8FFF5
:108F580010BCF8FF18BCF8FF18C0F8FF10BCF8FFE9
:108F680018BCF8FF18C0F8FF10BCF8FF18BCF8FFD1
:108F780018BCF8FF10C0F8FF18BCF8FF18BCF8FFC1
:108F880010BCF8FF18BCF8FF18BCF8FF10BCF8FFBD
:108F980018C0F8FF18BCF8FF10C0F8FF18BCF8FF9D
:108FA80018BCF8FF10BCF8FF18BCF8FF18BCF8FF95
:108FB80010BCF8FF18BCF8FF18C0F8FF10BCF8FF89
:108FC80018BCF8FF18C0F8FF10BCF8FF18BCF8FF71
:108FD80018BCF8FF10C0F8FF18BCF8FF18BCF8FF61
:108FE80010BCF8FF18BCF8FF18BCF8FF10BCF8FF5D
:108FF80018C0F8FF18BCF8FF10C0F8FF18BCF8FF3D
:1090080018BCF8FF10BCF8FF18BCF8FF18BCF8FF34
:1090180010BCF8FF18BCF8FF18C0F8FF10BCF8FF28
:1090280018BCF8FF18C0F8FF10BCF8FF18BCF8FF10
:1090380018BCF8FF18C0F8FF18BCF8FF18BCF8FFF8
:1090480018BCF8FF10BCF8FF18BCF8FF20C0F8FFE8
:1090580020C0F8FF18BCF8FF18BCF8FF18C0F8FFCC
:1090680018BCF8FF18BCF8FF10C0F8FF18BCF8FFD0
:1090780018BCF8FF18C0F8FF18BCF8FF18BCF8FFB8
:1090880018C0F8FF18BCF8FF18BCF8FF18BCF8FFA8
:1090980018BCF8FF18BCF8FF18BCF8FF18BCF8FF9C
:1090A80018BCF8FF18BCF8FF18BCF8FF18C0F8FF88
:1090B80018BCF8FF18BCF8FF18BCF8FF18C0F8FF78
:1090C80018BCF8FF18BCF8FF18BCF8FF18C0F8FF68
:1090D80018BCF8FF18C0F8FF18BCF8FF18C0F8FF54
:1090E80018BCF8FF18BCF8FF18BCF8FF18BCF8FF4C
:1090F80018BCF8FF18BCF8FF18BCF8FF18C0F8FF38
:1091080018BCF8FF18BCF8FF18BCF8FF18C0F8FF27
:1091180018C0F8FF18BCF8FF18C0F8FF18BCF8FF13
:1091280018BCF8FF18BCF8FF18C0F8FF18BCF8FF07
:1091380018C0F8FF18C0F8FF18BCF8FF18C0F8FFEF
:1091480018BCF8FF18BCF8FF18BCF8FF18BCF8FFEB
:1091580018BCF8FF18BCF8FF18BCF8FF18C0F8FFD7
:1091680018BCF8FF18BCF8FF18BCF8FF18C0F8FFC7
:1091780018C0F8FF18BCF8FF18C0F8FF18BCF8FFB3
:1091880018BCF8FF18BCF8FF18C0F8FF18BCF8FFA7
:1091980018C0F8FF18C0F8FF18BCF8FF18BCF8FF93
:1091A80018BCF8FF18BCF8FF18BCF8FF18BCF8FF8B
:1091B80018C0F8FF18BCF8FF18BCF8FF18C0F8FF73
:1091C80018BCF8FF18BCF8FF10C0F8FF18BCF8FF6F
:1091D80018C0F8FF18BCF8FF18BCF8FF20C0F8FF4B
:1091E80020C0F8FF18BCF8FF18BCF8FF18BCF8FF3F
:1091F80018BCF8FF18BCF8FF18BCF8FF18BCF8FF3B
:1092080010C0F8FF18BCF8FF18BCF8FF10BCF8FF36
:1092180018BCF8FF18C0F8FF10BCF8FF18C0F8FF1A
:1092280018BCF8FF10BCF8FF18C0F8FF18BCF8FF0E
:1092380018BCF8FF18BCF8FF10C0F8FF18BCF8FFFE
:1092480018BCF8FF18BCF8FF10C0F8FF18BCF8FFEE
:1092580018BCF8FF10C0F8FF18BCF8FF18BCF8FFDE
:1092680018BCF8FF18BCF8FF10C0F8FF18BCF8FFCE
:1092780018BCF8FF10C0F8FF18BCF8FF18C0F8FFBA
:1092880018BCF8FF10BCF8FF18C0F8FF18BCF8FFAE
:1092980010BCF8FF18BCF8FF18BCF8FF18BCF8FFA2
:1092A80018BCF8FF10BCF8FF18BCF8FF18C0F8FF8E
:1092B80010BCF8FF18BCF8FF18BCF8FF18BCF8FF82
:1092C80010BCF8FF18BCF8FF18BCF8FF10BCF8FF7A
:1092D80018C0F8FF18BCF8FF18C0F8FF18BCF8FF52
:1092E80010C0F8FF18BCF8FF18BCF8FF10C0F8FF52
:1092F80018BCF8FF18BCF8FF18BCF8FF10BCF8FF42
:1093080018BCF8FF18BCF8FF10BCF8FF18C0F8FF2D
:1093180018BCF8FF18BCF8FF18BCF8FF10BCF8FF21
:1093280018BCF8FF18BCF8FF10C0F8FF18BCF8FF0D
:1093380018C0F8FF18C0F8FF10BCF8FF18BCF8FFF9
:1093480018BCF8FF18BCF8FF18BCF8FF18C0F8FFE5
:1093580018BCF8FF18BCF8FF18BCF8FF18BCF8FFD9
:1093680018C0F8FF18BCF8FF18BCF8FF20C0F8FFB9
:1093780020C0F8FF18BCF8FF18BCF8FF18C0F8FFA9
:1093880010BCF8FF18C0F8FF18BCF8FF18BCF8FFAD
:1093980018BCF8FF18BCF8FF18C0F8FF18BCF8FF95
:1093A80018BCF8FF18BCF8FF18BCF8FF18C0F8FF85
:1093B80018BCF8FF18BCF8FF18C0F8FF18BCF8FF75
:1093C80010C0F8FF18BCF8FF18BCF8FF18BCF8FF6D
:1093D80018C0F8FF18BCF8FF18BCF8FF18BCF8FF55
:1093E80018BCF8FF18C0F8FF18BCF8FF10BCF8FF4D
:1093F80018C0F8FF18BCF8FF18BCF8FF18BCF8FF35
:1094080018BCF8FF18BCF8FF18C0F8FF18BCF8FF24
:1094180018BCF8FF18C0F8FF18BCF8FF18BCF8FF14
:1094280018C0F8FF18C0F8FF10BCF8FF18BCF8FF08
:1094380018C0F8FF18BCF8FF18BCF8FF18BCF8FFF4
:1094480018C0F8FF18BCF8FF18BCF8FF18C0F8FFE0
:1094580018BCF8FF18BCF8FF18BCF8FF18BCF8FFD8
:1094680018BCF8FF10BCF8FF18BCF8FF18C0F8FFCC
:1094780018BCF8FF18BCF8FF18BCF8FF18BCF8FFB8
:1094880018C0F8FF18BCF8FF18C0F8FF18BCF8FFA0
:1094980018BCF8FF18BCF8FF18BCF8FF18BCF8FF98
:1094A80010C0F8FF18BCF8FF18BCF8FF18C0F8FF88
:1094B80018BCF8FF18BCF8FF18BCF8FF18BCF8FF78
:1094C80018BCF8FF18BCF8FF18C0F8FF18BCF8FF64
:1094D80010C0F8FF18BCF8FF18BCF8FF10BCF8FF64
:1094E80018BCF8FF18C0F8FF18BCF8FF18BCF8FF44
:1094F80010BCF8FF18C0F8FF18BCF8FF20C0F8FF30
:1095080020C0F8FF18BCF8FF18BCF8FF18BCF8FF1B
:1095180018BCF8FF18C0F8FF18BCF8FF18BCF8FF13
:1095280018C0F8FF18BCF8FF18BCF8FF18C0F8FFFF
:1095380018BCF8FF18BCF8FF18BCF8FF18BCF8FFF7
:1095480018BCF8FF18BCF8FF18BCF8FF18BCF8FFE7
:1095580018BCF8FF18C0F8FF18BCF8FF18BCF8FFD3
:1095680010C0F8FF18BCF8FF18BCF8FF18C0F8FFC7
:1095780018BCF8FF18BCF8FF18BCF8FF18BCF8FFB7
:1095880018C0F8FF18BCF8FF18BCF8FF18C0F8FF9F
:1095980018BCF8FF18BCF8FF18BCF8FF10BCF8FF9F
:1095A80018BCF8FF18BCF8FF18BCF8FF18BCF8FF87
:1095B80018BCF8FF18BCF8FF18BCF8FF18C0F8FF73
:1095C80018BCF8FF18BCF8FF18BCF8FF18BCF8FF67
:1095D80018BCF8FF18C0F8FF10BCF8FF18BCF8FF5B
:1095E80018C0F8FF18BCF8FF18C0F8FF18C0F8FF3B
:1095F80018BCF8FF18BCF8FF18BCF8FF18BCF8FF37
:1096080018BCF8FF18C0F8FF18BCF8FF18BCF8FF22
:1096180018BCF8FF10BCF8FF18BCF8FF18C0F8FF1A
:1096280018C0F8FF18BCF8FF18BCF8FF18C0F8FFFE
:1096380018BCF8FF18BCF8FF18BCF8FF18C0F8FFF2
:1096480018BCF8FF18BCF8FF18C0F8FF18BCF8FFE2
:1096580010BCF8FF18BCF8FF18BCF8FF18BCF8FFDE
:1096680018BCF8FF18C0F8FF18BCF8FF18BCF8FFC2
:1096780018C0F8FF10BCF8FF18BCF8FF18BCF8FFBA
:1096880018BCF8FF18BCF8FF18C0F8FF20C0F8FF96
:1096980020C0F8FF18BCF8FF18BCF8FF18BCF8FF8A
:1096A80018BCF8FF18BCF8FF10BCF8FF18C0F8FF8A
:1096B80018BCF8FF10BCF8FF18BCF8FF18BCF8FF7E
:1096C80010C0F8FF18BCF8FF18C0F8FF10BCF8FF6E
:1096D80018C0F8FF18C0F8FF10BCF8FF18BCF8FF56
:1096E80018BCF8FF18C0F8FF18BCF8FF18BCF8FF42
:1096F80018BCF8FF18BCF8FF18C0F8FF10BCF8FF3A
:1097080018BCF8FF18C0F8FF18BCF8FF18BCF8FF21
:1097180018BCF8FF10BCF8FF18BCF8FF18C0F8FF19
:1097280010BCF8FF18BCF8FF18C0F8FF18BCF8FF09
:1097380018C0F8FF18BCF8FF10C0F8FF18BCF8FFF5
:1097480018BCF8FF18BCF8FF18C0F8FF18BCF8FFE1
:1097580010BCF8FF18C0F8FF18C0F8FF10BCF8FFDD
:1097680018BCF8FF18BCF8FF18BCF8FF18BCF8FFC5
:1097780018BCF8FF10BCF8FF18BCF8FF18BCF8FFBD
:1097880018C0F8FF18BCF8FF18C0F8FF10BCF8FFA5
:1097980018BCF8FF18C0F8FF10BCF8FF18BCF8FF99
:1097A80018C0F8FF18BCF8FF18BCF8FF18BCF8FF81
:1097B80010BCF8FF18BCF8FF18C0F8FF18BCF8FF79
:1097C80018BCF8FF18BCF8FF10C0F8FF18BCF8FF69
:1097D80018BCF8FF10BCF8FF18C0F8FF18BCF8FF59
:1097E80018BCF8FF18C0F8FF18BCF8FF18BCF8FF41
:1097F80018BCF8FF18C0F8FF18BCF8FF18BCF8FF31
:1098080018BCF8FF18C0F8FF18BCF8FF18C0F8FF1C
:1098180018BCF8FF18BCF8FF18BCF8FF20C0F8FF08
:1098280020C0F8FF18BCF8FF18C0F8FF10C0F8FFF8
:1098380018BCF8FF18BCF8FF18C0F8FF18BCF8FFF0
:1098480018BCF8FF18C0F8FF18BCF8FF18BCF8FFE0
:1098580018BCF8FF18C0F8FF18BCF8FF18BCF8FFD0
:1098680018BCF8FF18BCF8FF18C0F8FF18BCF8FFC0
:1098780018BCF8FF10BCF8FF18BCF8FF18C0F8FFB8
:1098880018BCF8FF18BCF8FF18BCF8FF18BCF8FFA4
:1098980018BCF8FF10C0F8FF18BCF8FF18BCF8FF98
:1098A80018C0F8FF18BCF8FF18BCF8FF18BCF8FF80
:1098B80018BCF8FF18C0F8FF18BCF8FF18BCF8FF70
:1098C80018BCF8FF18C0F8FF18BCF8FF18BCF8FF60
:1098D80010C0F8FF18BCF8FF18BCF8FF18BCF8FF58
:1098E80018BCF8FF18BCF8FF18BCF8FF18C0F8FF40
:1098F80018BCF8FF18BCF8FF18C0F8FF18BCF8FF30
:1099080018BCF8FF18C0F8FF18BCF8FF10BCF8FF27
:1099180018BCF8FF18BCF8FF18C0F8FF18BCF8FF0F
:1099280018BCF8FF18BCF8FF18BCF8FF18C0F8FFFF
:1099380018BCF8FF18BCF8FF18C0F8FF18BCF8FFEF
:1099480018BCF8FF18BCF8FF10BCF8FF18BCF8FFEB
:1099580018C0F8FF18BCF8FF18BCF8FF18BCF8FFCF
:1099680018BCF8FF18C0F8FF18BCF8FF18BCF8FFBF
:1099780018BCF8FF18C0F8FF10BCF8FF18BCF8FFB7
:1099880018C0F8FF10BCF8FF18BCF8FF18BCF8FFA7
:1099980018C0F8FF18BCF8FF18BCF8FF10BCF8FF97
:1099A80018C0F8FF18BCF8FF18BCF8FF20C0F8FF73
:1099B80020C0F8FF18BCF8FF18BCF8FF18BCF8FF67
:1099C80018BCF8FF18C0F8FF18BCF8FF18BCF8FF5F
:1099D80018BCF8FF18C0F8FF10BCF8FF18BCF8FF57
:1099E80018BCF8FF18BCF8FF18BCF8FF18BCF8FF43
:1099F80010BCF8FF18BCF8FF18BCF8FF18C0F8FF37
:109A080018BCF8FF18BCF8FF18C0F8FF10BCF8FF26
:109A180018BCF8FF18C0F8FF10BCF8FF18BCF8FF16
:109A280018C0F8FF18BCF8FF18BCF8FF18BCF8FFFE
:109A380010C0F8FF18BCF8FF18BCF8FF18C0F8FFF2
:109A480018BCF8FF10BCF8FF18BCF8FF18BCF8FFEA
:109A580010BCF8FF18BCF8FF18BCF8FF18BCF8FFDA
:109A680018C0F8FF18BCF8FF18BCF8FF10C0F8FFC2
:109A780018BCF8FF18BCF8FF18BCF8FF18BCF8FFB2
:109A880010C0F8FF18BCF8FF18BCF8FF10C0F8FFAA
:109A980018BCF8FF18BCF8FF18C0F8FF18BCF8FF8E
:109AA80018BCF8FF18BCF8FF10BCF8FF18C0F8FF86
:109AB80018BCF8FF18BCF8FF18C0F8FF10BCF8FF76
:109AC80018BCF8FF18BCF8FF10C0F8FF18BCF8FF66
:109AD80018C0F8FF18C0F8FF18BCF8FF18BCF8FF4A
:109AE80018BCF8FF10C0F8FF18BCF8FF18BCF8FF46
:109AF80018C0F8FF18BCF8FF10BCF8FF18BCF8FF36
:109B080018C0F8FF18BCF8FF18BCF8FF18C0F8FF19
:109B180018BCF8FF18BCF8FF18BCF8FF10C0F8FF15
:109B280018BCF8FF18BCF8FF18BCF8FF18BCF8FF01
:109B380018C0F8FF18BCF8FF18BCF8FF20C0F8FFE1
:109B480020C0F8FF18BCF8FF18BCF8FF18BCF8FFD5
:109B580018BCF8FF10BCF8FF18BCF8FF18BCF8FFD9
:109B680010C0F8FF18BCF8FF18BCF8FF18C0F8FFC1
:109B780018C0F8FF10BCF8FF18C0F8FF18C0F8FFAD
:109B880018BCF8FF18BCF8FF18C0F8FF10BCF8FFA5
:109B980018BCF8FF18C0F8FF18BCF8FF18BCF8FF8D
:109BA80018BCF8FF18C0F8FF18BCF8FF18BCF8FF7D
:109BB80018BCF8FF18BCF8FF18C0F8FF18BCF8FF6D
:109BC80018BCF8FF18BCF8FF18C0F8FF10BCF8FF65
:109BD80018BCF8FF18C0F8FF18BCF8FF18C0F8FF49
:109BE80018C0F8FF18BCF8FF18BCF8FF18C0F8FF39
:109BF80018BCF8FF18BCF8FF18BCF8FF18C0F8FF2D
:109C080018BCF8FF18C0F8FF10BCF8FF18BCF8FF24
:109C180018BCF8FF18BCF8FF18BCF8FF18C0F8FF0C
:109C280018BCF8FF18BCF8FF18BCF8FF18C0F8FFFC
:109C380018BCF8FF18BCF8FF18C0F8FF18BCF8FFEC
:109C480018BCF8FF10BCF8FF18BCF8FF18BCF8FFE8
:109C580018BCF8FF18C0F8FF18BCF8FF18BCF8FFCC
:109C680018BCF8FF18BCF8FF18BCF8FF18C0F8FFBC
:109C780018BCF8FF18BCF8FF18BCF8FF18C0F8FFAC
:109C880010BCF8FF18BCF8FF18BCF8FF18C0F8FFA4
:109C980018BCF8FF10BCF8FF18BCF8FF18BCF8FF98
:109CA80018BCF8FF18C0F8FF18BCF8FF18BCF8FF7C
:109CB80018BCF8FF10C0F8FF18BCF8FF18BCF8FF74
:109CC80010BCF8FF18C0F8FF18BCF8FF20C0F8FF58
:109CD80020C0F8FF18BCF8FF18BCF8FF18C0F8FF40
:109CE80018BCF8FF18C0F8FF18BCF8FF18BCF8FF3C
:109CF80018BCF8FF18BCF8FF18BCF8FF18BCF8FF30
:109D080018BCF8FF18BCF8FF18BCF8FF18BCF8FF1F
:109D180018BCF8FF18C0F8FF18BCF8FF18BCF8FF0B
:109D280018BCF8FF18BCF8FF18BCF8FF18BCF8FFFF
:109D380018C0F8FF18BCF8FF18BCF8FF18C0F8FFE7
:109D480010BCF8FF18BCF8FF18C0F8FF10BCF8FFEB
:109D580018BCF8FF18C0F8FF18BCF8FF18BCF8FFCB
:109D680018BCF8FF18BCF8FF18BCF8FF18BCF8FFBF
:109D780018BCF8FF10BCF8FF18C0F8FF18BCF8FFB3
:109D880010BCF8FF18BCF8FF18C0F8FF18BCF8FFA3
:109D980018BCF8FF18BCF8FF18C0F8FF18BCF8FF8B
:109DA80018C0F8FF18BCF8FF18BCF8FF18BCF8FF7B
:109DB80010C0F8FF18BCF8FF18BCF8FF10BCF8FF7B
:109DC80018C0F8FF18BCF8FF18BCF8FF18BCF8FF5B
:109DD80018C0F8FF18BCF8FF18C0F8FF18BCF8FF47
:109DE80018BCF8FF18BCF8FF18BCF8FF10BCF8FF47
:109DF80018BCF8FF18BCF8FF10C0F8FF18BCF8FF33
:109E080018BCF8FF18BCF8FF18C0F8FF18BCF8FF1A
:109E180018BCF8FF18BCF8FF18C0F8FF18BCF8FF0A
:109E280018BCF8FF18BCF8FF18C0F8FF18BCF8FFFA
:109E380010BCF8FF18C0F8FF18BCF8FF18BCF8FFF2
:109E480018C0F8FF18BCF8FF18BCF8FF18C0F8FFD6
:109E580018BCF8FF18BCF8FF18BCF8FF20C0F8FFC2
:109E680020C0F8FF18BCF8FF18BCF8FF18BCF8FFB2
:109E780010BCF8FF18C0F8FF18BCF8FF18BCF8FFB2
:109E880018C0F8FF18BCF8FF10BCF8FF18C0F8FF9E
:109E980018BCF8FF18BCF8FF18BCF8FF10BCF8FF96
:109EA80018C0F8FF18BCF8FF10BCF8FF18C0F8FF7E
:109EB80018BCF8FF10BCF8FF18C0F8FF18BCF8FF72
:109EC80010BCF8FF18BCF8FF18BCF8FF18C0F8FF62
:109ED80018BCF8FF18BCF8FF18BCF8FF18BCF8FF4E
:109EE80018BCF8FF18BCF8FF18BCF8FF18C0F8FF3A
:109EF80018BCF8FF10BCF8FF18C0F8FF18BCF8FF32
:109F080018BCF8FF18BCF8FF18BCF8FF18BCF8FF1D
:109F180018BCF8FF18C0F8FF10BCF8FF18BCF8FF11
:109F280018BCF8FF10BCF8FF18BCF8FF18BCF8FF05
:109F380018C0F8FF10BCF8FF18BCF8FF18BCF8FFF1
:109F480018BCF8FF18C0F8FF18BCF8FF18BCF8FFD9
:109F580018BCF8FF10C0F8FF18BCF8FF18BCF8FFD1
:109F680010BCF8FF18C0F8FF18BCF8FF18BCF8FFC1
:109F780010C0F8FF18BCF8FF18C0F8FF18C0F8FFA9
:109F880018BCF8FF18BCF8FF18BCF8FF18BCF8FF9D
:109F980010C0F8FF18BCF8FF18BCF8FF10BCF8FF99
:109FA80018BCF8FF18C0F8FF18BCF8FF10BCF8FF81
:109FB80018BCF8FF18C0F8FF18BCF8FF18BCF8FF69
:109FC80018BCF8FF18BCF8FF10BCF8FF18BCF8FF65
:109FD80018BCF8FF18BCF8FF18BCF8FF18C0F8FF49
:109FE80018BCF8FF18BCF8FF18C0F8FF20C0F8FF2D
:109FF80020C0F8FF18BCF8FF18BCF8FF18BCF8FF21
:10A0080018BCF8FF18BCF8FF18C0F8FF10BCF8FF20
:10A0180018BCF8FF18C0F8FF18BCF8FF18BCF8FF08
:10A0280018C0F8FF10BCF8FF18C0F8FF18BCF8FFFC
:10A0380018BCF8FF18BCF8FF18BCF8FF18C0F8FFE8
:10A0480018BCF8FF18BCF8FF18C0F8FF18BCF8FFD8
:10A0580018BCF8FF18C0F8FF18BCF8FF10BCF8FFD0
:10A0680018BCF8FF18C0F8FF18BCF8FF18C0F8FFB4
:10A0780018BCF8FF10BCF8FF18C0F8FF18BCF8FFB0
:10A0880018BCF8FF18C0F8FF18BCF8FF18C0F8FF94
:10A0980010BCF8FF18C0F8FF18BCF8FF18BCF8FF90
:10A0A80018C0F8FF18BCF8FF18BCF8FF18C0F8FF74
:10A0B80018BCF8FF18C0F8FF18BCF8FF18BCF8FF68
:10A0C80018BCF8FF18C0F8FF18BCF8FF18BCF8FF58
:10A0D80018C0F8FF18BCF8FF18BCF8FF18BCF8FF48
:10A0E80018BCF8FF18BCF8FF18C0F8FF18BCF8FF38
:10A0F80018BCF8FF18BCF8FF18BCF8FF18BCF8FF2C
:10A1080018C0F8FF18BCF8FF18BCF8FF18BCF8FF17
:10A1180018BCF8FF18C0F8FF18BCF8FF18BCF8FF07
:10A1280018C0F8FF18BCF8FF18BCF8FF18C0F8FFF3
:10A1380018BCF8FF18BCF8FF18BCF8FF18BCF8FFEB
:10A1480018C0F8FF18BCF8FF10BCF8FF18C0F8FFDB
:10A1580018BCF8FF18C0F8FF18BCF8FF18C0F8FFC3
:10A1680018BCF8FF10BCF8FF18C0F8FF18BCF8FFBF
:10A1780010BCF8FF18BCF8FF18BCF8FF20C0F8FFA7
:10A1880020C0F8FF18BCF8FF18BCF8FF18C0F8FF8B
:10A1980018BCF8FF18BCF8FF18BCF8FF18BCF8FF8B
:10A1A80018BCF8FF18C0F8FF18BCF8FF18BCF8FF77
:10A1B80018BCF8FF18BCF8FF18BCF8FF18C0F8FF67
:10A1C80018BCF8FF18BCF8FF18BCF8FF18BCF8FF5B
:10A1D80018BCF8FF18BCF8FF18BCF8FF18BCF8FF4B
:10A1E80018C0F8FF18BCF8FF18BCF8FF18BCF8FF37
:10A1F80018C0F8FF18BCF8FF10BCF8FF18BCF8FF2F
:10A2080018C0F8FF18BCF8FF18BCF8FF18BCF8FF16
:10A2180010BCF8FF18BCF8FF18BCF8FF18BCF8FF12
:10A2280018BCF8FF18C0F8FF18BCF8FF10BCF8FFFE
:10A2380018C0F8FF18BCF8FF18BCF8FF18BCF8FFE6
:10A2480018BCF8FF18BCF8FF18C0F8FF10BCF8FFDE
:10A2580018BCF8FF18BCF8FF18C0F8FF10BCF8FFCE
:10A2680018BCF8FF18BCF8FF10C0F8FF18C0F8FFBA
:10A2780018BCF8FF18BCF8FF18BCF8FF18C0F8FFA6
:10A2880018BCF8FF18BCF8FF10C0F8FF18BCF8FF9E
:10A2980018BCF8FF18BCF8FF10BCF8FF18BCF8FF92
:10A2A80018C0F8FF10BCF8FF18BCF8FF18BCF8FF7E
:10A2B80018BCF8FF18BCF8FF18C0F8FF18BCF8FF66
:10A2C80018BCF8FF10C0F8FF18BCF8FF18BCF8FF5E
:10A2D80018BCF8FF18BCF8FF18BCF8FF18BCF8FF4A
:10A2E80018C0F8FF18BCF8FF18BCF8FF18C0F8FF32
:10A2F80018BCF8FF18BCF8FF18BCF8FF18BCF8FF2A
:10A3080018C0F8FF18BCF8FF18BCF8FF20C0F8FF09
:10A3180020C0F8FF18BCF8FF18BCF8FF10C0F8FF01
:10A3280018BCF8FF18C0F8FF10BCF8FF18BCF8FFFD
:10A3380018C0F8FF10BCF8FF18BCF8FF18C0F8FFE9
:10A3480018BCF8FF18BCF8FF18BCF8FF10C0F8FFDD
:10A3580018BCF8FF18C0F8FF10BCF8FF18C0F8FFC9
:10A3680018BCF8FF10C0F8FF18BCF8FF18BCF8FFBD
:10A3780010BCF8FF18BCF8FF18C0F8FF18BCF8FFAD
:10A3880018BCF8FF18BCF8FF18BCF8FF18BCF8FF99
:10A3980018BCF8FF18C0F8FF18BCF8FF18C0F8FF81
:10A3A80018BCF8FF18BCF8FF18C0F8FF18BCF8FF75
:10A3B80018BCF8FF18BCF8FF18BCF8FF18BCF8FF69
:10A3C80018BCF8FF18BCF8FF10C0F8FF18BCF8FF5D
:10A3D80018BCF8FF10BCF8FF18C0F8FF18BCF8FF4D
:10A3E80018BCF8FF18BCF8FF18BCF8FF18C0F8FF35
:10A3F80018BCF8FF18BCF8FF18BCF8FF18BCF8FF29
:10A4080010C0F8FF18BCF8FF18BCF8FF10BCF8FF24
:10A4180018C0F8FF18BCF8FF18BCF8FF18C0F8FF00
:10A4280018BCF8FF18BCF8FF18C0F8FF18BCF8FFF4
:10A4380018BCF8FF18C0F8FF18BCF8FF10C0F8FFE8
:10A4480018BCF8FF18BCF8FF10BCF8FF18BCF8FFE0
:10A4580018BCF8FF18C0F8FF18BCF8FF18BCF8FFC4
:10A4680010C0F8FF18C0F8FF18BCF8FF18BCF8FFB8
:10A4780010BCF8FF18BCF8FF18BCF8FF10BCF8FFB8
:10A4880018C0F8FF18BCF8FF18BCF8FF18C0F8FF90
:10A4980018BCF8FF18BCF8FF18C0F8FF20C0F8FF78
:10A4A80020C0F8FF18BCF8FF18BCF8FF18BCF8FF6C
:10A4B80018BCF8FF18BCF8FF18C0F8FF18BCF8FF64
:10A4C80018BCF8FF18BCF8FF18BCF8FF10C0F8FF5C
:10A4D80018BCF8FF18BCF8FF18C0F8FF18BCF8FF44
:10A4E80018BCF8FF18BCF8FF18BCF8FF18BCF8FF38
:10A4F80018C0F8FF18BCF8FF18BCF8FF18C0F8FF20
:10A5080018BCF8FF18BCF8FF10C0F8FF18BCF8FF1B
:10A5180018BCF8FF10C0F8FF18C0F8FF18BCF8FF07
:10A5280010BCF8FF18BCF8FF18BCF8FF10C0F8FF03
:10A5380018BCF8FF18BCF8FF10C0F8FF18BCF8FFEB
:10A5480018BCF8FF10C0F8FF18BCF8FF18C0F8FFD7
:10A5580018BCF8FF18BCF8FF18C0F8FF18BCF8FFC3
:10A5680018BCF8FF18C0F8FF18BCF8FF18BCF8FFB3
:10A5780018C0F8FF18BCF8FF10BCF8FF18BCF8FFAB
:10A5880018C0F8FF18BCF8FF18BCF8FF18BCF8FF93
:10A5980018BCF8FF18C0F8FF18BCF8FF18BCF8FF83
:10A5A80018BCF8FF18BCF8FF18BCF8FF18BCF8FF77
:10A5B80010C0F8FF18BCF8FF18BCF8FF18BCF8FF6B
:10A5C80018BCF8FF18BCF8FF18BCF8FF18C0F8FF53
:10A5D80018BCF8FF18BCF8FF18C0F8FF18BCF8FF43
:10A5E80018BCF8FF18BCF8FF18BCF8FF18BCF8FF37
:10A5F80018BCF8FF18BCF8FF18C0F8FF18BCF8FF23
:10A6080018BCF8FF18C0F8FF18BCF8FF18BCF8FF12
:10A6180018BCF8FF18C0F8FF10BCF8FF18BCF8FF0A
:10A6280018BCF8FF10BCF8FF18BCF8FF20C0F8FFF2
:10A6380020BCF8FF18BCF8FF18BCF8FF18C0F8FFDA
:10A6480018BCF8FF18BCF8FF18BCF8FF18C0F8FFD2
:10A6580018BCF8FF18BCF8FF18BCF8FF18BCF8FFC6
:10A6680018BCF8FF18C0F8FF10BCF8FF18BCF8FFBA
:10A6780018BCF8FF18C0F8FF18BCF8FF18BCF8FFA2
:10A6880018BCF8FF18BCF8FF10BCF8FF18C0F8FF9A
:10A6980018BCF8FF18BCF8FF18BCF8FF18BCF8FF86
:10A6A80018BCF8FF18BCF8FF18BCF8FF18C0F8FF72
:10A6B80018BCF8FF18BCF8FF18BCF8FF18BCF8FF66
:10A6C80018BCF8FF18BCF8FF18BCF8FF18BCF8FF56
:10A6D80018C0F8FF18BCF8FF18BCF8FF18C0F8FF3E
:10A6E80010BCF8FF18BCF8FF18BCF8FF18BCF8FF3E
:10A6F80018C0F8FF18BCF8FF18BCF8FF10BCF8FF2A
:10A7080018C0F8FF18BCF8FF18BCF8FF18C0F8FF0D
:10A7180018BCF8FF10BCF8FF18C0F8FF18BCF8FF09
:10A7280018BCF8FF18BCF8FF18C0F8FF18BCF8FFF1
:10A7380010C0F8FF18BCF8FF18BCF8FF18C0F8FFE5
:10A7480018BCF8FF18BCF8FF18C0F8FF10BCF8FFD9
:10A7580018C0F8FF18BCF8FF10BCF8FF18BCF8FFC9
:10A7680018BCF8FF18C0F8FF18BCF8FF10BCF8FFB9
:10A7780018C0F8FF18BCF8FF10C0F8FF18C0F8FFA1
:10A7880018BCF8FF18BCF8FF10BCF8FF18C0F8FF99
:10A7980018BCF8FF18BCF8FF18C0F8FF18BCF8FF81
:10A7A80018BCF8FF18BCF8FF18BCF8FF18C0F8FF71
:10A7B80018BCF8FF18BCF8FF18BCF8FF20C0F8FF59
:10A7C80020B0E8FF18BCF8FF18BCF8FF10C0F8FF6D
:10A7D80018BCF8FF18BCF8FF10C0F8FF18BCF8FF49
:10A7E80018BCF8FF10C0F8FF18C0F8FF18BCF8FF35
:10A7F80018BCF8FF18BCF8FF18BCF8FF18BCF8FF25
:10A8080018C0F8FF10BCF8FF18BCF8FF18C0F8FF14
:10A8180010BCF8FF18BCF8FF18C0F8FF18BCF8FF08
:10A8280018BCF8FF18C0F8FF18BCF8FF18C0F8FFEC
:10A8380018BCF8FF18BCF8FF18BCF8FF18BCF8FFE4
:10A8480018C0F8FF18BCF8FF18C0F8FF18BCF8FFCC
:10A8580018C0F8FF18C0F8FF18BCF8FF18BCF8FFBC
:10A8680018BCF8FF18BCF8FF18BCF8FF18BCF8FFB4
:10A8780018BCF8FF18C0F8FF10BCF8FF18BCF8FFA8
:10A8880018BCF8FF10BCF8FF18BCF8FF18C0F8FF98
:10A8980018BCF8FF18BCF8FF18BCF8FF18BCF8FF84
:10A8A80018BCF8FF18BCF8FF18C0F8FF18BCF8FF70
:10A8B80010BCF8FF18C0F8FF18BCF8FF18BCF8FF68
:10A8C80018BCF8FF18C0F8FF18BCF8FF10BCF8FF58
:10A8D80018BCF8FF18BCF8FF18BCF8FF18C0F8FF40
:10A8E80018BCF8FF18BCF8FF18C0F8FF18BCF8FF30
:10A8F80018BCF8FF18BCF8FF18BCF8FF18C0F8FF20
:10A9080018BCF8FF18BCF8FF18BCF8FF18BCF8FF13
:10A9180018BCF8FF18C0F8FF18BCF8FF18BCF8FFFF
:10A9280018BCF8FF10BCF8FF18BCF8FF18C0F8FFF7
:10A9380010BCF8FF18BCF8FF18C0F8FF18BCF8FFE7
:10A9480018C0F8FF18BCF8FF18BCF8FF20B4E8FFDF
:10A9580018A0D0EF18B0E8FF18BCF8FF18BCF8FF33
:10A9680018BCF8FF18BCF8FF18BCF8FF18BCF8FFB3
:10A9780018BCF8FF18BCF8FF18BCF8FF18C0F8FF9F
:10A9880010BCF8FF18BCF8FF18C0F8FF18BCF8FF97
:10A9980018BCF8FF18BCF8FF18BCF8FF18C0F8FF7F
:10A9A80018BCF8FF18BCF8FF18BCF8FF18BCF8FF73
:10A9B80010BCF8FF18BCF8FF18C0F8FF10BCF8FF6F
:10A9C80018BCF8FF18C0F8FF10BCF8FF18BCF8FF57
:10A9D80018BCF8FF10C0F8FF18BCF8FF18BCF8FF47
:10A9E80010BCF8FF18BCF8FF18C0F8FF10BCF8FF3F
:10A9F80018BCF8FF18C0F8FF10BCF8FF18BCF8FF27
:10AA080018C0F8FF18BCF8FF18BCF8FF18C0F8FF0A
:10AA180018BCF8FF18BCF8FF18C0F8FF18BCF8FFFE
:10AA280018BCF8FF18C0F8FF10BCF8FF18C0F8FFF2
:10AA380018BCF8FF18BCF8FF18BCF8FF18BCF8FFE2
:10AA480018BCF8FF18BCF8FF10BCF8FF18BCF8FFDA
:10AA580018BCF8FF18BCF8FF18C0F8FF18BCF8FFBE
:10AA680018BCF8FF18C0F8FF18BCF8FF18BCF8FFAE
:10AA780018BCF8FF18BCF8FF18C0F8FF18BCF8FF9E
:10AA880010BCF8FF18C0F8FF18BCF8FF18BCF8FF96
:10AA980018BCF8FF18BCF8FF18C0F8FF18BCF8FF7E
:10AAA80010BCF8FF18BCF8FF18C0F8FF18BCF8FF76
:10AAB80018BCF8FF18C0F8FF18BCF8FF18BCF8FF5E
:10AAC80018C0F8FF18BCF8FF10BCF8FF18BCF8FF56
:10AAD80018BCF8FF10BCF8FF10ACE8FF20A0D0EFBE
:10AAE800189CD07D109CD0FF109CD0FF109CD0FFEC
:10AAF800109CD0FF109CD0FF109CD0FF109CD0FF62
:10AB0800109CD0FF109CD0FF109CD0FF109CD0FF51
:10AB1800109CD0FF109CD0FF109CD0FF109CD0FF41
:10AB2800109CD0FF109CD0FF109CD0FF109CD0FF31
:10AB3800109CD0FF109CD0FF109CD0FF109CD0FF21
:10AB4800109CD0FF109CD0FF109CD0FF109CD0FF11
:10AB5800109CD0FF109CD0FF109CD0FF109CD0FF01
:10AB6800109CD0FF109CD0FF109CD0FF109CD0FFF1
:10AB7800109CD0FF109CD0FF109CD0FF109CD0FFE1
:10AB8800109CD0FF109CD0FF109CD0FF109CD0FFD1
:10AB9800109CD0FF109CD0FF109CD0FF109CD0FFC1
:10ABA800109CD0FF109CD0FF109CD0FF109CD0FFB1
:10ABB800109CD0FF109CD0FF109CD0FF109CD0FFA1
:10ABC800109CD0FF109CD0FF109CD0FF109CD0FF91
:10ABD800109CD0FF109CD0FF109CD0FF109CD0FF81
:10ABE800109CD0FF109CD0FF109CD0FF109CD0FF71
:10ABF800109CD0FF109CD0FF109CD0FF109CD0FF61
:10AC0800109CD0FF109CD0FF109CD0FF109CD0FF50
:10AC1800109CD0FF109CD0FF109CD0FF109CD0FF40
:10AC2800109CD0FF109CD0FF109CD0FF109CD0FF30
:10AC3800109CD0FF109CD0FF109CD0FF109CD0FF20
:10AC4800109CD0FF109CD0FF109CD0FF109CD0FF10
:10AC5800109CD0FF109CD0FF109CD0FF109CD0FF00
:10AC6800109CD0FF109CD0FF109CD0FF189CD08E59
:10AC780000000000109CD08E109CD0EF109CD0FFDC
:10AC8800109CD0FF109CD0FF109CD0FF109CD0FFD0
:10AC9800109CD0FF109CD0FF189CD0FF109CD0FFB8
:10ACA800109CD0FF189CD0FF109CD0FF109CD0FFA8
:10ACB800109CD0FF109CD0FF109CD0FF109CD0FFA0
:10ACC800109CD0FF109CD0FF189CD0FF109CD0FF88
:10ACD800109CD0FF189CD0FF109CD0FF109CD0FF78
:10ACE800189CD0FF109CD0FF109CD0FF189CD0FF60
:10ACF800109CD0FF109CD0FF189CD0FF109CD0FF58
:10AD0800109CD0FF189CD0FF109CD0FF109CD0FF47
:10AD1800189CD0FF109CD0FF109CD0FF189CD0FF2F
:10AD2800109CD0FF109CD0FF109CD0FF109CD0FF2F
:10AD3800109CD0FF109CD0FF109CD0FF109CD0FF1F
:10AD4800109CD0FF189CD0FF109CD0FF109CD0FF07
:10AD5800109CD0FF109CD0FF109CD0FF109CD0FFFF
:10AD6800109CD0FF189CD0FF109CD0FF109CD0FFE7
:10AD7800109CD0FF109CD0FF109CD0FF109CD0FFDF
:10AD8800109CD0FF109CD0FF109CD0FF109CD0FFCF
:10AD9800109CD0FF109CD0FF109CD0FF109CD0FFBF
:10ADA800189CD0FF109CD0FF109CD0FF109CD0FFA7
:10ADB800109CD0FF109CD0FF109CD0FF109CD0FF9F
:10ADC800189CD0FF109CD0FF109CD0FF109CD0FF87
:10ADD800109CD0FF109CD0FF109CD0FF109CD0FF7F
:10ADE800109CD0FF189CD0FF109CD0FF109CD0FF67
:10ADF800189CD0FF189CD0EF109CD07D000000005C
:10AE080000000000F8F87882F8F478EFF8F878FF96
:10AE1800F8F878FFF8F878FFF8F878FFF8F878FF8E
:10AE2800F8F878FFF8F878FFF8F878FFF8F878FF7E
:10AE3800F8F878FFF8F878FFF8F878FFF8F878FF6E
:10AE4800F8F878FFF8F878FFF8F878FFF8F878FF5E
:10AE5800F8F878FFF8F878FFF8F878FFF8F878FF4E
:10AE6800F8F878FFF8F878FFF8F878FFF8F878FF3E
:10AE7800F8F878FFF8F878FFF8F878FFF8F878FF2E
:10AE8800F8F878FFF8F878FFF8F878FFF8F878FF1E
:10AE9800F8F878FFF8F878FFF8F878FFF8F878FF0E
:10AEA800F8F878FFF8F878FFF8F878FFF8F878FFFE
:10AEB800F8F878FFF8F878FFF8F878FFF8F878FFEE
:10AEC800F8F878FFF8F878FFF8F878FFF8F878FFDE
:10AED800F8F878FFF8F878FFF8F878FFF8F878FFCE
:10AEE800F8F878FFF8F878FFF8F878FFF8F878FFBE
:10AEF800F8F878FFF8F878FFF8F878FFF8F878FFAE
:10AF0800F8F878FFF8F878FFF8F878FFF8F878FF9D
:10AF1800F8F878FFF8F878FFF8F878FFF8F878FF8D
:10AF2800F8F878FFF8F878FFF8F878FFF8F878FF7D
:10AF3800F8F878FFF8F878FFF8F878FFF8F878FF6D
:10AF4800F8F878FFF8F878FFF8F878FFF8F878FF5D
:10AF5800F8F878FFF8F878FFF8F878FFF8F878FF4D
:10AF6800F8F878FFF8F878FFF8F878FFF8F878FF3D
:10AF7800F8F878FFF8F878FFF8F878FFF8F878FF2D
:10AF8800F8F878FFF8F478EFF8F4788E000000000D
:10AF9800F8F4788EF8F478FFF8F868FFF8F468FFAA
:10AFA800F8F468FFF8F468FFF8F468FFF8F468FF4D
:10AFB800F8F468FFF8F468FFF8F468FFF8F468FF3D
:10AFC800F8F468FFF8F468FFF8F468FFF8F468FF2D
:10AFD800F8F468FFF8F468FFF8F468FFF8F468FF1D
:10AFE800F8F468FFF8F468FFF8F468FFF8F468FF0D
:10AFF800F8F468FFF8F468FFF8F468FFF8F468FFFD
:10B00800F8F468FFF8F468FFF8F468FFF8F468FFEC
:10B01800F8F468FFF8F468FFF8F468FFF8F468FFDC
:10B02800F8F468FFF8F468FFF8F468FFF8F468FFCC
:10B03800F8F468FFF8F468FFF8F468FFF8F468FFBC
:10B04800F8F468FFF8F468FFF8F468FFF8F468FFAC
:10B05800F8F468FFF8F468FFF8F468FFF8F468FF9C
:10B06800F8F468FFF8F468FFF8F468FFF8F468FF8C
:10B07800F8F468FFF8F468FFF8F468FFF8F468FF7C
:10B08800F8F468FFF8F468FFF8F468FFF8F468FF6C
:10B09800F8F468FFF8F468FFF8F468FFF8F468FF5C
:10B0A800F8F468FFF8F468FFF8F468FFF8F468FF4C
:10B0B800F8F468FFF8F468FFF8F468FFF8F468FF3C
:10B0C800F8F468FFF8F468FFF8F468FFF8F468FF2C
:10B0D800F8F468FFF8F468FFF8F468FFF8F468FF1C
:10B0E800F8F468FFF8F468FFF8F468FFF8F468FF0C
:10B0F800F8F468FFF8F468FFF8F468FFF8F468FFFC
:10B10800F8F468FFF8F468FFF8F468FFF8F468FFEB
:10B11800F8F468FFF8F468FFF8F878FFF8F8787D35
:10B12800F8F468EFF8F438FFF8F018FFF8F018FFB3
:10B13800F8F010FFF8F010FFF8F018FFF8F010FF23
:10B14800F8F010FFF8F018FFF8F010FFF8F018FF0B
:10B15800F8F010FFF8F018FFF8F018FFF8F010FFFB
:10B16800F8F010FFF8F018FFF8F010FFF8F018FFEB
:10B17800F8F010FFF8F018FFF8F010FFF8F018FFDB
:10B18800F8F010FFF8F018FFF8F010FFF8F018FFCB
:10B19800F8F010FFF8F018FFF8F010FFF8F018FFBB
:10B1A800F8F010FFF8F018FFF8F010FFF8F018FFAB
:10B1B800F8F010FFF8F018FFF8F010FFF8F010FFA3
:10B1C800F8F018FFF8F010FFF8F018FFF8F010FF8B
:10B1D800F8F018FFF8F010FFF8F018FFF8F010FF7B
:10B1E800F8F018FFF8F010FFF8F018FFF8F010FF6B
:10B1F800F8F018FFF8F010FFF8F018FFF8F010FF5B
:10B20800F8F018FFF8F010FFF8F018FFF8F018FF42
:10B21800F8F010FFF8F018FFF8F010FFF8F018FF3A
:10B22800F8F010FFF8F018FFF8F010FFF8F018FF2A
:10B23800F8F010FFF8F018FFF8F010FFF8F018FF1A
:10B24800F8F010FFF8F018FFF8F010FFF8F018FF0A
:10B25800F8F010FFF8F018FFF8F018FFF8F010FFFA
:10B26800F8F018FFF8F010FFF8F018FFF8F010FFEA
:10B27800F8F018FFF8F010FFF8F018FFF8F010FFDA
:10B28800F8F018FFF8F010FFF8F018FFF8F010FFCA
:10B29800F8F018FFF8F010FFF8F018FFF8F018FFB2
:10B2A800F8F010FFF8F018FFF8F438FFF8F868EF36
:10B2B800F8F438FFF8F008FFF8F000FFF8F000FFA6
:10B2C800F8F000FFF8F000FFF8F000FFF8F000FFDA
:10B2D800F8F000FFF8F000FFF8F000FFF8F000FFCA
:10B2E800F8F000FFF8F000FFF8F000FFF8F000FFBA
:10B2F800F8F000FFF8F000FFF8F000FFF8F000FFAA
:10B30800F8F000FFF8F000FFF8F000FFF8F000FF99
:10B31800F8F000FFF8F000FFF8F000FFF8F000FF89
:10B32800F8F000FFF8F000FFF8F000FFF8F000FF79
:10B33800F8F000FFF8F000FFF8F000FFF8F000FF69
:10B34800F8F000FFF8F000FFF8F000FFF8F000FF59
:10B35800F8F000FFF8F000FFF8F000FFF8F000FF49
:10B36800F8F000FFF8F000FFF8F000FFF8F000FF39
:10B37800F8F000FFF8F000FFF8F000FFF8F000FF29
:10B38800F8F000FFF8F000FFF8F000FFF8F000FF19
:10B39800F8F000FFF8F000FFF8F000FFF8F000FF09
:10B3A800F8F000FFF8F000FFF8F000FFF8F000FFF9
:10B3B800F8F000FFF8F000FFF8F000FFF8F000FFE9
:10B3C800F8F000FFF8F000FFF8F000FFF8F000FFD9
:10B3D800F8F000FFF8F000FFF8F000FFF8F000FFC9
:10B3E800F8F000FFF8F000FFF8F000FFF8F000FFB9
:10B3F800F8F000FFF8F000FFF8F000FFF8F000FFA9
:10B40800F8F000FFF8F000FFF8F000FFF8F000FF98
:10B41800F8F000FFF8F000FFF8F000FFF8F000FF88
:10B42800F8F000FFF8F000FFF8F000FFF8F000FF78
:10B43800F8F000FFF8F000FFF8F008FFF8F438FF24
:10B44800F8F018FFF8F000FFF8F000FFF8F000FF40
:10B45800F8F000FFF8F000FFF8F000FFF8F000FF48
:10B46800F8F000FFF8F000FFF8F000FFF8F000FF38
:10B47800F8F000FFF8F000FFF8F000FFF8F000FF28
:10B48800F8F000FFF8F000FFF8F000FFF8F000FF18
:10B49800F8F000FFF8F000FFF8F000FFF8F000FF08
:10B4A800F8F000FFF8F000FFF8F000FFF8F000FFF8
:10B4B800F8F000FFF8F000FFF8F000FFF8F000FFE8
:10B4C800F8F000FFF8F000FFF8F000FFF8F000FFD8
:10B4D800F8F000FFF8F000FFF8F000FFF8F000FFC8
:10B4E800F8F000FFF8F000FFF8F000FFF8F000FFB8
:10B4F800F8F000FFF8F000FFF8F000FFF8F000FFA8
:10B50800F8F000FFF8F000FFF8F000FFF8F000FF97
:10B51800F8F000FFF8F000FFF8F000FFF8F000FF87
:10B52800F8F000FFF8F000FFF8F000FFF8F000FF77
:10B53800F8F000FFF8F000FFF8F000FFF8F000FF67
:10B54800F8F000FFF8F000FFF8F000FFF8F000FF57
:10B55800F8F000FFF8F000FFF8F000FFF8F000FF47
:10B56800F8F000FFF8F000FFF8F000FFF8F000FF37
:10B57800F8F000FFF8F000FFF8F000FFF8F000FF27
:10B58800F8F000FFF8F000FFF8F000FFF8F000FF17
:10B59800F8F000FFF8F000FFF8F000FFF8F000FF07
:10B5A800F8F000FFF8F000FFF8F000FFF8F000FFF7
:10B5B800F8F000FFF8F000FFF8F000FFF8F000FFE7
:10B5C800F8F000FFF8F000FFF8F000FFF8F018FFBF
:10B5D800F8F018FFF8F000FFF8F000FFF8F000FFAF
:10B5E800F8F000FFF8F000FFF8F000FFF8F000FFB7
:10B5F800F8F000FFF8F000FFF8F000FFF8F000FFA7
:10B60800F8F000FFF8F000FFF8F000FFF8F000FF96
:10B61800F8F000FFF8F000FFF8F000FFF8F000FF86
:10B62800F8F000FFF8F000FFF8F000FFF8F000FF76
:10B63800F8F000FFF8F000FFF8F000FFF8F000FF66
:10B64800F8F000FFF8F000FFF8F000FFF8F000FF56
:10B65800F8F000FFF8F000FFF8F000FFF8F000FF46
:10B66800F8F000FFF8F000FFF8F000FFF8F000FF36
:10B67800F8F000FFF8F000FFF8F000FFF8F000FF26
:10B68800F8F000FFF8F000FFF8F000FFF8F000FF16
:10B69800F8F000FFF8F000FFF8F000FFF8F000FF06
:10B6A800F8F000FFF8F000FFF8F000FFF8F000FFF6
:10B6B800F8F000FFF8F000FFF8F000FFF8F000FFE6
:10B6C800F8F000FFF8F000FFF8F000FFF8F000FFD6
:10B6D800F8F000FFF8F000FFF8F000FFF8F000FFC6
:10B6E800F8F000FFF8F000FFF8F000FFF8F000FFB6
:10B6F800F8F000FFF8F000FFF8F000FFF8F000FFA6
:10B70800F8F000FFF8F000FFF8F000FFF8F000FF95
:10B71800F8F000FFF8F000FFF8F000FFF8F000FF85
:10B72800F8F000FFF8F000FFF8F000FFF8F000FF75
:10B73800F8F000FFF8F000FFF8F000FFF8F000FF65
:10B74800F8F000FFF8F000FFF8F000FFF8F000FF55
:10B75800F8F000FFF8F000FFF8F000FFF8F018FF2D
:10B76800F8F010FFF8F000FFF8F000FFF8F000FF25
:10B77800F8F000FFF8F000FFF8F000FFF8F000FF25
:10B78800F8F000FFF8F000FFF8F000FFF8F000FF15
:10B79800F8F000FFF8F000FFF8F000FFF8F000FF05
:10B7A800F8F000FFF8F000FFF8F000FFF8F000FFF5
:10B7B800F8F000FFF8F000FFF8F000FFF8F000FFE5
:10B7C800F8F000FFF8F000FFF8F000FFF8F000FFD5
:10B7D800F8F000FFF8F000FFF8F000FFF8F000FFC5
:10B7E800F8F000FFF8F000FFF8F000FFF8F000FFB5
:10B7F800F8F000FFF8F000FFF8F000FFF8F000FFA5
:10B80800F8F000FFF8F000FFF8F000FFF8F000FF94
:10B81800F8F000FFF8F000FFF8F000FFF8F000FF84
:10B82800F8F000FFF8F000FFF8F000FFF8F000FF74
:10B83800F8F000FFF8F000FFF8F000FFF8F000FF64
:10B84800F8F000FFF8F000FFF8F000FFF8F000FF54
:10B85800F8F000FFF8F000FFF8F000FFF8F000FF44
:10B86800F8F000FFF8F000FFF8F000FFF8F000FF34
:10B87800F8F000FFF8F000FFF8F000FFF8F000FF24
:10B88800F8F000FFF8F000FFF8F000FFF8F000FF14
:10B89800F8F000FFF8F000FFF8F000FFF8F000FF04
:10B8A800F8F000FFF8F000FFF8F000FFF8F000FFF4
:10B8B800F8F000FFF8F000FFF8F000FFF8F000FFE4
:10B8C800F8F000FFF8F000FFF8F000FFF8F000FFD4
:10B8D800F8F000FFF8F000FFF8F000FFF8F000FFC4
:10B8E800F8F000FFF8F000FFF8F000FFF8F018FF9C
:10B8F800F8F010FFF8F000FFF8F000FFF8F000FF94
:10B90800F8F000FFF8F000FFF8F000FFF8F000FF93
:10B91800F8F000FFF8F000FFF8F000FFF8F000FF83
:10B92800F8F000FFF8F000FFF8F000FFF8F000FF73
:10B93800F8F000FFF8F000FFF8F000FFF8F000FF63
:10B94800F8F000FFF8F000FFF8F000FFF8F000FF53
:10B95800F8F000FFF8F000FFF8F000FFF8F000FF43
:10B96800F8F000FFF8F000FFF8F000FFF8F000FF33
:10B97800F8F000FFF8F000FFF8F000FFF8F000FF23
:10B98800F8F000FFF8F000FFF8F000FFF8F000FF13
:10B99800F8F000FFF8F000FFF8F000FFF8F000FF03
:10B9A800F8F000FFF8F000FFF8F000FFF8F000FFF3
:10B9B800F8F000FFF8F000FFF8F000FFF8F000FFE3
:10B9C800F8F000FFF8F000FFF8F000FFF8F000FFD3
:10B9D800F8F000FFF8F000FFF8F000FFF8F000FFC3
:10B9E800F8F000FFF8F000FFF8F000FFF8F000FFB3
:10B9F800F8F000FFF8F000FFF8F000FFF8F000FFA3
:10BA0800F8F000FFF8F000FFF8F000FFF8F000FF92
:10BA1800F8F000FFF8F000FFF8F000FFF8F000FF82
:10BA2800F8F000FFF8F000FFF8F000FFF8F000FF72
:10BA3800F8F000FFF8F000FFF8F000FFF8F000FF62
:10BA4800F8F000FFF8F000FFF8F000FFF8F000FF52
:10BA5800F8F000FFF8F000FFF8F000FFF8F000FF42
:10BA6800F8F000FFF8F000FFF8F000FFF8F000FF32
:10BA7800F8F000FFF8F000FFF8F000FFF8F010FF12
:10BA8800F8F018FFF8F000FFF8F000FFF8F000FFFA
:10BA9800F8F000FFF8F000FFF8F000FFF8F000FF02
:10BAA800F8F000FFF8F000FFF8F000FFF8F000FFF2
:10BAB800F8F000FFF8F000FFF8F000FFF8F000FFE2
:10BAC800F8F000FFF8F000FFF8F000FFF8F000FFD2
:10BAD800F8F000FFF8F000FFF8F000FFF8F000FFC2
:10BAE800F8F000FFF8F000FFF8F000FFF8F000FFB2
:10BAF800F8F000FFF8F000FFF8F000FFF8F000FFA2
:10BB0800F8F000FFF8F000FFF8F000FFF8F000FF91
:10BB1800F8F000FFF8F000FFF8F000FFF8F000FF81
:10BB2800F8F000FFF8F000FFF8F000FFF8F000FF71
:10BB3800F8F000FFF8F000FFF8F000FFF8F000FF61
:10BB4800F8F000FFF8F000FFF8F000FFF8F000FF51
:10BB5800F8F000FFF8F000FFF8F000FFF8F000FF41
:10BB6800F8F000FFF8F000FFF8F000FFF8F000FF31
:10BB7800F8F000FFF8F000FFF8F000FFF8F000FF21
:10BB8800F8F000FFF8F000FFF8F000FFF8F000FF11
:10BB9800F8F000FFF8F000FFF8F000FFF8F000FF01
:10BBA800F8F000FFF8F000FFF8F000FFF8F000FFF1
:10BBB800F8F000FFF8F000FFF8F000FFF8F000FFE1
:10BBC800F8F000FFF8F000FFF8F000FFF8F000FFD1
:10BBD800F8F000FFF8F000FFF8F000FFF8F000FFC1
:10BBE800F8F000FFF8F000FFF8F000FFF8F000FFB1
:10BBF800F8F000FFF8F000FFF8F000FFF8F000FFA1
:10BC0800F8F000FFF8F000FFF8F000FFF8F010FF80
:10BC1800F8F010FFF8F000FFF8F000FFF8F000FF70
:10BC2800F8F000FFF8F000FFF8F000FFF8F000FF70
:10BC3800F8F000FFF8F000FFF8F000FFF8F000FF60
:10BC4800F8F000FFF8F000FFF8F000FFF8F000FF50
:10BC5800F8F000FFF8F000FFF8F000FFF8F000FF40
:10BC6800F8F000FFF8F000FFF8F000FFF8F000FF30
:10BC7800F8F000FFF8F000FFF8F000FFF8F000FF20
:10BC8800F8F000FFF8F000FFF8F000FFF8F000FF10
:10BC9800F8F000FFF8F000FFF8F000FFF8F000FF00
:10BCA800F8F000FFF8F000FFF8F000FFF8F000FFF0
:10BCB800F8F000FFF8F000FFF8F000FFF8F000FFE0
:10BCC800F8F000FFF8F000FFF8F000FFF8F000FFD0
:10BCD800F8F000FFF8F000FFF8F000FFF8F000FFC0
:10BCE800F8F000FFF8F000FFF8F000FFF8F000FFB0
:10BCF800F8F000FFF8F000FFF8F000FFF8F000FFA0
:10BD0800F8F000FFF8F000FFF8F000FFF8F000FF8F
:10BD1800F8F000FFF8F000FFF8F000FFF8F000FF7F
:10BD2800F8F000FFF8F000FFF8F000FFF8F000FF6F
:10BD3800F8F000FFF8F000FFF8F000FFF8F000FF5F
:10BD4800F8F000FFF8F000FFF8F000FFF8F000FF4F
:10BD5800F8F000FFF8F000FFF8F000FFF8F000FF3F
:10BD6800F8F000FFF8F000FFF8F000FFF8F000FF2F
:10BD7800F8F000FFF8F000FFF8F000FFF8F000FF1F
:10BD8800F8F000FFF8F000FFF8F000FFF8F000FF0F
:10BD9800F8F000FFF8F000FFF8F000FFF8F018FFE7
:10BDA800F8F018FFF8F000FFF8F000FFF8F000FFD7
:10BDB800F8F000FFF8F000FFF8F000FFF8F000FFDF
:10BDC800F8F000FFF8F000FFF8F000FFF8F000FFCF
:10BDD800F8F000FFF8F000FFF8F000FFF8F000FFBF
:10BDE800F8F000FFF8F000FFF8F000FFF8F000FFAF
:10BDF800F8F000FFF8F000FFF8F000FFF8F000FF9F
:10BE0800F8F000FFF8F000FFF8F000FFF8F000FF8E
:10BE1800F8F000FFF8F000FFF8F000FFF8F000FF7E
:10BE2800F8F000FFF8F000FFF8F000FFF8F000FF6E
:10BE3800F8F000FFF8F000FFF8F000FFF8F000FF5E
:10BE4800F8F000FFF8F000FFF8F000FFF8F000FF4E
:10BE5800F8F000FFF8F000FFF8F000FFF8F000FF3E
:10BE6800F8F000FFF8F000FFF8F000FFF8F000FF2E
:10BE7800F8F000FFF8F000FFF8F000FFF8F000FF1E
:10BE8800F8F000FFF8F000FFF8F000FFF8F000FF0E
:10BE9800F8F000FFF8F000FFF8F000FFF8F000FFFE
:10BEA800F8F000FFF8F000FFF8F000FFF8F000FFEE
:10BEB800F8F000FFF8F000FFF8F000FFF8F000FFDE
:10BEC800F8F000FFF8F000FFF8F000FFF8F000FFCE
:10BED800F8F000FFF8F000FFF8F000FFF8F000FFBE
:10BEE800F8F000FFF8F000FFF8F000FFF8F000FFAE
:10BEF800F8F000FFF8F000FFF8F000FFF8F000FF9E
:10BF0800F8F000FFF8F000FFF8F000FFF8F000FF8D
:10BF1800F8F000FFF8F000FFF8F000FFF8F000FF7D
:10BF2800F8F000FFF8F000FFF8F000FFF8F010FF5D
:10BF3800F8F010FFF8F000FFF8F000FFF8F000FF4D
:10BF4800F8F000FFF8F000FFF8F000FFF8F000FF4D
:10BF5800F8F000FFF8F000FFF8F000FFF8F000FF3D
:10BF6800F8F000FFF8F000FFF8F000FFF8F000FF2D
:10BF7800F8F000FFF8F000FFF8F000FFF8F000FF1D
:10BF8800F8F000FFF8F000FFF8F000FFF8F000FF0D
:10BF9800F8F000FFF8F000FFF8F000FFF8F000FFFD
:10BFA800F8F000FFF8F000FFF8F000FFF8F000FFED
:10BFB800F8F000FFF8F000FFF8F000FFF8F000FFDD
:10BFC800F8F000FFF8F000FFF8F000FFF8F000FFCD
:10BFD800F8F000FFF8F000FFF8F000FFF8F000FFBD
:10BFE800F8F000FFF8F000FFF8F000FFF8F000FFAD
:10BFF800F8F000FFF8F000FFF8F000FFF8F000FF9D
:10C00800F8F000FFF8F000FFF8F000FFF8F000FF8C
:10C01800F8F000FFF8F000FFF8F000FFF8F000FF7C
:10C02800F8F000FFF8F000FFF8F000FFF8F000FF6C
:10C03800F8F000FFF8F000FFF8F000FFF8F000FF5C
:10C04800F8F000FFF8F000FFF8F000FFF8F000FF4C
:10C05800F8F000FFF8F000FFF8F000FFF8F000FF3C
:10C06800F8F000FFF8F000FFF8F000FFF8F000FF2C
:10C07800F8F000FFF8F000FFF8F000FFF8F000FF1C
:10C08800F8F000FFF8F000FFF8F000FFF8F000FF0C
:10C09800F8F000FFF8F000FFF8F000FFF8F000FFFC
:10C0A800F8F000FFF8F000FFF8F000FFF8F000FFEC
:10C0B800F8F000FFF8F000FFF8F000FFF8F018FFC4
:10C0C800F8F010FFF8F000FFF8F000FFF8F000FFBC
:10C0D800F8F000FFF8F000FFF8F000FFF8F000FFBC
:10C0E800F8F000FFF8F000FFF8F000FFF8F000FFAC
:10C0F800F8F000FFF8F000FFF8F000FFF8F000FF9C
:10C10800F8F000FFF8F000FFF8F000FFF8F000FF8B
:10C11800F8F000FFF8F000FFF8F000FFF8F000FF7B
:10C12800F8F000FFF8F000FFF8F000FFF8F000FF6B
:10C13800F8F000FFF8F000FFF8F000FFF8F000FF5B
:10C14800F8F000FFF8F000FFF8F000FFF8F000FF4B
:10C15800F8F000FFF8F000FFF8F000FFF8F000FF3B
:10C16800F8F000FFF8F000FFF8F000FFF8F000FF2B
:10C17800F8F000FFF8F000FFF8F000FFF8F000FF1B
:10C18800F8F000FFF8F000FFF8F000FFF8F000FF0B
:10C19800F8F000FFF8F000FFF8F000FFF8F000FFFB
:10C1A800F8F000FFF8F000FFF8F000FFF8F000FFEB
:10C1B800F8F000FFF8F000FFF8F000FFF8F000FFDB
:10C1C800F8F000FFF8F000FFF8F000FFF8F000FFCB
:10C1D800F8F000FFF8F000FFF8F000FFF8F000FFBB
:10C1E800F8F000FFF8F000FFF8F000FFF8F000FFAB
:10C1F800F8F000FFF8F000FFF8F000FFF8F000FF9B
:10C20800F8F000FFF8F000FFF8F000FFF8F000FF8A
:10C21800F8F000FFF8F000FFF8F000FFF8F000FF7A
:10C22800F8F000FFF8F000FFF8F000FFF8F000FF6A
:10C23800F8F000FFF8F000FFF8F000FFF8F000FF5A
:10C24800F8F000FFF8F000FFF8F000FFF8F018FF32
:10C25800F8F018FFF8F000FFF8F000FFF8F000FF22
:10C26800F8F000FFF8F000FFF8F000FFF8F000FF2A
:10C27800F8F000FFF8F000FFF8F000FFF8F000FF1A
:10C28800F8F000FFF8F000FFF8F000FFF8F000FF0A
:10C29800F8F000FFF8F000FFF8F000FFF8F000FFFA
:10C2A800F8F000FFF8F000FFF8F000FFF8F000FFEA
:10C2B800F8F000FFF8F000FFF8F000FFF8F000FFDA
:10C2C800F8F000FFF8F000FFF8F000FFF8F000FFCA
:10C2D800F8F000FFF8F000FFF8F000FFF8F000FFBA
:10C2E800F8F000FFF8F000FFF8F000FFF8F000FFAA
:10C2F800F8F000FFF8F000FFF8F000FFF8F000FF9A
:10C30800F8F000FFF8F000FFF8F000FFF8F000FF89
:10C31800F8F000FFF8F000FFF8F000FFF8F000FF79
:10C32800F8F000FFF8F000FFF8F000FFF8F000FF69
:10C33800F8F000FFF8F000FFF8F000FFF8F000FF59
:10C34800F8F000FFF8F000FFF8F000FFF8F000FF49
:10C35800F8F000FFF8F000FFF8F000FFF8F000FF39
:10C36800F8F000FFF8F000FFF8F000FFF8F000FF29
:10C37800F8F000FFF8F000FFF8F000FFF8F000FF19
:10C38800F8F000FFF8F000FFF8F000FFF8F000FF09
:10C39800F8F000FFF8F000FFF8F000FFF8F000FFF9
:10C3A800F8F000FFF8F000FFF8F000FFF8F000FFE9
:10C3B800F8F000FFF8F000FFF8F000FFF8F000FFD9
:10C3C800F8F000FFF8F000FFF8F000FFF8F000FFC9
:10C3D800F8F000FFF8F000FFF8F000FFF8F010FFA9
:10C3E800F8F010FFF8F000FFF8F000FFF8F000FF99
:10C3F800F8F000FFF8F000FFF8F000FFF8F000FF99
:10C40800F8F000FFF8F000FFF8F000FFF8F000FF88
:10C41800F8F000FFF8F000FFF8F000FFF8F000FF78
:10C42800F8F000FFF8F000FFF8F000FFF8F000FF68
:10C43800F8F000FFF8F000FFF8F000FFF8F000FF58
:10C44800F8F000FFF8F000FFF8F000FFF8F000FF48
:10C45800F8F000FFF8F000FFF8F000FFF8F000FF38
:10C46800F8F000FFF8F000FFF8F000FFF8F000FF28
:10C47800F8F000FFF8F000FFF8F000FFF8F000FF18
:10C48800F8F000FFF8F000FFF8F000FFF8F000FF08
:10C49800F8F000FFF8F000FFF8F000FFF8F000FFF8
:10C4A800F8F000FFF8F000FFF8F000FFF8F000FFE8
:10C4B800F8F000FFF8F000FFF8F000FFF8F000FFD8
:10C4C800F8F000FFF8F000FFF8F000FFF8F000FFC8
:10C4D800F8F000FFF8F000FFF8F000FFF8F000FFB8
:10C4E800F8F000FFF8F000FFF8F000FFF8F000FFA8
:10C4F800F8F000FFF8F000FFF8F000FFF8F000FF98
:10C50800F8F000FFF8F000FFF8F000FFF8F000FF87
:10C51800F8F000FFF8F000FFF8F000FFF8F000FF77
:10C52800F8F000FFF8F000FFF8F000FFF8F000FF67
:10C53800F8F000FFF8F000FFF8F000FFF8F000FF57
:10C54800F8F000FFF8F000FFF8F000FFF8F000FF47
:10C55800F8F000FFF8F000FFF8F000FFF8F000FF37
:10C56800F8F000FFF8F000FFF8F000FFF8F018FF0F
:10C57800F8F010FFF8F000FFF8F000FFF8F000FF07
:10C58800F8F000FFF8F000FFF8F000FFF8F000FF07
:10C59800F8F000FFF8F000FFF8F000FFF8F000FFF7
:10C5A800F8F000FFF8F000FFF8F000FFF8F000FFE7
:10C5B800F8F000FFF8F000FFF8F000FFF8F000FFD7
:10C5C800F8F000FFF8F000FFF8F000FFF8F000FFC7
:10C5D800F8F000FFF8F000FFF8F000FFF8F000FFB7
:10C5E800F8F000FFF8F000FFF8F000FFF8F000FFA7
:10C5F800F8F000FFF8F000FFF8F000FFF8F000FF97
:10C60800F8F000FFF8F000FFF8F000FFF8F000FF86
:10C61800F8F000FFF8F000FFF8F000FFF8F000FF76
:10C62800F8F000FFF8F000FFF8F000FFF8F000FF66
:10C63800F8F000FFF8F000FFF8F000FFF8F000FF56
:10C64800F8F000FFF8F000FFF8F000FFF8F000FF46
:10C65800F8F000FFF8F000FFF8F000FFF8F000FF36
:10C66800F8F000FFF8F000FFF8F000FFF8F000FF26
:10C67800F8F000FFF8F000FFF8F000FFF8F000FF16
:10C68800F8F000FFF8F000FFF8F000FFF8F000FF06
:10C69800F8F000FFF8F000FFF8F000FFF8F000FFF6
:10C6A800F8F000FFF8F000FFF8F000FFF8F000FFE6
:10C6B800F8F000FFF8F000FFF8F000FFF8F000FFD6
:10C6C800F8F000FFF8F000FFF8F000FFF8F000FFC6
:10C6D800F8F000FFF8F000FFF8F000FFF8F000FFB6
:10C6E800F8F000FFF8F000FFF8F000FFF8F000FFA6
:10C6F800F8F000FFF8F000FFF8F000FFF8F018FF7E
:10C70800F8F018FFF8F000FFF8F000FFF8F000FF6D
:10C71800F8F000FFF8F000FFF8F000FFF8F000FF75
:10C72800F8F000FFF8F000FFF8F000FFF8F000FF65
:10C73800F8F000FFF8F000FFF8F000FFF8F000FF55
:10C74800F8F000FFF8F000FFF8F000FFF8F000FF45
:10C75800F8F000FFF8F000FFF8F000FFF8F000FF35
:10C76800F8F000FFF8F000FFF8F000FFF8F000FF25
:10C77800F8F000FFF8F000FFF8F000FFF8F000FF15
:10C78800F8F000FFF8F000FFF8F000FFF8F000FF05
:10C79800F8F000FFF8F000FFF8F000FFF8F000FFF5
:10C7A800F8F000FFF8F000FFF8F000FFF8F000FFE5
:10C7B800F8F000FFF8F000FFF8F000FFF8F000FFD5
:10C7C800F8F000FFF8F000FFF8F000FFF8F000FFC5
:10C7D800F8F000FFF8F000FFF8F000FFF8F000FFB5
:10C7E800F8F000FFF8F000FFF8F000FFF8F000FFA5
:10C7F800F8F000FFF8F000FFF8F000FFF8F000FF95
:10C80800F8F000FFF8F000FFF8F000FFF8F000FF84
:10C81800F8F000FFF8F000FFF8F000FFF8F000FF74
:10C82800F8F000FFF8F000FFF8F000FFF8F000FF64
:10C83800F8F000FFF8F000FFF8F000FFF8F000FF54
:10C84800F8F000FFF8F000FFF8F000FFF8F000FF44
:10C85800F8F000FFF8F000FFF8F000FFF8F000FF34
:10C86800F8F000FFF8F000FFF8F000FFF8F000FF24
:10C87800F8F000FFF8F000FFF8F000FFF8F000FF14
:10C88800F8F000FFF8F000FFF8F000FFF8F010FFF4
:10C89800F8F010FFF8F000FFF8F000FFF8F000FFE4
:10C8A800F8F000FFF8F000FFF8F000FFF8F000FFE4
:10C8B800F8F000FFF8F000FFF8F000FFF8F000FFD4
:10C8C800F8F000FFF8F000FFF8F000FFF8F000FFC4
:10C8D800F8F000FFF8F000FFF8F000FFF8F000FFB4
:10C8E800F8F000FFF8F000FFF8F000FFF8F000FFA4
:10C8F800F8F000FFF8F000FFF8F000FFF8F000FF94
:10C90800F8F000FFF8F000FFF8F000FFF8F000FF83
:10C91800F8F000FFF8F000FFF8F000FFF8F000FF73
:10C92800F8F000FFF8F000FFF8F000FFF8F000FF63
:10C93800F8F000FFF8F000FFF8F000FFF8F000FF53
:10C94800F8F000FFF8F000FFF8F000FFF8F000FF43
:10C95800F8F000FFF8F000FFF8F000FFF8F000FF33
:10C96800F8F000FFF8F000FFF8F000FFF8F000FF23
:10C97800F8F000FFF8F000FFF8F000FFF8F000FF13
:10C98800F8F000FFF8F000FFF8F000FFF8F000FF03
:10C99800F8F000FFF8F000FFF8F000FFF8F000FFF3
:10C9A800F8F000FFF8F000FFF8F000FFF8F000FFE3
:10C9B800F8F000FFF8F000FFF8F000FFF8F000FFD3
:10C9C800F8F000FFF8F000FFF8F000FFF8F000FFC3
:10C9D800F8F000FFF8F000FFF8F000FFF8F000FFB3
:10C9E800F8F000FFF8F000FFF8F000FFF8F000FFA3
:10C9F800F8F000FFF8F000FFF8F000FFF8F000FF93
:10CA0800F8F000FFF8F000FFF8F000FFF8F000FF82
:10CA1800F8F000FFF8F000FFF8F000FFF8F010FF62
:10CA2800F8F018FFF8F000FFF8F000FFF8F000FF4A
:10CA3800F8F000FFF8F000FFF8F000FFF8F000FF52
:10CA4800F8F000FFF8F000FFF8F000FFF8F000FF42
:10CA5800F8F000FFF8F000FFF8F000FFF8F000FF32
:10CA6800F8F000FFF8F000FFF8F000FFF8F000FF22
:10CA7800F8F000FFF8F000FFF8F000FFF8F000FF12
:10CA8800F8F000FFF8F000FFF8F000FFF8F000FF02
:10CA9800F8F000FFF8F000FFF8F000FFF8F000FFF2
:10CAA800F8F000FFF8F000FFF8F000FFF8F000FFE2
:10CAB800F8F000FFF8F000FFF8F000FFF8F000FFD2
:10CAC800F8F000FFF8F000FFF8F000FFF8F000FFC2
:10CAD800F8F000FFF8F000FFF8F000FFF8F000FFB2
:10CAE800F8F000FFF8F000FFF8F000FFF8F000FFA2
:10CAF800F8F000FFF8F000FFF8F000FFF8F000FF92
:10CB0800F8F000FFF8F000FFF8F000FFF8F000FF81
:10CB1800F8F000FFF8F000FFF8F000FFF8F000FF71
:10CB2800F8F000FFF8F000FFF8F000FFF8F000FF61
:10CB3800F8F000FFF8F000FFF8F000FFF8F000FF51
:10CB4800F8F000FFF8F000FFF8F000FFF8F000FF41
:10CB5800F8F000FFF8F000FFF8F000FFF8F000FF31
:10CB6800F8F000FFF8F000FFF8F000FFF8F000FF21
:10CB7800F8F000FFF8F000FFF8F000FFF8F000FF11
:10CB8800F8F000FFF8F000FFF8F000FFF8F000FF01
:10CB9800F8F000FFF8F000FFF8F000FFF8F000FFF1
:10CBA800F8F000FFF8F000FFF8F000FFF8F018FFC9
:10CBB800F8F010FFF8F000FFF8F000FFF8F000FFC1
:10CBC800F8F000FFF8F000FFF8F000FFF8F000FFC1
:10CBD800F8F000FFF8F000FFF8F000FFF8F000FFB1
:10CBE800F8F000FFF8F000FFF8F000FFF8F000FFA1
:10CBF800F8F000FFF8F000FFF8F000FFF8F000FF91
:10CC0800F8F000FFF8F000FFF8F000FFF8F000FF80
:10CC1800F8F000FFF8F000FFF8F000FFF8F000FF70
:10CC2800F8F000FFF8F000FFF8F000FFF8F000FF60
:10CC3800F8F000FFF8F000FFF8F000FFF8F000FF50
:10CC4800F8F000FFF8F000FFF8F000FFF8F000FF40
:10CC5800F8F000FFF8F000FFF8F000FFF8F000FF30
:10CC6800F8F000FFF8F000FFF8F000FFF8F000FF20
:10CC7800F8F000FFF8F000FFF8F000FFF8F000FF10
:10CC8800F8F000FFF8F000FFF8F000FFF8F000FF00
:10CC9800F8F000FFF8F000FFF8F000FFF8F000FFF0
:10CCA800F8F000FFF8F000FFF8F000FFF8F000FFE0
:10CCB800F8F000FFF8F000FFF8F000FFF8F000FFD0
:10CCC800F8F000FFF8F000FFF8F000FFF8F000FFC0
:10CCD800F8F000FFF8F000FFF8F000FFF8F000FFB0
:10CCE800F8F000FFF8F000FFF8F000FFF8F000FFA0
:10CCF800F8F000FFF8F000FFF8F000FFF8F000FF90
:10CD0800F8F000FFF8F000FFF8F000FFF8F000FF7F
:10CD1800F8F000FFF8F000FFF8F000FFF8F000FF6F
:10CD2800F8F000FFF8F000FFF8F000FFF8F000FF5F
:10CD3800F8F000FFF8F000FFF8F000FFF8F018FF37
:10CD4800F8F010FFF8F000FFF8F000FFF8F000FF2F
:10CD5800F8F000FFF8F000FFF8F000FFF8F000FF2F
:10CD6800F8F000FFF8F000FFF8F000FFF8F000FF1F
:10CD7800F8F000FFF8F000FFF8F000FFF8F000FF0F
:10CD8800F8F000FFF8F000FFF8F000FFF8F000FFFF
:10CD9800F8F000FFF8F000FFF8F000FFF8F000FFEF
:10CDA800F8F000FFF8F000FFF8F000FFF8F000FFDF
:10CDB800F8F000FFF8F000FFF8F000FFF8F000FFCF
:10CDC800F8F000FFF8F000FFF8F000FFF8F000FFBF
:10CDD800F8F000FFF8F000FFF8F000FFF8F000FFAF
:10CDE800F8F000FFF8F000FFF8F000FFF8F000FF9F
:10CDF800F8F000FFF8F000FFF8F000FFF8F000FF8F
:10CE0800F8F000FFF8F000FFF8F000FFF8F000FF7E
:10CE1800F8F000FFF8F000FFF8F000FFF8F000FF6E
:10CE2800F8F000FFF8F000FFF8F000FFF8F000FF5E
:10CE3800F8F000FFF8F000FFF8F000FFF8F000FF4E
:10CE4800F8F000FFF8F000FFF8F000FFF8F000FF3E
:10CE5800F8F000FFF8F000FFF8F000FFF8F000FF2E
:10CE6800F8F000FFF8F000FFF8F000FFF8F000FF1E
:10CE7800F8F000FFF8F000FFF8F000FFF8F000FF0E
:10CE8800F8F000FFF8F000FFF8F000FFF8F000FFFE
:10CE9800F8F000FFF8F000FFF8F000FFF8F000FFEE
:10CEA800F8F000FFF8F000FFF8F000FFF8F000FFDE
:10CEB800F8F000FFF8F000FFF8F000FFF8F000FFCE
:10CEC800F8F000FFF8F000FFF8F000FFF8F010FFAE
:10CED800F8F018FFF8F000FFF8F000FFF8F000FF96
:10CEE800F8F000FFF8F000FFF8F000FFF8F000FF9E
:10CEF800F8F000FFF8F000FFF8F000FFF8F000FF8E
:10CF0800F8F000FFF8F000FFF8F000FFF8F000FF7D
:10CF1800F8F000FFF8F000FFF8F000FFF8F000FF6D
:10CF2800F8F000FFF8F000FFF8F000FFF8F000FF5D
:10CF3800F8F000FFF8F000FFF8F000FFF8F000FF4D
:10CF4800F8F000FFF8F000FFF8F000FFF8F000FF3D
:10CF5800F8F000FFF8F000FFF8F000FFF8F000FF2D
:10CF6800F8F000FFF8F000FFF8F000FFF8F000FF1D
:10CF7800F8F000FFF8F000FFF8F000FFF8F000FF0D
:10CF8800F8F000FFF8F000FFF8F000FFF8F000FFFD
:10CF9800F8F000FFF8F000FFF8F000FFF8F000FFED
:10CFA800F8F000FFF8F000FFF8F000FFF8F000FFDD
:10CFB800F8F000FFF8F000FFF8F000FFF8F000FFCD
:10CFC800F8F000FFF8F000FFF8F000FFF8F000FFBD
:10CFD800F8F000FFF8F000FFF8F000FFF8F000FFAD
:10CFE800F8F000FFF8F000FFF8F000FFF8F000FF9D
:10CFF800F8F000FFF8F000FFF8F000FFF8F000FF8D
:10D00800F8F000FFF8F000FFF8F000FFF8F000FF7C
:10D01800F8F000FFF8F000FFF8F000FFF8F000FF6C
:10D02800F8F000FFF8F000FFF8F000FFF8F000FF5C
:10D03800F8F000FFF8F000FFF8F000FFF8F000FF4C
:10D04800F8F000FFF8F000FFF8F000FFF8F000FF3C
:10D05800F8F000FFF8F000FFF8F000FFF8F018FF14
:10D06800F8F010FFF8F000FFF8F000FFF8F000FF0C
:10D07800F8F000FFF8F000FFF8F000FFF8F000FF0C
:10D08800F8F000FFF8F000FFF8F000FFF8F000FFFC
:10D09800F8F000FFF8F000FFF8F000FFF8F000FFEC
:10D0A800F8F000FFF8F000FFF8F000FFF8F000FFDC
:10D0B800F8F000FFF8F000FFF8F000FFF8F000FFCC
:10D0C800F8F000FFF8F000FFF8F000FFF8F000FFBC
:10D0D800F8F000FFF8F000FFF8F000FFF8F000FFAC
:10D0E800F8F000FFF8F000FFF8F000FFF8F000FF9C
:10D0F800F8F000FFF8F000FFF8F000FFF8F000FF8C
:10D10800F8F000FFF8F000FFF8F000FFF8F000FF7B
:10D11800F8F000FFF8F000FFF8F000FFF8F000FF6B
:10D12800F8F000FFF8F000FFF8F000FFF8F000FF5B
:10D13800F8F000FFF8F000FFF8F000FFF8F000FF4B
:10D14800F8F000FFF8F000FFF8F000FFF8F000FF3B
:10D15800F8F000FFF8F000FFF8F000FFF8F000FF2B
:10D16800F8F000FFF8F000FFF8F000FFF8F000FF1B
:10D17800F8F000FFF8F000FFF8F000FFF8F000FF0B
:10D18800F8F000FFF8F000FFF8F000FFF8F000FFFB
:10D19800F8F000FFF8F000FFF8F000FFF8F000FFEB
:10D1A800F8F000FFF8F000FFF8F000FFF8F000FFDB
:10D1B800F8F000FFF8F000FFF8F000FFF8F000FFCB
:10D1C800F8F000FFF8F000FFF8F000FFF8F000FFBB
:10D1D800F8F000FFF8F000FFF8F000FFF8F000FFAB
:10D1E800F8F000FFF8F000FFF8F000FFF8F010FF8B
:10D1F800F8F018FFF8F000FFF8F000FFF8F000FF73
:10D20800F8F000FFF8F000FFF8F000FFF8F000FF7A
:10D21800F8F000FFF8F000FFF8F000FFF8F000FF6A
:10D22800F8F000FFF8F000FFF8F000FFF8F000FF5A
:10D23800F8F000FFF8F000FFF8F000FFF8F000FF4A
:10D24800F8F000FFF8F000FFF8F000FFF8F000FF3A
:10D25800F8F000FFF8F000FFF8F000FFF8F000FF2A
:10D26800F8F000FFF8F000FFF8F000FFF8F000FF1A
:10D27800F8F000FFF8F000FFF8F000FFF8F000FF0A
:10D28800F8F000FFF8F000FFF8F000FFF8F000FFFA
:10D29800F8F000FFF8F000FFF8F000FFF8F000FFEA
:10D2A800F8F000FFF8F000FFF8F000FFF8F000FFDA
:10D2B800F8F000FFF8F000FFF8F000FFF8F000FFCA
:10D2C800F8F000FFF8F000FFF8F000FFF8F000FFBA
:10D2D800F8F000FFF8F000FFF8F000FFF8F000FFAA
:10D2E800F8F000FFF8F000FFF8F000FFF8F000FF9A
:10D2F800F8F000FFF8F000FFF8F000FFF8F000FF8A
:10D30800F8F000FFF8F000FFF8F000FFF8F000FF79
:10D31800F8F000FFF8F000FFF8F000FFF8F000FF69
:10D32800F8F000FFF8F000FFF8F000FFF8F000FF59
:10D33800F8F000FFF8F000FFF8F000FFF8F000FF49
:10D34800F8F000FFF8F000FFF8F000FFF8F000FF39
:10D35800F8F000FFF8F000FFF8F000FFF8F000FF29
:10D36800F8F000FFF8F000FFF8F000FFF8F000FF19
:10D37800F8F000FFF8F000FFF8F000FFF8F018FFF1
:10D38800F8F010FFF8F000FFF8F000FFF8F000FFE9
:10D39800F8F000FFF8F000FFF8F000FFF8F000FFE9
:10D3A800F8F000FFF8F000FFF8F000FFF8F000FFD9
:10D3B800F8F000FFF8F000FFF8F000FFF8F000FFC9
:10D3C800F8F000FFF8F000FFF8F000FFF8F000FFB9
:10D3D800F8F000FFF8F000FFF8F000FFF8F000FFA9
:10D3E800F8F000FFF8F000FFF8F000FFF8F000FF99
:10D3F800F8F000FFF8F000FFF8F000FFF8F000FF89
:10D40800F8F000FFF8F000FFF8F000FFF8F000FF78
:10D41800F8F000FFF8F000FFF8F000FFF8F000FF68
:10D42800F8F000FFF8F000FFF8F000FFF8F000FF58
:10D43800F8F000FFF8F000FFF8F000FFF8F000FF48
:10D44800F8F000FFF8F000FFF8F000FFF8F000FF38
:10D45800F8F000FFF8F000FFF8F000FFF8F000FF28
:10D46800F8F000FFF8F000FFF8F000FFF8F000FF18
:10D47800F8F000FFF8F000FFF8F000FFF8F000FF08
:10D48800F8F000FFF8F000FFF8F000FFF8F000FFF8
:10D49800F8F000FFF8F000FFF8F000FFF8F000FFE8
:10D4A800F8F000FFF8F000FFF8F000FFF8F000FFD8
:10D4B800F8F000FFF8F000FFF8F000FFF8F000FFC8
:10D4C800F8F000FFF8F000FFF8F000FFF8F000FFB8
:10D4D800F8F000FFF8F000FFF8F000FFF8F000FFA8
:10D4E800F8F000FFF8F000FFF8F000FFF8F000FF98
:10D4F800F8F000FFF8F000FFF8F000FFF8F000FF88
:10D50800F8F000FFF8F000FFF8F000FFF8F010FF67
:10D51800F8F010FFF8F000FFF8F000FFF8F000FF57
:10D52800F8F000FFF8F000FFF8F000FFF8F000FF57
:10D53800F8F000FFF8F000FFF8F000FFF8F000FF47
:10D54800F8F000FFF8F000FFF8F000FFF8F000FF37
:10D55800F8F000FFF8F000FFF8F000FFF8F000FF27
:10D56800F8F000FFF8F000FFF8F000FFF8F000FF17
:10D57800F8F000FFF8F000FFF8F000FFF8F000FF07
:10D58800F8F000FFF8F000FFF8F000FFF8F000FFF7
:10D59800F8F000FFF8F000FFF8F000FFF8F000FFE7
:10D5A800F8F000FFF8F000FFF8F000FFF8F000FFD7
:10D5B800F8F000FFF8F000FFF8F000FFF8F000FFC7
:10D5C800F8F000FFF8F000FFF8F000FFF8F000FFB7
:10D5D800F8F000FFF8F000FFF8F000FFF8F000FFA7
:10D5E800F8F000FFF8F000FFF8F000FFF8F000FF97
:10D5F800F8F000FFF8F000FFF8F000FFF8F000FF87
:10D60800F8F000FFF8F000FFF8F000FFF8F000FF76
:10D61800F8F000FFF8F000FFF8F000FFF8F000FF66
:10D62800F8F000FFF8F000FFF8F000FFF8F000FF56
:10D63800F8F000FFF8F000FFF8F000FFF8F000FF46
:10D64800F8F000FFF8F000FFF8F000FFF8F000FF36
:10D65800F8F000FFF8F000FFF8F000FFF8F000FF26
:10D66800F8F000FFF8F000FFF8F000FFF8F000FF16
:10D67800F8F000FFF8F000FFF8F000FFF8F000FF06
:10D68800F8F000FFF8F000FFF8F000FFF8F000FFF6
:10D69800F8F000FFF8F000FFF8F000FFF8F010FFD6
:10D6A800F8F018FFF8F000FFF8F000FFF8F000FFBE
:10D6B800F8F000FFF8F000FFF8F000FFF8F000FFC6
:10D6C800F8F000FFF8F000FFF8F000FFF8F000FFB6
:10D6D800F8F000FFF8F000FFF8F000FFF8F000FFA6
:10D6E800F8F000FFF8F000FFF8F000FFF8F000FF96
:10D6F800F8F000FFF8F000FFF8F000FFF8F000FF86
:10D70800F8F000FFF8F000FFF8F000FFF8F000FF75
:10D71800F8F000FFF8F000FFF8F000FFF8F000FF65
:10D72800F8F000FFF8F000FFF8F000FFF8F000FF55
:10D73800F8F000FFF8F000FFF8F000FFF8F000FF45
:10D74800F8F000FFF8F000FFF8F000FFF8F000FF35
:10D75800F8F000FFF8F000FFF8F000FFF8F000FF25
:10D76800F8F000FFF8F000FFF8F000FFF8F000FF15
:10D77800F8F000FFF8F000FFF8F000FFF8F000FF05
:10D78800F8F000FFF8F000FFF8F000FFF8F000FFF5
:10D79800F8F000FFF8F000FFF8F000FFF8F000FFE5
:10D7A800F8F000FFF8F000FFF8F000FFF8F000FFD5
:10D7B800F8F000FFF8F000FFF8F000FFF8F000FFC5
:10D7C800F8F000FFF8F000FFF8F000FFF8F000FFB5
:10D7D800F8F000FFF8F000FFF8F000FFF8F000FFA5
:10D7E800F8F000FFF8F000FFF8F000FFF8F000FF95
:10D7F800F8F000FFF8F000FFF8F000FFF8F000FF85
:10D80800F8F000FFF8F000FFF8F000FFF8F000FF74
:10D81800F8F000FFF8F000FFF8F000FFF8F000FF64
:10D82800F8F000FFF8F000FFF8F000FFF8F018FF3C
:10D83800F8F010FFF8F000FFF8F000FFF8F000FF34
:10D84800F8F000FFF8F000FFF8F000FFF8F000FF34
:10D85800F8F000FFF8F000FFF8F000FFF8F000FF24
:10D86800F8F000FFF8F000FFF8F000FFF8F000FF14
:10D87800F8F000FFF8F000FFF8F000FFF8F000FF04
:10D88800F8F000FFF8F000FFF8F000FFF8F000FFF4
:10D89800F8F000FFF8F000FFF8F000FFF8F000FFE4
:10D8A800F8F000FFF8F000FFF8F000FFF8F000FFD4
:10D8B800F8F000FFF8F000FFF8F000FFF8F000FFC4
:10D8C800F8F000FFF8F000FFF8F000FFF8F000FFB4
:10D8D800F8F000FFF8F000FFF8F000FFF8F000FFA4
:10D8E800F8F000FFF8F000FFF8F000FFF8F000FF94
:10D8F800F8F000FFF8F000FFF8F000FFF8F000FF84
:10D90800F8F000FFF8F000FFF8F000FFF8F000FF73
:10D91800F8F000FFF8F000FFF8F000FFF8F000FF63
:10D92800F8F000FFF8F000FFF8F000FFF8F000FF53
:10D93800F8F000FFF8F000FFF8F000FFF8F000FF43
:10D94800F8F000FFF8F000FFF8F000FFF8F000FF33
:10D95800F8F000FFF8F000FFF8F000FFF8F000FF23
:10D96800F8F000FFF8F000FFF8F000FFF8F000FF13
:10D97800F8F000FFF8F000FFF8F000FFF8F000FF03
:10D98800F8F000FFF8F000FFF8F000FFF8F000FFF3
:10D99800F8F000FFF8F000FFF8F000FFF8F000FFE3
:10D9A800F8F000FFF8F000FFF8F000FFF8F000FFD3
:10D9B800F8F000FFF8F000FFF8F000FFF8F018FFAB
:10D9C800F8F018FFF8F000FFF8F000FFF8F000FF9B
:10D9D800F8F000FFF8F000FFF8F000FFF8F000FFA3
:10D9E800F8F000FFF8F000FFF8F000FFF8F000FF93
:10D9F800F8F000FFF8F000FFF8F000FFF8F000FF83
:10DA0800F8F000FFF8F000FFF8F000FFF8F000FF72
:10DA1800F8F000FFF8F000FFF8F000FFF8F000FF62
:10DA2800F8F000FFF8F000FFF8F000FFF8F000FF52
:10DA3800F8F000FFF8F000FFF8F000FFF8F000FF42
:10DA4800F8F000FFF8F000FFF8F000FFF8F000FF32
:10DA5800F8F000FFF8F000FFF8F000FFF8F000FF22
:10DA6800F8F000FFF8F000FFF8F000FFF8F000FF12
:10DA7800F8F000FFF8F000FFF8F000FFF8F000FF02
:10DA8800F8F000FFF8F000FFF8F000FFF8F000FFF2
:10DA9800F8F000FFF8F000FFF8F000FFF8F000FFE2
:10DAA800F8F000FFF8F000FFF8F000FFF8F000FFD2
:10DAB800F8F000FFF8F000FFF8F000FFF8F000FFC2
:10DAC800F8F000FFF8F000FFF8F000FFF8F000FFB2
:10DAD800F8F000FFF8F000FFF8F000FFF8F000FFA2
:10DAE800F8F000FFF8F000FFF8F000FFF8F000FF92
:10DAF800F8F000FFF8F000FFF8F000FFF8F000FF82
:10DB0800F8F000FFF8F000FFF8F000FFF8F000FF71
:10DB1800F8F000FFF8F000FFF8F000FFF8F000FF61
:10DB2800F8F000FFF8F000FFF8F000FFF8F000FF51
:10DB3800F8F000FFF8F000FFF8F000FFF8F000FF41
:10DB4800F8F000FFF8F000FFF8F000FFF8F018FF19
:10DB5800F8F010FFF8F000FFF8F000FFF8F000FF11
:10DB6800F8F000FFF8F000FFF8F000FFF8F000FF11
:10DB7800F8F000FFF8F000FFF8F000FFF8F000FF01
:10DB8800F8F000FFF8F000FFF8F000FFF8F000FFF1
:10DB9800F8F000FFF8F000FFF8F000FFF8F000FFE1
:10DBA800F8F000FFF8F000FFF8F000FFF8F000FFD1
:10DBB800F8F000FFF8F000FFF8F000FFF8F000FFC1
:10DBC800F8F000FFF8F000FFF8F000FFF8F000FFB1
:10DBD800F8F000FFF8F000FFF8F000FFF8F000FFA1
:10DBE800F8F000FFF8F000FFF8F000FFF8F000FF91
:10DBF800F8F000FFF8F000FFF8F000FFF8F000FF81
:10DC0800F8F000FFF8F000FFF8F000FFF8F000FF70
:10DC1800F8F000FFF8F000FFF8F000FFF8F000FF60
:10DC2800F8F000FFF8F000FFF8F000FFF8F000FF50
:10DC3800F8F000FFF8F000FFF8F000FFF8F000FF40
:10DC4800F8F000FFF8F000FFF8F000FFF8F000FF30
:10DC5800F8F000FFF8F000FFF8F000FFF8F000FF20
:10DC6800F8F000FFF8F000FFF8F000FFF8F000FF10
:10DC7800F8F000FFF8F000FFF8F000FFF8F000FF00
:10DC8800F8F000FFF8F000FFF8F000FFF8F000FFF0
:10DC9800F8F000FFF8F000FFF8F000FFF8F000FFE0
:10DCA800F8F000FFF8F000FFF8F000FFF8F000FFD0
:10DCB800F8F000FFF8F000FFF8F000FFF8F000FFC0
:10DCC800F8F000FFF8F000FFF8F000FFF8F000FFB0
:10DCD800F8F000FFF8F000FFF8F000FFF8F010FF90
:10DCE800F8F010FFF8F000FFF8F000FFF8F000FF80
:10DCF800F8F000FFF8F000FFF8F000FFF8F000FF80
:10DD0800F8F000FFF8F000FFF8F000FFF8F000FF6F
:10DD1800F8F000FFF8F000FFF8F000FFF8F000FF5F
:10DD2800F8F000FFF8F000FFF8F000FFF8F000FF4F
:10DD3800F8F000FFF8F000FFF8F000FFF8F000FF3F
:10DD4800F8F000FFF8F000FFF8F000FFF8F000FF2F
:10DD5800F8F000FFF8F000FFF8F000FFF8F000FF1F
:10DD6800F8F000FFF8F000FFF8F000FFF8F000FF0F
:10DD7800F8F000FFF8F000FFF8F000FFF8F000FFFF
:10DD8800F8F000FFF8F000FFF8F000FFF8F000FFEF
:10DD9800F8F000FFF8F000FFF8F000FFF8F000FFDF
:10DDA800F8F000FFF8F000FFF8F000FFF8F000FFCF
:10DDB800F8F000FFF8F000FFF8F000FFF8F000FFBF
:10DDC800F8F000FFF8F000FFF8F000FFF8F000FFAF
:10DDD800F8F000FFF8F000FFF8F000FFF8F000FF9F
:10DDE800F8F000FFF8F000FFF8F000FFF8F000FF8F
:10DDF800F8F000FFF8F000FFF8F000FFF8F000FF7F
:10DE0800F8F000FFF8F000FFF8F000FFF8F000FF6E
:10DE1800F8F000FFF8F000FFF8F000FFF8F000FF5E
:10DE2800F8F000FFF8F000FFF8F000FFF8F000FF4E
:10DE3800F8F000FFF8F000FFF8F000FFF8F000FF3E
:10DE4800F8F000FFF8F000FFF8F000FFF8F000FF2E
:10DE5800F8F000FFF8F000FFF8F000FFF8F000FF1E
:10DE6800F8F000FFF8F000FFF8F000FFF8F018FFF6
:10DE7800F8F018FFF8F000FFF8F000FFF8F000FFE6
:10DE8800F8F000FFF8F000FFF8F000FFF8F000FFEE
:10DE9800F8F000FFF8F000FFF8F000FFF8F000FFDE
:10DEA800F8F000FFF8F000FFF8F000FFF8F000FFCE
:10DEB800F8F000FFF8F000FFF8F000FFF8F000FFBE
:10DEC800F8F000FFF8F000FFF8F000FFF8F000FFAE
:10DED800F8F000FFF8F000FFF8F000FFF8F000FF9E
:10DEE800F8F000FFF8F000FFF8F000FFF8F000FF8E
:10DEF800F8F000FFF8F000FFF8F000FFF8F000FF7E
:10DF0800F8F000FFF8F000FFF8F000FFF8F000FF6D
:10DF1800F8F000FFF8F000FFF8F000FFF8F000FF5D
:10DF2800F8F000FFF8F000FFF8F000FFF8F000FF4D
:10DF3800F8F000FFF8F000FFF8F000FFF8F000FF3D
:10DF4800F8F000FFF8F000FFF8F000FFF8F000FF2D
:10DF5800F8F000FFF8F000FFF8F000FFF8F000FF1D
:10DF6800F8F000FFF8F000FFF8F000FFF8F000FF0D
:10DF7800F8F000FFF8F000FFF8F000FFF8F000FFFD
:10DF8800F8F000FFF8F000FFF8F000FFF8F000FFED
:10DF9800F8F000FFF8F000FFF8F000FFF8F000FFDD
:10DFA800F8F000FFF8F000FFF8F000FFF8F000FFCD
:10DFB800F8F000FFF8F000FFF8F000FFF8F000FFBD
:10DFC800F8F000FFF8F000FFF8F000FFF8F000FFAD
:10DFD800F8F000FFF8F000FFF8F000FFF8F000FF9D
:10DFE800F8F000FFF8F000FFF8F000FFF8F000FF8D
:10DFF800F8F000FFF8F000FFF8F000FFF8F010FF6D
:10E00800E8DC10FFF8F000FFF8F000FFF8F000FF80
:10E01800F8F000FFF8F000FFF8F000FFF8F000FF5C
:10E02800F8F000FFF8F000FFF8F000FFF8F000FF4C
:10E03800F8F000FFF8F000FFF8F000FFF8F000FF3C
:10E04800F8F000FFF8F000FFF8F000FFF8F000FF2C
:10E05800F8F000FFF8F000FFF8F000FFF8F000FF1C
:10E06800F8F000FFF8F000FFF8F000FFF8F000FF0C
:10E07800F8F000FFF8F000FFF8F000FFF8F000FFFC
:10E08800F8F000FFF8F000FFF8F000FFF8F000FFEC
:10E09800F8F000FFF8F000FFF8F000FFF8F000FFDC
:10E0A800F8F000FFF8F000FFF8F000FFF8F000FFCC
:10E0B800F8F000FFF8F000FFF8F000FFF8F000FFBC
:10E0C800F8F000FFF8F000FFF8F000FFF8F000FFAC
:10E0D800F8F000FFF8F000FFF8F000FFF8F000FF9C
:10E0E800F8F000FFF8F000FFF8F000FFF8F000FF8C
:10E0F800F8F000FFF8F000FFF8F000FFF8F000FF7C
:10E10800F8F000FFF8F000FFF8F000FFF8F000FF6B
:10E11800F8F000FFF8F000FFF8F000FFF8F000FF5B
:10E12800F8F000FFF8F000FFF8F000FFF8F000FF4B
:10E13800F8F000FFF8F000FFF8F000FFF8F000FF3B
:10E14800F8F000FFF8F000FFF8F000FFF8F000FF2B
:10E15800F8F000FFF8F000FFF8F000FFF8F000FF1B
:10E16800F8F000FFF8F000FFF8F000FFF8F000FF0B
:10E17800F8F000FFF8F000FFF8F000FFF8F000FFFB
:10E18800F8F000FFF8F000FFF8F000FFE8E010FFFB
:10E19800D0C410EFE8DC00FFF8EC00FFF8F000FF57
:10E1A800F8F000FFF8F000FFF8F000FFF8F000FFCB
:10E1B800F8F000FFF8F000FFF8F000FFF8F000FFBB
:10E1C800F8F000FFF8F000FFF8F000FFF8F000FFAB
:10E1D800F8F000FFF8F000FFF8F000FFF8F000FF9B
:10E1E800F8F000FFF8F000FFF8F000FFF8F000FF8B
:10E1F800F8F000FFF8F000FFF8F000FFF8F000FF7B
:10E20800F8F000FFF8F000FFF8F000FFF8F000FF6A
:10E21800F8F000FFF8F000FFF8F000FFF8F000FF5A
:10E22800F8F000FFF8F000FFF8F000FFF8F000FF4A
:10E23800F8F000FFF8F000FFF8F000FFF8F000FF3A
:10E24800F8F000FFF8F000FFF8F000FFF8F000FF2A
:10E25800F8F000FFF8F000FFF8F000FFF8F000FF1A
:10E26800F8F000FFF8F000FFF8F000FFF8F000FF0A
:10E27800F8F000FFF8F000FFF8F000FFF8F000FFFA
:10E28800F8F000FFF8F000FFF8F000FFF8F000FFEA
:10E29800F8F000FFF8F000FFF8F000FFF8F000FFDA
:10E2A800F8F000FFF8F000FFF8F000FFF8F000FFCA
:10E2B800F8F000FFF8F000FFF8F000FFF8F000FFBA
:10E2C800F8F000FFF8F000FFF8F000FFF8F000FFAA
:10E2D800F8F000FFF8F000FFF8F000FFF8F000FF9A
:10E2E800F8F000FFF8F000FFF8F000FFF8F000FF8A
:10E2F800F8F000FFF8F000FFF8F000FFF8F000FF7A
:10E30800F8F000FFF8F000FFF8F000FFF8F000FF69
:10E31800F8F000FFF8EC00FFE8DC00FFD0C410EFD5
:10E32800D0C8007DD0C400FFD0C400FFD0C800FF13
:10E33800D0C400FFD0C400FFD0C400FFD0C400FF89
:10E34800D0C400FFD0C400FFD0C400FFD0C400FF79
:10E35800D0C400FFD0C400FFD0C400FFD0C400FF69
:10E36800D0C400FFD0C400FFD0C400FFD0C400FF59
:10E37800D0C400FFD0C400FFD0C400FFD0C400FF49
:10E38800D0C400FFD0C400FFD0C400FFD0C400FF39
:10E39800D0C400FFD0C400FFD0C400FFD0C400FF29
:10E3A800D0C400FFD0C400FFD0C400FFD0C400FF19
:10E3B800D0C400FFD0C400FFD0C400FFD0C400FF09
:10E3C800D0C400FFD0C400FFD0C400FFD0C400FFF9
:10E3D800D0C400FFD0C400FFD0C400FFD0C400FFE9
:10E3E800D0C400FFD0C400FFD0C400FFD0C400FFD9
:10E3F800D0C400FFD0C400FFD0C400FFD0C400FFC9
:10E40800D0C400FFD0C400FFD0C400FFD0C400FFB8
:10E41800D0C400FFD0C400FFD0C400FFD0C400FFA8
:10E42800D0C400FFD0C400FFD0C400FFD0C400FF98
:10E43800D0C400FFD0C400FFD0C400FFD0C400FF88
:10E44800D0C400FFD0C400FFD0C400FFD0C400FF78
:10E45800D0C400FFD0C400FFD0C400FFD0C400FF68
:10E46800D0C400FFD0C400FFD0C400FFD0C400FF58
:10E47800D0C400FFD0C400FFD0C400FFD0C400FF48
:10E48800D0C400FFD0C400FFD0C400FFD0C400FF38
:10E49800D0C400FFD0C400FFD0C400FFD0C400FF28
:10E4A800D0C400FFD0C400FFD0C400FFD0C8088E7D
:10E4B80000000000D0C8008ED0C400EFD0C400FF18
:10E4C800D0C400FFD0C800FFD0C400FFD0C800FFF0
:10E4D800D0C800FFD0C400FFD0C800FFD0C800FFDC
:10E4E800D0C400FFD0C800FFD0C400FFD0C800FFD0
:10E4F800D0C400FFD0C800FFD0C400FFD0C800FFC0
:10E50800D0C400FFD0C800FFD0C400FFD0C800FFAF
:10E51800D0C400FFD0C800FFD0C400FFD0C800FF9F
:10E52800D0C400FFD0C800FFD0C400FFD0C800FF8F
:10E53800D0C400FFD0C800FFD0C400FFD0C800FF7F
:10E54800D0C400FFD0C800FFD0C400FFD0C800FF6F
:10E55800D0C400FFD0C800FFD0C400FFD0C800FF5F
:10E56800D0C400FFD0C800FFD0C400FFD0C800FF4F
:10E57800D0C400FFD0C800FFD0C400FFD0C800FF3F
:10E58800D0C400FFD0C800FFD0C400FFD0C800FF2F
:10E59800D0C400FFD0C800FFD0C400FFD0C800FF1F
:10E5A800D0C400FFD0C800FFD0C400FFD0C800FF0F
:10E5B800D0C400FFD0C800FFD0C400FFD0C800FFFF
:10E5C800D0C400FFD0C800FFD0C400FFD0C800FFEF
:10E5D800D0C400FFD0C800FFD0C400FFD0C800FFDF
:10E5E800D0C400FFD0C800FFD0C400FFD0C800FFCF
:10E5F800D0C400FFD0C800FFD0C400FFD0C800FFBF
:10E60800D0C400FFD0C800FFD0C400FFD0C800FFAE
:10E61800D0C400FFD0C800FFD0C400FFD0C800FF9E
:10E62800D0C400FFD0C800FFD0C400FFD0C800FF8E
:10E63800D0C400FFD0C400EFD0C4007D00000000AB
:08E64800A81BFD7F010000008A
:10E65000D50100083D120008313F00080DEE00080A
:04E66000DD040108CC
:08E66400B10100081D130008BC
:10E66C00000000005A000000444D02080010000099
:10E67C0000300000AC430208000000000000000065
:10E68C00000000000000000000000000010000007D
:10E69C004B450008DD4700083F450008454500088C
:10E6AC00000000000000000000000000000000005E
:10E6BC000000000000000000354500083945000846
:10E6CC000000000000000000B148000817480008D6
:10E6DC00EF470008CF4900083B4800087348000882
:10E6EC003B490008A94900089949000875490008E8
:10E6FC000024F4000100000010000000AAAAAAAA3D
:10E70C00E80300007C59020898590208E8590208ED
:10E71C00FC590208105A0208245A02089C5A020892
:10E72C00005B0208605A0208B05A0208745A0208C8
:10E73C00C45A0208145B0208785B0208385A0208B3
:10E74C004C5A02088C5B0208DC5B02083C5B02083A
:10E75C00A05B0208505B0208B45B0208885A0208EE
:10E76C00D85A0208F05B0208045C0208EC5A020852
:10E77C00285B0208645B0208C85B0208212E0208B1
:10E78C000000000003000000B03F01203001002019
:10E79C0000000000B03F0120184001208040012003
:10E7AC00000000000000000000000000000000005D
:10E7BC00000000000000000000000000000000004D
:10E7CC00000000000000000000000000000000003D
:10E7DC00000000000000000000000000F1400120DB
:10E7EC00000000000000000000000000000000001D
:10E7FC00000000000000000000000000000000000D
:10E80C0000000000000000000000000000000000FC
:10E81C0000000000000000000000000000000000EC
:10E82C0000000000000000000000000000000000DC
:10E83C0000000000000000000000000000000000CC
:10E84C0000000000000000000000000000000000BC
:10E85C0000000000000000000000000000000000AC
:10E86C00000000000000000000000000000000009C
:10E87C00000000000000000000000000000000008C
:10E88C00000000000000000000000000000000007C
:10E89C00000000000000000000000000000000006C
:10E8AC00000000000000000000000000000000005C
:10E8BC00000000000000000000000000000000004C
:10E8CC00000000000000000000000000000000003C
:10E8DC00000000000000000000000000000000002C
:10E8EC00000000000000000000000000000000001C
:10E8FC00000000000000000000000000000000000C
:10E90C0000000000000000000000000000000000FB
:10E91C0000000000000000000000000000000000EB
:10E92C0000000000000000000000000000000000DB
:10E93C0000000000000000000000000000000000CB
:10E94C0000000000000000000000000000000000BB
:10E95C0000000000000000000000000000000000AB
:10E96C00000000000000000000000000000000009B
:10E97C00000000000000000000000000000000008B
:10E98C00000000000000000000000000000000007B
:10E99C00000000000000000000000000000000006B
:10E9AC00000000000000000000000000000000005B
:10E9BC00000000000000000000000000000000004B
:10E9CC00000000000000000000000000000000003B
:10E9DC00000000000000000000000000000000002B
:040000050800065D8C
:00000001FF
